event_index,n_gen_triplet,leading_truth_triplet_slot,m_jet1jet2,m_jet2jet3
0,0,,,
1,0,,,
2,1,0,111.564228,73.6914739
3,0,,,
4,0,,,
5,0,,,
6,0,,,
7,0,,,
8,1,0,58.8538579,76.6086456
9,1,1,124.463157,86.0687728
10,1,0,125.209739,82.8439302
11,1,0,97.7759783,71.824767
12,0,,,
13,1,0,131.571367,69.2979646
14,1,1,77.4434579,67.5267775
15,0,,,
16,1,0,90.246257,116.532175
17,1,1,113.248701,106.930091
18,0,,,
19,1,0,78.8993221,61.7205401
20,1,1,92.4573506,89.7128637
21,0,,,
22,0,,,
23,0,,,
24,1,1,131.753289,80.7497144
25,0,,,
26,2,0,91.6352754,78.5876872
27,0,,,
28,0,,,
29,0,,,
30,1,1,58.3766172,56.6434183
31,2,0,77.7616499,55.1153851
32,0,,,
33,1,0,73.3690505,61.2496288
34,1,0,125.333604,97.0983506
35,1,1,75.3223078,51.74436
36,1,1,113.096408,75.5947298
37,0,,,
38,1,0,157.727394,98.4593549
39,1,1,131.127753,68.3952808
40,0,,,
41,0,,,
42,0,,,
43,0,,,
44,0,,,
45,1,0,76.9043491,88.7015697
46,0,,,
47,0,,,
48,0,,,
49,1,1,103.20579,81.104878
50,0,,,
51,1,1,120.843896,102.821069
52,1,1,112.350549,78.3934902
53,0,,,
54,0,,,
55,0,,,
56,0,,,
57,0,,,
58,1,1,115.03876,56.0508639
59,1,1,78.4688034,90.4502421
60,0,,,
61,0,,,
62,1,0,118.471569,73.9031682
63,1,1,138.052007,68.696139
64,1,1,97.639057,76.8241673
65,1,0,81.6643906,42.7696784
66,0,,,
67,0,,,
68,0,,,
69,1,1,80.2787907,98.9233042
70,0,,,
71,0,,,
72,1,0,130.952472,75.2716094
73,1,0,147.590395,75.2161297
74,0,,,
75,1,1,58.4638581,92.860711
76,1,1,48.3555401,62.4010972
77,1,0,110.003118,66.7050763
78,1,0,80.2616661,116.566723
79,0,,,
80,0,,,
81,1,1,75.6971685,79.1246542
82,0,,,
83,1,0,76.3394519,111.810412
84,0,,,
85,1,1,78.978833,99.9120217
86,1,0,104.069796,110.438661
87,0,,,
88,2,1,82.121469,127.741084
89,0,,,
90,2,1,143.193078,98.9845304
91,1,1,423.615542,55.7784196
92,0,,,
93,0,,,
94,0,,,
95,0,,,
96,0,,,
97,1,1,128.756625,70.1324316
98,0,,,
99,0,,,
100,0,,,
101,0,,,
102,0,,,
103,0,,,
104,0,,,
105,1,0,268.304656,86.6273977
106,0,,,
107,2,1,97.4222371,72.4980207
108,0,,,
109,0,,,
110,1,1,135.88728,83.5894026
111,1,1,204.650802,117.123537
112,1,1,78.8988609,97.9335208
113,1,0,92.8066367,97.2929607
114,1,0,88.7015739,88.0458006
115,1,0,79.5607792,80.033358
116,0,,,
117,1,0,135.044699,76.9444093
118,0,,,
119,0,,,
120,2,1,112.90353,66.1995025
121,1,1,73.8813691,111.54312
122,2,1,77.925316,75.0950467
123,1,1,73.2474504,159.161229
124,0,,,
125,0,,,
126,1,0,125.653801,61.1302634
127,0,,,
128,0,,,
129,0,,,
130,0,,,
131,0,,,
132,1,1,90.3915517,106.849288
133,1,1,84.0000081,79.6537854
134,0,,,
135,0,,,
136,0,,,
137,0,,,
138,0,,,
139,0,,,
140,1,1,82.6519248,78.7081769
141,0,,,
142,1,0,85.138478,88.8677352
143,0,,,
144,2,1,83.8546345,104.339295
145,0,,,
146,1,0,107.375915,85.0803493
147,1,1,127.81923,67.6283693
148,1,0,116.095205,57.6494501
149,1,0,102.591151,65.8512262
150,0,,,
151,1,0,87.3399579,80.8727263
152,0,,,
153,0,,,
154,1,0,136.601678,67.8163439
155,1,1,112.574672,102.952823
156,0,,,
157,0,,,
158,1,1,106.236089,80.1832722
159,0,,,
160,0,,,
161,0,,,
162,0,,,
163,1,0,131.930393,78.0280146
164,1,0,57.1047413,77.4209307
165,1,0,73.2098375,82.5811554
166,1,0,65.9656348,82.5203111
167,0,,,
168,0,,,
169,1,1,147.118021,128.310068
170,0,,,
171,0,,,
172,0,,,
173,1,1,147.191635,59.8470544
174,0,,,
175,0,,,
176,1,1,136.653111,89.506886
177,0,,,
178,1,0,101.714736,80.5828356
179,0,,,
180,1,0,172.879744,95.8956126
181,1,0,83.3625014,126.442223
182,1,1,96.4089902,45.7313898
183,0,,,
184,0,,,
185,0,,,
186,0,,,
187,0,,,
188,1,0,145.331769,57.9485129
189,0,,,
190,0,,,
191,1,1,83.8797147,90.3047709
192,1,1,176.906991,118.484298
193,0,,,
194,1,0,104.79889,153.009224
195,0,,,
196,1,0,139.57411,74.4188961
197,0,,,
198,0,,,
199,1,0,102.284937,95.5654188
200,0,,,
201,0,,,
202,0,,,
203,0,,,
204,1,0,87.6514466,72.518253
205,1,1,77.0027047,67.455476
206,0,,,
207,1,1,106.913922,65.296822
208,0,,,
209,0,,,
210,0,,,
211,1,0,106.796739,48.3513271
212,0,,,
213,1,0,110.630996,90.5564968
214,1,0,108.189378,78.3004788
215,0,,,
216,1,1,134.811378,47.8363121
217,0,,,
218,0,,,
219,2,0,84.9811335,81.9175328
220,1,1,122.365776,76.5575898
221,0,,,
222,1,0,83.3482802,92.784332
223,1,0,99.370018,109.209553
224,0,,,
225,1,0,104.443979,81.8952303
226,0,,,
227,0,,,
228,1,0,130.2465,81.6187722
229,1,1,130.013219,82.0221753
230,1,0,121.607756,120.746798
231,0,,,
232,0,,,
233,0,,,
234,0,,,
235,1,1,92.9933733,77.9170952
236,1,1,72.6990163,77.6223183
237,0,,,
238,2,0,94.1122418,61.8380121
239,0,,,
240,0,,,
241,1,0,101.363745,76.0225701
242,0,,,
243,1,1,80.2729132,110.145555
244,1,0,120.868975,141.405526
245,1,1,110.069663,76.2140417
246,1,1,89.9140862,71.2713395
247,1,1,80.737989,107.331165
248,1,1,140.139177,64.4873879
249,0,,,
250,1,0,116.301603,73.8239815
251,0,,,
252,0,,,
253,0,,,
254,0,,,
255,0,,,
256,1,1,140.305386,75.9936582
257,0,,,
258,0,,,
259,0,,,
260,0,,,
261,0,,,
262,0,,,
263,0,,,
264,0,,,
265,0,,,
266,0,,,
267,0,,,
268,1,1,152.17617,98.7958996
269,0,,,
270,1,0,114.983253,73.5897007
271,0,,,
272,0,,,
273,0,,,
274,0,,,
275,0,,,
276,1,0,90.6971221,71.8739361
277,0,,,
278,1,1,140.426963,81.750678
279,1,0,106.430108,97.9543875
280,2,0,163.312041,44.2846762
281,0,,,
282,1,0,82.2322466,74.1655616
283,0,,,
284,0,,,
285,0,,,
286,0,,,
287,1,0,74.7859317,91.8076267
288,1,1,83.0631517,56.7461997
289,0,,,
290,0,,,
291,0,,,
292,0,,,
293,0,,,
294,0,,,
295,0,,,
296,0,,,
297,0,,,
298,1,0,80.9805933,72.2448103
299,0,,,
300,0,,,
301,0,,,
302,1,1,89.7233714,77.9670107
303,1,1,80.5591484,99.5005834
304,0,,,
305,1,0,80.4568227,158.75523
306,0,,,
307,1,1,113.051906,100.272911
308,0,,,
309,0,,,
310,0,,,
311,0,,,
312,1,0,125.527117,75.3286079
313,0,,,
314,1,0,113.254572,58.6972628
315,0,,,
316,1,0,112.811341,36.9569543
317,0,,,
318,0,,,
319,0,,,
320,1,1,119.296869,76.2615621
321,1,1,84.4021256,104.720263
322,1,0,87.1859216,77.6515543
323,1,1,79.4482195,114.862071
324,1,0,39.3696923,103.311396
325,0,,,
326,0,,,
327,0,,,
328,1,1,80.4422572,86.5521996
329,0,,,
330,0,,,
331,1,1,89.474081,108.035382
332,0,,,
333,0,,,
334,1,1,98.1813936,70.3584651
335,1,0,124.428724,79.2050994
336,1,1,106.451961,75.2944164
337,0,,,
338,0,,,
339,2,1,159.750104,119.646243
340,1,1,77.962461,120.791644
341,0,,,
342,0,,,
343,1,1,112.310033,69.9635248
344,1,1,357.139571,57.0451678
345,0,,,
346,2,1,59.6475206,73.4456447
347,0,,,
348,1,0,75.9522973,99.2853772
349,0,,,
350,0,,,
351,0,,,
352,0,,,
353,1,1,116.919618,85.2526787
354,0,,,
355,0,,,
356,0,,,
357,0,,,
358,0,,,
359,0,,,
360,1,0,132.747297,79.5590391
361,0,,,
362,1,0,77.2245454,87.6648157
363,1,0,66.1524988,107.217981
364,0,,,
365,0,,,
366,1,1,63.8690699,63.3066183
367,1,0,95.3259629,69.3600735
368,0,,,
369,0,,,
370,0,,,
371,0,,,
372,0,,,
373,0,,,
374,0,,,
375,1,0,104.83902,80.8432639
376,0,,,
377,0,,,
378,0,,,
379,0,,,
380,1,0,133.604982,90.6037954
381,0,,,
382,0,,,
383,1,1,229.32628,307.767194
384,0,,,
385,0,,,
386,0,,,
387,0,,,
388,0,,,
389,1,0,94.6073052,114.843593
390,0,,,
391,2,1,85.0714872,50.7027149
392,0,,,
393,1,0,80.0011897,115.458637
394,1,0,78.4972003,93.5369021
395,1,0,130.230143,55.4315332
396,1,1,79.2326175,73.8282181
397,0,,,
398,0,,,
399,0,,,
400,1,1,104.163028,71.0891313
401,1,0,80.2150962,96.4035999
402,1,1,103.015655,32.8651325
403,1,1,91.0726522,54.1763779
404,0,,,
405,0,,,
406,0,,,
407,0,,,
408,1,1,116.055238,77.218156
409,1,1,82.3464112,71.4858572
410,1,0,85.490054,101.581039
411,1,1,108.172364,32.5179439
412,0,,,
413,1,1,71.315646,73.7586546
414,0,,,
415,2,1,108.037428,73.1581648
416,1,0,107.153955,77.1175002
417,1,1,127.681461,81.3273264
418,0,,,
419,0,,,
420,1,0,74.9166228,114.170757
421,1,1,162.686712,70.8119317
422,0,,,
423,0,,,
424,0,,,
425,0,,,
426,1,0,151.194221,73.9440103
427,1,1,82.2413118,65.9350321
428,1,1,94.0128276,104.940496
429,0,,,
430,1,0,66.2919767,76.6611253
431,0,,,
432,0,,,
433,2,0,112.895773,68.4363081
434,1,1,127.929227,64.1126112
435,1,0,106.45067,65.3204526
436,0,,,
437,1,1,106.867067,84.7258163
438,1,0,48.045325,62.9365929
439,1,0,88.5628236,81.759957
440,0,,,
441,0,,,
442,0,,,
443,1,0,86.2454409,56.0759914
444,2,0,120.813547,106.067398
445,2,0,113.20498,70.2708167
446,0,,,
447,0,,,
448,0,,,
449,0,,,
450,1,0,51.1304424,76.1930464
451,0,,,
452,0,,,
453,0,,,
454,0,,,
455,0,,,
456,0,,,
457,1,0,75.0351773,95.2889454
458,1,0,63.2327841,109.579685
459,1,1,109.141784,92.2228089
460,1,0,123.764402,89.8402585
461,1,1,78.3668268,80.6442736
462,0,,,
463,1,1,93.8404799,117.02277
464,0,,,
465,1,1,73.6880531,74.0127593
466,2,0,105.597732,75.231468
467,0,,,
468,1,0,51.8333886,81.505523
469,0,,,
470,1,0,131.238291,117.086107
471,0,,,
472,0,,,
473,0,,,
474,0,,,
475,0,,,
476,1,0,175.891442,89.1965873
477,1,0,119.679726,76.4747798
478,1,0,115.404089,71.2787273
479,1,0,90.1634078,63.106222
480,0,,,
481,0,,,
482,0,,,
483,0,,,
484,1,1,93.6980602,67.8400157
485,0,,,
486,0,,,
487,0,,,
488,0,,,
489,1,0,108.165937,81.3288684
490,0,,,
491,1,0,53.7161032,73.0968459
492,0,,,
493,0,,,
494,0,,,
495,0,,,
496,1,0,132.407135,77.8877086
497,0,,,
498,0,,,
499,0,,,
500,1,0,81.7335427,78.3468107
501,0,,,
502,1,1,66.4698279,113.459331
503,0,,,
504,1,0,198.774232,73.7758632
505,0,,,
506,0,,,
507,0,,,
508,0,,,
509,0,,,
510,1,0,77.4620424,72.281963
511,0,,,
512,1,1,117.555768,82.1657323
513,0,,,
514,2,1,91.2890811,70.9072204
515,0,,,
516,0,,,
517,0,,,
518,0,,,
519,0,,,
520,1,1,86.39573,86.4196804
521,1,1,91.6616151,81.7782101
522,0,,,
523,0,,,
524,0,,,
525,0,,,
526,1,1,107.869083,58.9079519
527,0,,,
528,0,,,
529,0,,,
530,0,,,
531,0,,,
532,0,,,
533,1,1,139.937462,73.0318154
534,0,,,
535,1,1,102.282769,110.000476
536,0,,,
537,0,,,
538,1,0,103.050218,82.1209591
539,1,1,60.9250274,67.5867572
540,1,1,140.907722,67.4751958
541,0,,,
542,0,,,
543,1,0,117.493623,48.5102896
544,1,1,159.040865,96.8068673
545,0,,,
546,1,1,97.421994,115.301987
547,1,1,94.6290632,68.9747435
548,1,0,146.139548,61.0595676
549,1,0,183.486082,136.619478
550,0,,,
551,0,,,
552,0,,,
553,1,1,106.073456,70.8946344
554,0,,,
555,0,,,
556,1,1,111.462662,89.6621172
557,1,1,127.489321,54.93377
558,1,1,89.2872518,75.847575
559,1,1,112.151019,105.162882
560,0,,,
561,0,,,
562,1,0,118.638982,70.8992992
563,0,,,
564,0,,,
565,0,,,
566,2,1,102.341677,68.0103612
567,1,1,83.6741478,80.8892529
568,1,0,98.0864518,106.384834
569,0,,,
570,1,1,146.517863,29.9076815
571,0,,,
572,1,1,137.285522,94.3312923
573,0,,,
574,0,,,
575,1,0,119.639933,67.9699457
576,1,1,63.4232753,54.1971737
577,0,,,
578,0,,,
579,0,,,
580,1,0,115.534315,68.2120262
581,1,0,116.907703,90.7247667
582,0,,,
583,0,,,
584,0,,,
585,0,,,
586,0,,,
587,0,,,
588,1,1,98.5295424,78.0642506
589,0,,,
590,1,0,79.8552283,84.2531057
591,0,,,
592,2,1,89.2682438,63.858416
593,1,0,96.8014677,76.2263693
594,0,,,
595,0,,,
596,0,,,
597,2,1,115.449913,74.2874252
598,1,1,111.597546,45.8869471
599,1,1,120.579924,64.1123521
600,0,,,
601,0,,,
602,0,,,
603,1,0,80.71136,59.1150404
604,0,,,
605,1,0,103.643652,73.1544579
606,0,,,
607,0,,,
608,1,0,71.721151,83.3055323
609,0,,,
610,1,1,105.289537,70.2113381
611,0,,,
612,2,1,129.229124,72.5758616
613,0,,,
614,0,,,
615,2,0,57.0328905,79.4632073
616,0,,,
617,0,,,
618,0,,,
619,0,,,
620,0,,,
621,0,,,
622,2,1,69.6582635,97.8243749
623,0,,,
624,0,,,
625,0,,,
626,0,,,
627,0,,,
628,0,,,
629,0,,,
630,1,0,53.0121374,78.457835
631,0,,,
632,0,,,
633,0,,,
634,0,,,
635,1,0,76.7176135,45.4573313
636,0,,,
637,1,0,84.9762052,108.086633
638,0,,,
639,0,,,
640,0,,,
641,0,,,
642,1,1,112.05104,33.5430182
643,0,,,
644,1,1,132.241896,78.938578
645,0,,,
646,0,,,
647,2,0,103.951646,116.906725
648,2,1,126.217411,113.679699
649,1,0,84.3926863,114.061873
650,1,1,65.3357231,88.3667542
651,1,1,46.4321797,94.5900842
652,0,,,
653,0,,,
654,0,,,
655,1,0,100.891139,81.3807742
656,1,0,135.919098,111.248014
657,0,,,
658,0,,,
659,0,,,
660,1,1,92.3782238,82.928171
661,2,0,115.331828,79.7209616
662,1,1,60.5400409,99.1372869
663,0,,,
664,0,,,
665,1,0,124.096162,44.3540283
666,1,1,107.512071,79.9412806
667,1,1,118.207115,76.4267093
668,0,,,
669,2,1,111.005784,95.8201866
670,1,0,129.199365,88.1997652
671,0,,,
672,1,0,88.234677,73.7866182
673,1,0,61.6971459,126.450688
674,0,,,
675,1,1,90.1776338,115.524065
676,0,,,
677,0,,,
678,0,,,
679,0,,,
680,0,,,
681,0,,,
682,0,,,
683,0,,,
684,1,1,74.0930194,92.0706147
685,1,1,126.268636,75.8696935
686,1,1,158.380766,142.3193
687,2,0,77.9142377,59.756409
688,1,1,112.540245,88.0757852
689,1,1,154.309116,77.4792711
690,1,1,56.8574876,80.1305561
691,0,,,
692,0,,,
693,0,,,
694,1,1,85.9487001,112.649192
695,0,,,
696,0,,,
697,1,0,132.89834,68.7780723
698,1,1,82.4486838,100.444818
699,1,0,63.3538659,86.5950996
700,0,,,
701,0,,,
702,0,,,
703,0,,,
704,1,0,108.679716,81.3664978
705,0,,,
706,0,,,
707,1,0,93.1496281,86.3842313
708,0,,,
709,2,1,116.210553,91.8370296
710,0,,,
711,1,1,103.534724,103.679536
712,0,,,
713,0,,,
714,2,0,125.567277,79.8272685
715,0,,,
716,0,,,
717,0,,,
718,0,,,
719,0,,,
720,1,1,125.622767,84.5962352
721,0,,,
722,1,1,107.18583,70.9918418
723,1,1,110.905783,79.5249376
724,1,0,67.980512,76.4198179
725,1,0,79.3790892,46.9120221
726,2,1,73.2421597,77.8311755
727,0,,,
728,0,,,
729,0,,,
730,0,,,
731,1,0,111.075721,73.9221218
732,0,,,
733,0,,,
734,0,,,
735,1,1,102.935257,90.2575993
736,0,,,
737,0,,,
738,0,,,
739,1,1,91.1228083,102.052362
740,0,,,
741,0,,,
742,1,0,84.3425918,72.1477993
743,0,,,
744,1,0,106.547007,84.2948779
745,1,1,68.9313228,45.1493968
746,0,,,
747,0,,,
748,1,0,79.0223391,86.2966172
749,0,,,
750,2,0,120.763091,75.3019446
751,1,0,136.131952,88.5257745
752,0,,,
753,1,1,91.5643928,74.3537022
754,1,0,125.724188,70.732901
755,0,,,
756,0,,,
757,0,,,
758,1,1,82.2546644,123.690719
759,0,,,
760,0,,,
761,1,1,181.523354,78.8287639
762,0,,,
763,0,,,
764,0,,,
765,1,0,154.742964,88.5286466
766,1,1,456.863085,51.2488239
767,1,0,133.144181,79.7647587
768,0,,,
769,0,,,
770,0,,,
771,0,,,
772,0,,,
773,1,1,87.2832122,98.8884217
774,1,1,111.022811,90.3714559
775,1,1,113.392282,204.62688
776,0,,,
777,1,1,87.7917498,68.2522397
778,1,0,92.1467391,139.255652
779,0,,,
780,1,0,112.243908,27.370421
781,0,,,
782,1,1,108.89131,72.2158571
783,0,,,
784,1,1,114.084583,78.8401217
785,0,,,
786,0,,,
787,0,,,
788,0,,,
789,1,1,105.810931,79.1060449
790,0,,,
791,0,,,
792,1,1,116.809813,91.3619715
793,1,0,46.2704774,68.0650627
794,1,1,171.241788,135.065852
795,0,,,
796,0,,,
797,0,,,
798,1,1,66.598715,111.742687
799,1,0,109.818818,74.6434693
800,0,,,
801,0,,,
802,0,,,
803,1,1,152.624839,29.4461632
804,1,0,156.99684,45.2692678
805,0,,,
806,0,,,
807,0,,,
808,0,,,
809,0,,,
810,0,,,
811,0,,,
812,0,,,
813,1,1,90.6785308,80.062355
814,1,0,116.374781,70.3112527
815,1,0,121.707666,88.0005319
816,0,,,
817,1,1,69.0835134,87.8804232
818,0,,,
819,1,1,154.923795,92.6772585
820,0,,,
821,0,,,
822,0,,,
823,0,,,
824,0,,,
825,1,1,117.138322,77.0734901
826,0,,,
827,0,,,
828,2,1,77.8368768,63.2108519
829,1,0,88.4810085,102.057335
830,0,,,
831,0,,,
832,2,0,105.642462,84.9051525
833,2,1,148.072026,119.830608
834,0,,,
835,1,0,128.407039,69.9448517
836,1,0,119.676539,61.9854717
837,1,0,78.8355068,86.1910476
838,2,0,107.298633,71.7824118
839,0,,,
840,0,,,
841,0,,,
842,1,0,74.7203712,85.4124982
843,1,1,71.4119644,50.2790317
844,0,,,
845,1,0,133.785505,69.1766205
846,1,1,114.315351,57.6170208
847,1,1,116.738412,80.2948248
848,1,1,120.97192,87.5896922
849,0,,,
850,0,,,
851,0,,,
852,1,0,109.552473,77.6198067
853,0,,,
854,0,,,
855,0,,,
856,1,0,103.193418,48.5875553
857,0,,,
858,0,,,
859,1,0,87.451215,84.1435283
860,0,,,
861,0,,,
862,0,,,
863,2,0,77.8800769,66.0353748
864,1,0,150.060718,70.9774874
865,2,1,108.942497,68.7485055
866,1,1,108.873361,40.797591
867,0,,,
868,0,,,
869,0,,,
870,0,,,
871,1,0,228.545124,165.742687
872,1,1,97.0677362,72.2144516
873,0,,,
874,1,1,77.5068224,80.1169653
875,1,0,121.793324,31.2725241
876,0,,,
877,0,,,
878,0,,,
879,0,,,
880,0,,,
881,0,,,
882,1,1,82.5856367,64.9719604
883,1,1,89.6117908,71.7823188
884,1,1,86.0722157,82.5384211
885,0,,,
886,0,,,
887,1,0,103.978033,114.399221
888,1,1,88.6835667,99.3304372
889,0,,,
890,1,0,106.372189,89.6883612
891,2,0,79.1543607,69.2804507
892,0,,,
893,0,,,
894,1,1,93.6961348,90.7590675
895,1,1,108.143764,77.5884057
896,1,0,74.3991974,78.5145551
897,0,,,
898,1,0,91.1748808,134.533278
899,0,,,
900,2,0,126.425954,79.218075
901,2,0,133.277021,76.7607887
902,0,,,
903,1,1,154.772402,50.9437022
904,1,1,79.6723102,49.0720843
905,0,,,
906,0,,,
907,1,0,76.9347446,113.46018
908,1,0,97.004614,69.429001
909,1,0,70.9020709,81.718624
910,0,,,
911,1,0,141.582564,61.1982182
912,1,1,122.524804,73.7894604
913,1,0,71.8211324,54.6939856
914,2,1,94.007456,88.3929165
915,0,,,
916,1,1,126.740745,84.6759056
917,0,,,
918,1,0,112.988204,58.505486
919,0,,,
920,1,1,169.525905,88.7182996
921,0,,,
922,0,,,
923,0,,,
924,1,0,93.4696172,78.6992365
925,2,1,71.3332048,100.926989
926,1,1,57.4342074,59.4199288
927,0,,,
928,0,,,
929,1,0,134.157376,211.905234
930,1,1,138.191718,80.2696534
931,1,1,79.3569498,48.7283945
932,0,,,
933,0,,,
934,1,1,97.2979322,92.7416417
935,1,1,111.348353,75.1497098
936,1,0,90.2260902,88.6558413
937,1,0,123.083298,104.556817
938,1,0,105.959719,78.5533031
939,1,1,120.425762,108.600383
940,1,0,249.147213,109.108831
941,1,0,112.974852,79.2231873
942,1,0,124.649109,86.0415999
943,0,,,
944,1,1,79.6418249,120.983781
945,0,,,
946,0,,,
947,1,0,83.4625837,145.857706
948,0,,,
949,0,,,
950,0,,,
951,1,0,80.1830475,58.9588646
952,0,,,
953,1,1,68.9335738,87.7734902
954,1,0,125.973756,59.2516983
955,1,1,77.1258521,68.6314409
956,0,,,
957,2,1,97.2642063,70.9166352
958,1,1,156.254444,114.230699
959,0,,,
960,1,0,101.67491,73.5353441
961,1,0,98.2337431,70.5267128
962,0,,,
963,0,,,
964,1,1,130.237328,68.8494289
965,0,,,
966,1,0,126.843307,74.2373752
967,1,0,148.071783,79.9053681
968,0,,,
969,0,,,
970,0,,,
971,1,0,103.1383,109.838267
972,1,0,108.334161,71.6209383
973,1,0,101.539678,76.7677772
974,1,1,99.4325763,74.509791
975,0,,,
976,0,,,
977,1,1,113.7086,47.7656269
978,0,,,
979,1,1,71.8292694,80.3776005
980,1,1,80.9184579,93.7046848
981,0,,,
982,0,,,
983,0,,,
984,0,,,
985,1,0,79.1234536,61.5400592
986,1,0,120.472169,71.1493784
987,1,0,114.059506,96.4606603
988,0,,,
989,1,0,89.6535254,79.4580443
990,0,,,
991,2,1,75.7286386,114.975622
992,1,1,53.1852652,64.0134554
993,0,,,
994,0,,,
995,0,,,
996,1,0,76.5900837,74.5742387
997,1,0,184.382123,123.641221
998,0,,,
999,0,,,
1000,0,,,
1001,1,1,86.5717631,48.222345
1002,0,,,
1003,1,1,130.801423,36.3389063
1004,0,,,
1005,1,0,120.75417,84.5240533
1006,0,,,
1007,2,0,83.1175056,169.849143
1008,0,,,
1009,1,1,131.645155,80.16543
1010,1,0,135.791479,65.0558012
1011,1,1,109.67611,73.1340712
1012,1,0,84.9886756,91.194942
1013,0,,,
1014,1,1,129.148797,78.7487798
1015,0,,,
1016,0,,,
1017,0,,,
1018,0,,,
1019,0,,,
1020,0,,,
1021,1,0,65.6910284,77.7638971
1022,1,0,76.7636554,88.2486398
1023,0,,,
1024,0,,,
1025,0,,,
1026,0,,,
1027,1,0,71.1691242,64.174587
1028,0,,,
1029,0,,,
1030,0,,,
1031,1,0,137.672731,98.8959057
1032,0,,,
1033,0,,,
1034,2,0,110.914606,71.3118973
1035,0,,,
1036,0,,,
1037,0,,,
1038,1,1,125.944133,76.4271155
1039,0,,,
1040,0,,,
1041,0,,,
1042,1,0,99.3608674,96.8826068
1043,0,,,
1044,1,0,76.6873128,65.5899393
1045,1,0,99.8891577,78.4015453
1046,1,0,169.530124,64.2061152
1047,0,,,
1048,2,0,138.996052,82.1500216
1049,0,,,
1050,1,1,99.3337722,99.5377758
1051,2,1,125.189861,73.0814045
1052,0,,,
1053,1,1,87.3789692,58.4921449
1054,1,0,80.4422881,64.9868667
1055,1,1,145.705161,50.4711902
1056,0,,,
1057,0,,,
1058,1,0,141.212281,74.4356505
1059,0,,,
1060,0,,,
1061,0,,,
1062,1,0,134.374466,71.1004107
1063,0,,,
1064,0,,,
1065,1,1,146.172293,48.5603439
1066,0,,,
1067,0,,,
1068,1,1,164.448068,73.386305
1069,0,,,
1070,0,,,
1071,1,0,87.2972695,107.805501
1072,1,0,96.4448514,86.0448855
1073,0,,,
1074,0,,,
1075,0,,,
1076,0,,,
1077,0,,,
1078,0,,,
1079,1,1,114.604338,64.7411456
1080,0,,,
1081,0,,,
1082,0,,,
1083,1,0,129.952386,96.5693288
1084,0,,,
1085,2,0,87.3654246,103.646616
1086,0,,,
1087,0,,,
1088,0,,,
1089,1,1,109.59451,86.029191
1090,1,1,75.9056088,122.882249
1091,1,1,81.149921,123.767879
1092,0,,,
1093,1,0,86.9509186,71.5856826
1094,0,,,
1095,0,,,
1096,1,1,51.2401093,80.3428638
1097,0,,,
1098,1,1,100.63058,107.621394
1099,2,0,101.074474,72.963582
1100,1,0,73.1741902,81.0156232
1101,1,0,112.0763,66.5786793
1102,0,,,
1103,0,,,
1104,0,,,
1105,1,1,80.4349714,84.4841233
1106,1,0,95.8666317,97.6857327
1107,0,,,
1108,0,,,
1109,0,,,
1110,0,,,
1111,0,,,
1112,0,,,
1113,0,,,
1114,1,0,66.538829,96.6216784
1115,1,1,76.5061195,84.583169
1116,1,0,123.78577,89.5613269
1117,0,,,
1118,1,1,91.5484569,72.8109456
1119,0,,,
1120,0,,,
1121,1,1,129.157898,58.0704515
1122,1,0,103.159669,61.9734377
1123,1,1,111.944138,66.4734195
1124,0,,,
1125,0,,,
1126,1,1,84.6293151,77.5009002
1127,0,,,
1128,1,1,110.521326,77.9441241
1129,1,1,139.685944,61.0862537
1130,0,,,
1131,1,0,111.238193,86.6188878
1132,1,1,79.8270539,83.950107
1133,1,0,132.998489,78.5586845
1134,1,1,73.8388669,91.4671739
1135,0,,,
1136,0,,,
1137,1,1,150.851393,83.1029565
1138,1,1,67.2890629,77.476695
1139,0,,,
1140,0,,,
1141,2,0,60.3377447,69.6619129
1142,0,,,
1143,0,,,
1144,0,,,
1145,1,1,90.4212522,74.3674182
1146,1,0,132.73205,80.4890427
1147,1,0,71.0847973,74.2791513
1148,0,,,
1149,0,,,
1150,0,,,
1151,0,,,
1152,1,1,131.098493,63.1935403
1153,0,,,
1154,0,,,
1155,0,,,
1156,0,,,
1157,0,,,
1158,1,1,103.744811,105.938285
1159,0,,,
1160,0,,,
1161,0,,,
1162,0,,,
1163,0,,,
1164,0,,,
1165,0,,,
1166,0,,,
1167,0,,,
1168,0,,,
1169,0,,,
1170,0,,,
1171,0,,,
1172,1,0,96.7435903,84.3474898
1173,1,1,103.285394,98.906818
1174,0,,,
1175,0,,,
1176,0,,,
1177,1,0,207.539551,140.689657
1178,0,,,
1179,0,,,
1180,1,0,197.59526,167.72586
1181,0,,,
1182,0,,,
1183,1,1,108.488437,90.7672401
1184,0,,,
1185,0,,,
1186,0,,,
1187,0,,,
1188,2,0,90.0682891,97.1059402
1189,0,,,
1190,1,0,129.10917,49.2814672
1191,0,,,
1192,0,,,
1193,1,1,91.2635028,72.9651839
1194,0,,,
1195,0,,,
1196,1,1,81.3102479,79.2629758
1197,0,,,
1198,0,,,
1199,0,,,
1200,1,1,145.189075,37.8718348
1201,1,0,109.468609,110.960332
1202,0,,,
1203,0,,,
1204,0,,,
1205,1,1,101.396389,98.9144476
1206,2,0,95.2514169,48.4451983
1207,1,0,78.0171705,99.1065476
1208,0,,,
1209,0,,,
1210,0,,,
1211,1,1,80.4523842,94.4138896
1212,2,1,109.030615,99.6701421
1213,0,,,
1214,1,0,46.9957005,66.7055019
1215,0,,,
1216,0,,,
1217,1,1,82.5377151,111.974322
1218,0,,,
1219,0,,,
1220,0,,,
1221,0,,,
1222,0,,,
1223,1,1,89.079667,94.346266
1224,0,,,
1225,0,,,
1226,0,,,
1227,0,,,
1228,0,,,
1229,1,0,78.0760973,109.011463
1230,1,1,112.54752,70.3688522
1231,0,,,
1232,0,,,
1233,0,,,
1234,0,,,
1235,0,,,
1236,1,0,123.861156,124.31447
1237,0,,,
1238,1,0,77.3825469,93.347778
1239,1,0,157.788993,58.9604089
1240,0,,,
1241,1,0,96.3047158,92.935745
1242,1,1,149.165186,87.0239294
1243,0,,,
1244,0,,,
1245,0,,,
1246,1,0,81.8261639,68.2207473
1247,0,,,
1248,0,,,
1249,0,,,
1250,1,0,80.0950195,88.5215053
1251,0,,,
1252,0,,,
1253,0,,,
1254,0,,,
1255,0,,,
1256,0,,,
1257,0,,,
1258,0,,,
1259,0,,,
1260,0,,,
1261,1,0,83.2081052,60.3418969
1262,0,,,
1263,0,,,
1264,1,1,76.6934662,72.6578867
1265,0,,,
1266,1,0,115.690208,121.351099
1267,0,,,
1268,0,,,
1269,0,,,
1270,0,,,
1271,0,,,
1272,0,,,
1273,0,,,
1274,0,,,
1275,0,,,
1276,1,0,108.322403,117.955962
1277,0,,,
1278,1,1,103.449978,99.6125733
1279,0,,,
1280,0,,,
1281,0,,,
1282,0,,,
1283,0,,,
1284,1,0,74.1016835,81.3735096
1285,1,0,105.669077,66.2153916
1286,1,1,114.791842,76.0195859
1287,0,,,
1288,0,,,
1289,1,1,234.495751,115.687504
1290,1,1,70.0842409,99.4871897
1291,0,,,
1292,1,1,79.4310931,76.8014208
1293,1,1,82.2817543,108.241596
1294,0,,,
1295,0,,,
1296,0,,,
1297,0,,,
1298,0,,,
1299,0,,,
1300,0,,,
1301,0,,,
1302,0,,,
1303,0,,,
1304,0,,,
1305,0,,,
1306,0,,,
1307,0,,,
1308,1,0,169.174446,113.491062
1309,1,0,108.726643,70.3804035
1310,0,,,
1311,1,0,244.01417,75.8141345
1312,0,,,
1313,0,,,
1314,0,,,
1315,0,,,
1316,0,,,
1317,0,,,
1318,1,1,145.247803,79.3985462
1319,2,1,45.1237673,72.0861273
1320,2,1,82.3700342,55.7441314
1321,1,1,68.1871318,95.6599029
1322,0,,,
1323,0,,,
1324,1,1,119.871101,95.333369
1325,1,0,179.320183,74.8623288
1326,0,,,
1327,0,,,
1328,0,,,
1329,0,,,
1330,0,,,
1331,0,,,
1332,0,,,
1333,1,0,118.869688,62.6662436
1334,1,1,67.1326418,91.9367374
1335,0,,,
1336,0,,,
1337,0,,,
1338,0,,,
1339,1,0,137.342101,84.3601506
1340,0,,,
1341,1,0,122.417539,113.908779
1342,0,,,
1343,2,0,73.5690064,79.2346328
1344,0,,,
1345,0,,,
1346,1,0,108.296503,112.66468
1347,0,,,
1348,1,1,163.247546,67.9733161
1349,0,,,
1350,0,,,
1351,0,,,
1352,0,,,
1353,1,0,87.5309313,81.0393609
1354,2,1,77.3486788,137.225282
1355,0,,,
1356,0,,,
1357,1,0,67.818566,73.5127792
1358,0,,,
1359,0,,,
1360,0,,,
1361,0,,,
1362,0,,,
1363,1,1,79.9478087,109.733416
1364,0,,,
1365,0,,,
1366,0,,,
1367,2,1,98.5090841,82.5409786
1368,1,1,88.7341647,63.5338916
1369,1,0,114.179949,66.4759424
1370,0,,,
1371,1,0,71.9440418,60.3012594
1372,0,,,
1373,0,,,
1374,0,,,
1375,0,,,
1376,1,0,118.536736,90.4132083
1377,0,,,
1378,0,,,
1379,0,,,
1380,0,,,
1381,0,,,
1382,0,,,
1383,1,1,77.1685249,77.6941681
1384,1,1,77.273568,72.7996902
1385,2,1,128.918984,74.1319729
1386,0,,,
1387,0,,,
1388,1,1,118.271322,79.1971544
1389,1,0,93.076713,68.3784211
1390,0,,,
1391,2,0,128.718551,59.4708512
1392,0,,,
1393,2,0,118.944688,91.2046227
1394,0,,,
1395,1,1,142.749435,89.1299025
1396,0,,,
1397,0,,,
1398,2,1,80.3926761,81.095655
1399,0,,,
1400,0,,,
1401,0,,,
1402,0,,,
1403,1,0,120.825905,75.3527027
1404,1,0,123.7949,108.542005
1405,1,1,69.3516448,51.3496553
1406,0,,,
1407,1,1,123.819989,72.0850599
1408,0,,,
1409,0,,,
1410,1,0,131.656755,83.9425499
1411,0,,,
1412,1,1,173.968912,151.188979
1413,0,,,
1414,0,,,
1415,0,,,
1416,0,,,
1417,1,0,67.2410917,90.0413088
1418,0,,,
1419,0,,,
1420,1,0,140.293051,151.158042
1421,1,1,132.206891,100.969787
1422,0,,,
1423,0,,,
1424,1,0,79.9461537,103.695976
1425,0,,,
1426,0,,,
1427,0,,,
1428,0,,,
1429,0,,,
1430,0,,,
1431,0,,,
1432,2,1,71.4202425,87.8183363
1433,0,,,
1434,1,1,97.6441692,79.2833378
1435,0,,,
1436,0,,,
1437,1,0,72.8458728,61.408632
1438,0,,,
1439,0,,,
1440,0,,,
1441,0,,,
1442,0,,,
1443,0,,,
1444,0,,,
1445,1,0,110.966616,76.8312233
1446,1,1,74.045516,93.6154444
1447,0,,,
1448,1,0,136.602224,101.219037
1449,0,,,
1450,2,0,129.117857,94.3792359
1451,0,,,
1452,1,0,90.4493745,103.007269
1453,0,,,
1454,0,,,
1455,0,,,
1456,0,,,
1457,1,0,88.1729316,74.0988718
1458,0,,,
1459,1,1,63.3847409,103.396137
1460,0,,,
1461,1,1,68.6931533,102.459809
1462,1,0,76.6398658,99.9594736
1463,0,,,
1464,0,,,
1465,0,,,
1466,1,0,99.9005587,68.4030224
1467,0,,,
1468,1,1,144.193914,65.7961817
1469,0,,,
1470,0,,,
1471,0,,,
1472,0,,,
1473,1,0,130.279538,76.0357865
1474,0,,,
1475,1,1,137.632827,83.6577976
1476,2,1,110.871426,76.2177527
1477,1,0,51.0738025,66.9063537
1478,1,0,81.4046276,112.919564
1479,1,1,119.594291,80.2699705
1480,1,0,99.7512921,79.1554765
1481,0,,,
1482,1,0,146.057541,68.7735062
1483,1,0,120.215742,78.3902886
1484,0,,,
1485,0,,,
1486,0,,,
1487,0,,,
1488,1,1,96.2229982,110.701232
1489,0,,,
1490,0,,,
1491,1,1,106.028635,79.9512858
1492,0,,,
1493,0,,,
1494,0,,,
1495,0,,,
1496,1,0,111.987007,86.2512284
1497,0,,,
1498,0,,,
1499,0,,,
1500,0,,,
1501,1,0,55.9042734,75.925738
1502,0,,,
1503,0,,,
1504,1,0,96.4343371,92.1798447
1505,0,,,
1506,0,,,
1507,0,,,
1508,1,1,117.175902,48.2812333
1509,0,,,
1510,0,,,
1511,1,0,123.910607,96.5281147
1512,1,0,72.383436,108.808451
1513,1,0,93.8199464,76.6576535
1514,0,,,
1515,1,0,257.131787,82.2320775
1516,1,1,131.050666,35.7631796
1517,0,,,
1518,0,,,
1519,1,0,121.916562,111.635596
1520,1,0,75.6132422,83.8024289
1521,1,0,107.391817,77.9404111
1522,0,,,
1523,0,,,
1524,0,,,
1525,0,,,
1526,2,0,118.743921,95.593759
1527,0,,,
1528,1,1,61.8732857,118.476646
1529,0,,,
1530,0,,,
1531,0,,,
1532,1,0,110.106499,75.4509484
1533,1,0,138.38803,49.9916158
1534,0,,,
1535,0,,,
1536,0,,,
1537,0,,,
1538,1,0,129.75695,50.2280107
1539,1,0,128.741712,76.300018
1540,1,1,63.4612411,59.8285272
1541,0,,,
1542,1,1,105.131112,82.3574398
1543,0,,,
1544,0,,,
1545,0,,,
1546,0,,,
1547,0,,,
1548,1,1,126.12812,50.7874398
1549,1,0,92.9385143,86.3217147
1550,1,1,123.329196,74.5699738
1551,1,1,70.8472402,82.921041
1552,0,,,
1553,1,1,49.8220555,48.942756
1554,0,,,
1555,0,,,
1556,0,,,
1557,0,,,
1558,1,1,123.392267,79.1460775
1559,1,1,144.643629,60.6994368
1560,0,,,
1561,1,0,64.209885,59.8905091
1562,0,,,
1563,1,0,79.2593194,93.9534549
1564,1,1,77.4321531,133.613678
1565,0,,,
1566,0,,,
1567,0,,,
1568,0,,,
1569,0,,,
1570,0,,,
1571,0,,,
1572,0,,,
1573,1,0,112.928704,101.243316
1574,1,0,284.235218,118.596417
1575,1,1,53.2269779,86.2415978
1576,0,,,
1577,1,0,139.501577,57.9834664
1578,0,,,
1579,0,,,
1580,1,1,105.085201,80.1429186
1581,0,,,
1582,1,0,145.817014,84.2234792
1583,0,,,
1584,0,,,
1585,0,,,
1586,0,,,
1587,1,0,84.1553816,72.5693455
1588,0,,,
1589,0,,,
1590,1,1,100.014861,79.3712366
1591,0,,,
1592,0,,,
1593,0,,,
1594,0,,,
1595,0,,,
1596,1,0,77.8595321,134.307896
1597,1,1,145.772252,80.5886252
1598,0,,,
1599,1,1,92.5941808,85.9268411
1600,1,1,156.538807,49.1009308
1601,0,,,
1602,0,,,
1603,0,,,
1604,1,1,107.03682,94.6332814
1605,0,,,
1606,0,,,
1607,0,,,
1608,0,,,
1609,0,,,
1610,1,1,113.656631,92.5063015
1611,1,0,53.8808223,68.6338669
1612,0,,,
1613,0,,,
1614,1,0,138.207759,70.3723818
1615,0,,,
1616,0,,,
1617,0,,,
1618,1,1,83.1965795,84.7887387
1619,0,,,
1620,1,0,169.841338,67.869443
1621,0,,,
1622,0,,,
1623,0,,,
1624,0,,,
1625,0,,,
1626,0,,,
1627,0,,,
1628,0,,,
1629,1,1,72.5315368,80.7628266
1630,0,,,
1631,1,1,127.293006,75.7537108
1632,0,,,
1633,1,0,135.347748,80.1551258
1634,0,,,
1635,2,1,77.5355958,67.9273248
1636,2,1,102.146909,72.5916584
1637,1,1,116.239219,78.0354905
1638,0,,,
1639,1,0,96.5410132,91.2393285
1640,1,0,219.050552,78.6340974
1641,0,,,
1642,0,,,
1643,1,1,123.785399,68.4296977
1644,0,,,
1645,0,,,
1646,0,,,
1647,0,,,
1648,1,1,89.1660501,119.420258
1649,0,,,
1650,0,,,
1651,1,0,117.140984,78.3487222
1652,0,,,
1653,1,0,72.7522721,91.7325158
1654,0,,,
1655,1,1,148.766479,99.4430948
1656,0,,,
1657,1,0,127.452389,55.0591441
1658,1,0,117.85381,88.4605432
1659,1,1,108.72257,115.918056
1660,0,,,
1661,2,1,97.4658867,84.5077643
1662,1,0,130.41846,83.791283
1663,1,0,73.7908317,77.988928
1664,1,1,90.3206369,71.9696163
1665,0,,,
1666,0,,,
1667,0,,,
1668,0,,,
1669,0,,,
1670,0,,,
1671,0,,,
1672,2,1,76.9156258,127.044682
1673,0,,,
1674,0,,,
1675,1,0,83.4930903,89.6925837
1676,1,0,108.611114,79.1922389
1677,1,0,144.982656,63.8927219
1678,0,,,
1679,0,,,
1680,0,,,
1681,0,,,
1682,0,,,
1683,1,0,46.5041542,79.5325647
1684,2,1,77.339671,114.371618
1685,2,1,115.393133,115.007667
1686,1,0,82.4507045,78.7025664
1687,0,,,
1688,0,,,
1689,1,1,90.4633374,65.829318
1690,0,,,
1691,0,,,
1692,0,,,
1693,1,1,87.9979764,50.0741065
1694,0,,,
1695,0,,,
1696,2,1,82.0793484,88.6518864
1697,1,1,114.464559,39.2408761
1698,0,,,
1699,0,,,
1700,1,0,93.1914432,67.9285752
1701,0,,,
1702,0,,,
1703,0,,,
1704,1,1,105.362022,70.8821703
1705,1,1,275.798288,78.5727785
1706,0,,,
1707,0,,,
1708,0,,,
1709,1,1,81.8516151,69.9998829
1710,1,0,133.016033,72.6602379
1711,0,,,
1712,0,,,
1713,1,1,77.2938141,86.3836852
1714,1,1,71.8740507,75.5522459
1715,0,,,
1716,1,0,151.819332,100.557839
1717,0,,,
1718,0,,,
1719,1,0,138.669862,78.4062135
1720,1,1,84.0093268,101.756852
1721,0,,,
1722,0,,,
1723,1,1,157.484368,39.4469708
1724,0,,,
1725,0,,,
1726,0,,,
1727,2,1,104.922484,67.8543178
1728,0,,,
1729,1,0,133.839951,57.8595521
1730,0,,,
1731,1,0,117.391616,56.8511007
1732,0,,,
1733,0,,,
1734,1,0,128.012419,91.7228252
1735,0,,,
1736,0,,,
1737,0,,,
1738,0,,,
1739,0,,,
1740,1,0,94.5318738,65.9467712
1741,0,,,
1742,1,0,80.370793,72.2809698
1743,0,,,
1744,0,,,
1745,0,,,
1746,0,,,
1747,1,0,146.179438,53.4356936
1748,0,,,
1749,0,,,
1750,1,1,109.363083,75.1367736
1751,1,1,147.472161,44.6037207
1752,1,1,163.530054,70.7230557
1753,1,0,146.236218,51.5178455
1754,1,1,145.570949,105.674935
1755,0,,,
1756,1,0,142.695023,127.860676
1757,1,0,113.328566,64.6615859
1758,0,,,
1759,1,0,139.351673,46.605074
1760,1,0,78.4846026,85.1683258
1761,0,,,
1762,0,,,
1763,0,,,
1764,0,,,
1765,1,0,140.666947,130.988154
1766,0,,,
1767,0,,,
1768,2,1,59.3782628,112.721063
1769,0,,,
1770,1,0,120.578892,83.4819246
1771,0,,,
1772,0,,,
1773,0,,,
1774,0,,,
1775,1,0,82.7524617,63.9875663
1776,1,0,79.2655459,114.881657
1777,1,0,71.9413077,82.2140351
1778,0,,,
1779,1,1,81.8132667,102.575553
1780,0,,,
1781,0,,,
1782,1,0,116.780653,94.1547287
1783,1,0,80.2679767,104.990167
1784,0,,,
1785,1,0,81.6442182,63.9284112
1786,0,,,
1787,0,,,
1788,0,,,
1789,0,,,
1790,1,1,115.811007,73.9831338
1791,1,1,112.338043,96.9496006
1792,0,,,
1793,0,,,
1794,0,,,
1795,1,1,135.097802,60.0034444
1796,0,,,
1797,0,,,
1798,0,,,
1799,0,,,
1800,0,,,
1801,2,1,86.0789685,123.583354
1802,0,,,
1803,0,,,
1804,0,,,
1805,1,0,86.3233244,64.0133861
1806,1,0,126.63631,83.0109055
1807,0,,,
1808,1,0,84.9043789,72.4627201
1809,1,1,106.001114,80.2395442
1810,0,,,
1811,0,,,
1812,1,1,140.496281,55.2981144
1813,0,,,
1814,1,1,118.490878,81.5498093
1815,0,,,
1816,0,,,
1817,1,0,83.4771071,74.6148915
1818,0,,,
1819,0,,,
1820,0,,,
1821,1,0,128.431502,75.9283427
1822,0,,,
1823,0,,,
1824,0,,,
1825,1,0,169.949828,59.7687988
1826,1,1,80.7108593,87.8773481
1827,1,1,98.6300945,58.1410278
1828,1,0,75.5646839,96.2918125
1829,0,,,
1830,0,,,
1831,0,,,
1832,0,,,
1833,1,0,155.089265,90.5502948
1834,0,,,
1835,0,,,
1836,1,1,150.399388,102.827899
1837,1,0,90.5028296,79.0436466
1838,0,,,
1839,0,,,
1840,0,,,
1841,0,,,
1842,1,0,201.772137,103.777758
1843,1,0,145.447219,81.728635
1844,0,,,
1845,1,0,155.445801,87.1887744
1846,1,0,293.092813,148.129248
1847,0,,,
1848,1,1,137.72672,75.9794795
1849,1,1,128.454684,79.7394353
1850,1,1,124.804703,105.271365
1851,1,0,82.6941516,96.3208051
1852,0,,,
1853,1,1,77.290157,92.556515
1854,0,,,
1855,0,,,
1856,1,0,95.1099759,143.008119
1857,0,,,
1858,1,0,78.5695323,57.224585
1859,1,1,80.2913767,81.1206335
1860,0,,,
1861,1,0,94.8867755,61.1777624
1862,1,1,103.95733,147.662112
1863,0,,,
1864,1,1,81.5695232,71.3384102
1865,1,0,98.5138502,70.329974
1866,1,0,72.1238422,78.6556702
1867,1,1,99.1661665,74.9453193
1868,0,,,
1869,0,,,
1870,1,1,80.9247924,43.8291639
1871,0,,,
1872,0,,,
1873,1,1,99.093302,67.8799118
1874,0,,,
1875,0,,,
1876,0,,,
1877,0,,,
1878,0,,,
1879,1,1,69.7645247,67.6597693
1880,0,,,
1881,1,1,61.3034127,69.4925709
1882,1,1,84.1723088,91.9528665
1883,0,,,
1884,1,1,70.1294905,122.155151
1885,1,0,64.713461,68.9775747
1886,1,0,98.6919334,63.4617943
1887,0,,,
1888,0,,,
1889,1,0,178.670456,86.9323203
1890,0,,,
1891,0,,,
1892,2,1,130.170016,76.2170778
1893,1,1,124.051634,75.8955353
1894,1,1,140.223511,79.5150723
1895,0,,,
1896,0,,,
1897,1,1,120.017158,106.576964
1898,1,1,141.791769,84.9931457
1899,0,,,
1900,2,1,78.2129434,79.1900027
1901,0,,,
1902,0,,,
1903,0,,,
1904,1,1,120.809474,69.8089504
1905,0,,,
1906,0,,,
1907,1,1,148.919189,44.0418622
1908,1,1,130.88589,104.954853
1909,0,,,
1910,0,,,
1911,2,0,56.2740893,77.3026986
1912,1,0,51.1585454,95.1450562
1913,0,,,
1914,0,,,
1915,0,,,
1916,0,,,
1917,1,0,69.752515,84.5356692
1918,1,0,81.5663671,68.5003086
1919,0,,,
1920,0,,,
1921,1,0,124.907806,89.3530564
1922,1,1,76.6568231,66.6808236
1923,1,1,175.481016,100.7352
1924,1,0,104.54442,81.2093049
1925,0,,,
1926,0,,,
1927,1,0,189.302784,66.4003918
1928,0,,,
1929,0,,,
1930,0,,,
1931,0,,,
1932,0,,,
1933,2,1,93.0671529,96.6531002
1934,0,,,
1935,0,,,
1936,1,0,100.515351,72.5882906
1937,0,,,
1938,1,0,112.80326,71.5205613
1939,1,1,80.3429354,71.5326637
1940,0,,,
1941,1,0,87.6338169,75.2331319
1942,1,1,127.968481,84.71794
1943,0,,,
1944,1,1,104.536934,88.7046285
1945,0,,,
1946,0,,,
1947,1,1,71.2121789,73.0692228
1948,0,,,
1949,0,,,
1950,0,,,
1951,2,1,117.547327,81.0380206
1952,1,1,109.60241,71.8887964
1953,0,,,
1954,0,,,
1955,1,0,216.011519,184.550245
1956,0,,,
1957,0,,,
1958,0,,,
1959,1,1,126.92337,70.4749194
1960,1,1,86.3435405,93.7872575
1961,1,0,97.2869151,106.314129
1962,1,0,86.3468381,66.6253108
1963,0,,,
1964,0,,,
1965,0,,,
1966,1,0,114.239929,85.1316221
1967,1,0,80.6457959,68.4954187
1968,1,0,119.113113,80.9630527
1969,0,,,
1970,0,,,
1971,0,,,
1972,0,,,
1973,1,0,106.490663,87.1897896
1974,1,0,104.578649,82.1033643
1975,0,,,
1976,0,,,
1977,0,,,
1978,0,,,
1979,0,,,
1980,0,,,
1981,0,,,
1982,1,1,151.860098,101.567553
1983,0,,,
1984,0,,,
1985,0,,,
1986,0,,,
1987,0,,,
1988,0,,,
1989,0,,,
1990,1,0,113.393428,83.7060528
1991,0,,,
1992,1,0,105.618757,64.9469846
1993,0,,,
1994,0,,,
1995,0,,,
1996,0,,,
1997,0,,,
1998,0,,,
1999,1,1,194.784604,78.8892996
2000,0,,,
2001,1,1,104.494356,56.690997
2002,0,,,
2003,2,0,132.232967,59.4116026
2004,0,,,
2005,0,,,
2006,0,,,
2007,0,,,
2008,0,,,
2009,0,,,
2010,1,1,89.1965877,110.949278
2011,1,1,81.6093454,79.0026512
2012,0,,,
2013,0,,,
2014,0,,,
2015,0,,,
2016,0,,,
2017,1,1,99.1890835,82.2257432
2018,0,,,
2019,1,1,77.8437374,112.658716
2020,0,,,
2021,2,0,127.756397,88.6254846
2022,1,1,73.5216397,84.8956993
2023,2,0,85.05172,102.87579
2024,0,,,
2025,0,,,
2026,1,0,109.600749,76.0057417
2027,1,1,120.971505,117.655114
2028,0,,,
2029,1,0,125.196726,75.1349683
2030,0,,,
2031,1,1,87.4652829,85.6327078
2032,2,0,39.9478297,69.0128366
2033,0,,,
2034,1,0,133.677469,101.177674
2035,1,1,112.851868,64.4204917
2036,0,,,
2037,0,,,
2038,1,1,183.378805,89.7821137
2039,0,,,
2040,1,1,112.119321,82.5340509
2041,1,1,82.2923814,104.017704
2042,1,0,71.4341755,54.3172871
2043,1,0,75.3142892,72.5459644
2044,0,,,
2045,0,,,
2046,0,,,
2047,0,,,
2048,0,,,
2049,0,,,
2050,0,,,
2051,0,,,
2052,1,0,77.515301,83.9098962
2053,0,,,
2054,1,0,157.088036,100.368792
2055,0,,,
2056,0,,,
2057,0,,,
2058,1,0,82.4571223,81.6769303
2059,0,,,
2060,0,,,
2061,0,,,
2062,1,0,138.471134,75.8116836
2063,0,,,
2064,0,,,
2065,1,1,102.054863,112.072324
2066,0,,,
2067,0,,,
2068,0,,,
2069,1,0,76.7311444,62.8309507
2070,0,,,
2071,0,,,
2072,1,0,80.5170324,97.8553696
2073,0,,,
2074,1,0,165.405967,125.242575
2075,1,0,147.726531,100.044432
2076,1,0,115.46003,120.139412
2077,1,0,130.318793,72.9832497
2078,0,,,
2079,0,,,
2080,0,,,
2081,1,0,111.739227,96.0820666
2082,0,,,
2083,1,1,91.0191691,121.569672
2084,0,,,
2085,0,,,
2086,0,,,
2087,0,,,
2088,1,0,85.2506435,98.6538384
2089,2,1,148.805863,68.7702063
2090,0,,,
2091,0,,,
2092,1,1,103.599417,73.3252546
2093,0,,,
2094,0,,,
2095,1,0,141.04107,78.7287976
2096,1,1,76.2167602,112.993959
2097,1,0,121.763144,86.6534106
2098,0,,,
2099,1,1,77.0273651,68.2716935
2100,0,,,
2101,0,,,
2102,0,,,
2103,1,0,78.9284045,82.2868581
2104,0,,,
2105,0,,,
2106,0,,,
2107,0,,,
2108,0,,,
2109,0,,,
2110,0,,,
2111,0,,,
2112,0,,,
2113,0,,,
2114,1,0,85.9358499,86.0953584
2115,0,,,
2116,0,,,
2117,0,,,
2118,0,,,
2119,0,,,
2120,0,,,
2121,0,,,
2122,1,1,220.025126,121.423494
2123,0,,,
2124,0,,,
2125,0,,,
2126,0,,,
2127,1,0,139.377475,107.591084
2128,1,1,142.738918,70.683217
2129,0,,,
2130,1,0,114.226279,94.7914715
2131,0,,,
2132,0,,,
2133,1,0,80.1787183,71.8387558
2134,0,,,
2135,1,0,200.3995,72.0222225
2136,0,,,
2137,1,0,61.8394808,71.9031803
2138,0,,,
2139,1,1,52.6907724,68.815396
2140,0,,,
2141,1,0,116.206517,63.5325905
2142,0,,,
2143,0,,,
2144,1,0,158.7729,100.61064
2145,0,,,
2146,1,1,69.3708467,100.592023
2147,1,0,80.023338,112.577655
2148,1,1,137.056648,61.4982065
2149,0,,,
2150,0,,,
2151,0,,,
2152,1,1,80.4029304,46.8549087
2153,0,,,
2154,0,,,
2155,0,,,
2156,0,,,
2157,1,0,64.3154822,75.5630142
2158,0,,,
2159,0,,,
2160,1,0,77.0954996,103.04663
2161,0,,,
2162,1,1,81.3819581,88.3882169
2163,0,,,
2164,1,0,82.7695998,77.8815576
2165,2,1,107.902327,108.66636
2166,1,1,95.1114594,80.7958832
2167,1,1,74.8179049,60.353733
2168,1,0,126.097988,79.2723151
2169,1,0,100.116108,108.679159
2170,0,,,
2171,1,0,113.752416,99.2883076
2172,0,,,
2173,1,0,177.052948,80.2717653
2174,0,,,
2175,1,0,76.9746325,103.068348
2176,0,,,
2177,1,1,144.150858,71.6263881
2178,0,,,
2179,0,,,
2180,1,0,203.028172,141.517996
2181,0,,,
2182,0,,,
2183,0,,,
2184,1,1,81.6791914,65.2060662
2185,0,,,
2186,1,0,147.272959,82.8428085
2187,1,0,78.7278561,102.332069
2188,0,,,
2189,0,,,
2190,1,0,82.5160071,118.078035
2191,0,,,
2192,0,,,
2193,0,,,
2194,0,,,
2195,1,1,47.3663511,84.373873
2196,1,1,86.2712657,80.2978474
2197,0,,,
2198,0,,,
2199,0,,,
2200,1,0,51.902932,61.3837725
2201,1,1,126.261941,59.18776
2202,0,,,
2203,0,,,
2204,0,,,
2205,1,1,84.0980557,75.1619227
2206,1,0,126.992572,80.717986
2207,0,,,
2208,0,,,
2209,0,,,
2210,1,0,85.4004643,70.5657784
2211,0,,,
2212,0,,,
2213,1,1,106.10082,83.0045809
2214,0,,,
2215,0,,,
2216,0,,,
2217,0,,,
2218,0,,,
2219,1,1,100.91347,69.3182733
2220,0,,,
2221,1,0,156.699725,102.540431
2222,0,,,
2223,0,,,
2224,2,1,103.166406,96.50596
2225,1,0,117.520287,68.2746743
2226,0,,,
2227,0,,,
2228,0,,,
2229,1,1,99.8121412,62.8865457
2230,0,,,
2231,0,,,
2232,1,1,76.921619,100.662872
2233,0,,,
2234,0,,,
2235,1,0,80.0982519,93.7006545
2236,1,0,75.9515745,98.3340362
2237,1,1,119.178571,69.2657181
2238,0,,,
2239,0,,,
2240,0,,,
2241,0,,,
2242,1,0,76.230235,143.206181
2243,1,0,115.351549,85.0741073
2244,2,0,98.2783151,76.8966289
2245,1,1,109.640328,70.1197871
2246,0,,,
2247,0,,,
2248,0,,,
2249,0,,,
2250,0,,,
2251,0,,,
2252,0,,,
2253,0,,,
2254,1,0,79.8010739,109.839346
2255,2,0,98.9658937,76.2877869
2256,0,,,
2257,0,,,
2258,1,1,103.753763,112.781987
2259,0,,,
2260,0,,,
2261,0,,,
2262,0,,,
2263,0,,,
2264,0,,,
2265,1,0,102.561909,74.6128519
2266,1,1,78.5381893,94.5837929
2267,0,,,
2268,0,,,
2269,1,0,172.689885,80.7759264
2270,1,0,77.6568509,112.208593
2271,1,1,128.690889,78.7137314
2272,0,,,
2273,1,0,154.074209,80.1453871
2274,1,0,77.8789477,76.1472492
2275,0,,,
2276,1,0,134.120276,68.0710614
2277,1,0,73.2703531,73.229407
2278,0,,,
2279,0,,,
2280,1,1,124.740328,87.7477075
2281,1,0,79.2249497,100.312243
2282,2,1,144.604782,72.5334152
2283,0,,,
2284,1,0,95.0230149,67.6886556
2285,0,,,
2286,0,,,
2287,0,,,
2288,0,,,
2289,0,,,
2290,1,1,86.863236,91.3497264
2291,1,1,129.331748,60.1129613
2292,0,,,
2293,0,,,
2294,1,1,73.7327506,44.721867
2295,0,,,
2296,1,1,77.3362997,69.1686245
2297,0,,,
2298,0,,,
2299,1,0,128.028328,76.477957
2300,0,,,
2301,0,,,
2302,1,1,74.2837299,83.5496007
2303,0,,,
2304,1,1,75.6275403,78.1033534
2305,1,0,118.110098,82.3119752
2306,2,0,112.045241,75.5011892
2307,0,,,
2308,0,,,
2309,0,,,
2310,0,,,
2311,0,,,
2312,0,,,
2313,1,0,219.871051,80.9685886
2314,0,,,
2315,1,1,64.4475466,70.404112
2316,0,,,
2317,0,,,
2318,0,,,
2319,0,,,
2320,0,,,
2321,0,,,
2322,0,,,
2323,1,1,140.72241,80.9060211
2324,1,1,169.596532,75.1538231
2325,1,1,101.029945,86.0622607
2326,2,1,98.6549416,102.654962
2327,0,,,
2328,0,,,
2329,0,,,
2330,0,,,
2331,2,1,101.815773,99.4056002
2332,0,,,
2333,0,,,
2334,1,1,85.998133,117.918597
2335,1,1,122.658091,93.9565332
2336,1,1,117.978549,101.089455
2337,0,,,
2338,0,,,
2339,0,,,
2340,1,0,141.184421,72.8206997
2341,0,,,
2342,1,0,172.282186,74.9612743
2343,0,,,
2344,1,1,88.5157459,86.2568323
2345,1,0,85.1810998,53.9710156
2346,1,0,80.7689861,64.1677578
2347,2,0,88.5390219,60.4902341
2348,1,1,69.5263821,47.4159498
2349,0,,,
2350,0,,,
2351,0,,,
2352,0,,,
2353,1,1,116.643594,72.220782
2354,1,0,95.4335317,71.7905945
2355,0,,,
2356,1,1,84.1338836,56.3896255
2357,0,,,
2358,0,,,
2359,1,0,103.146465,124.049059
2360,0,,,
2361,2,1,132.49547,149.355001
2362,0,,,
2363,0,,,
2364,1,1,55.3406043,112.891642
2365,0,,,
2366,1,0,75.5408439,62.0787954
2367,1,1,103.801387,79.5591091
2368,0,,,
2369,0,,,
2370,0,,,
2371,1,0,93.8131673,104.894956
2372,0,,,
2373,0,,,
2374,1,0,108.389071,76.0942075
2375,0,,,
2376,0,,,
2377,1,1,106.477003,96.9332359
2378,0,,,
2379,1,1,111.671851,88.6735319
2380,0,,,
2381,0,,,
2382,1,0,99.5099807,54.6179175
2383,1,1,92.6117357,76.1657899
2384,2,1,111.119198,79.8147061
2385,0,,,
2386,1,1,105.456249,67.7207257
2387,1,0,112.672861,86.9623222
2388,1,0,108.661163,111.366458
2389,2,1,79.2240174,118.230088
2390,0,,,
2391,0,,,
2392,0,,,
2393,1,0,75.8762224,78.2643616
2394,0,,,
2395,1,0,130.906797,73.4468666
2396,0,,,
2397,0,,,
2398,0,,,
2399,0,,,
2400,1,0,80.3720807,100.427221
2401,1,0,133.823577,64.2889244
2402,2,0,107.127642,85.5062035
2403,0,,,
2404,0,,,
2405,0,,,
2406,1,1,56.1306118,78.5932289
2407,1,1,119.851302,98.6796618
2408,0,,,
2409,1,1,100.336532,129.304977
2410,0,,,
2411,1,1,86.9921456,110.027977
2412,0,,,
2413,2,1,110.068604,78.7166014
2414,0,,,
2415,0,,,
2416,0,,,
2417,0,,,
2418,2,1,119.20172,63.0666083
2419,0,,,
2420,0,,,
2421,1,0,157.168894,89.750825
2422,0,,,
2423,0,,,
2424,1,1,142.216952,62.3227298
2425,0,,,
2426,0,,,
2427,1,1,83.6091697,102.10375
2428,0,,,
2429,0,,,
2430,0,,,
2431,1,1,80.0559875,81.3468943
2432,0,,,
2433,0,,,
2434,0,,,
2435,0,,,
2436,0,,,
2437,0,,,
2438,1,0,74.0568774,84.1555401
2439,0,,,
2440,0,,,
2441,1,1,103.618627,79.4611099
2442,1,0,96.4198546,77.2167584
2443,1,1,158.06819,130.836642
2444,0,,,
2445,0,,,
2446,0,,,
2447,0,,,
2448,0,,,
2449,0,,,
2450,1,1,137.710795,71.1629878
2451,1,1,58.3431768,77.2087264
2452,0,,,
2453,1,0,75.8425969,95.9411569
2454,1,0,181.843577,47.745924
2455,0,,,
2456,1,1,139.867805,79.0086389
2457,1,0,143.933152,82.2380115
2458,0,,,
2459,0,,,
2460,1,0,110.265302,115.030952
2461,1,0,148.670704,164.737279
2462,0,,,
2463,0,,,
2464,0,,,
2465,0,,,
2466,0,,,
2467,1,1,118.661585,80.980895
2468,0,,,
2469,0,,,
2470,0,,,
2471,0,,,
2472,2,1,139.865965,69.2789584
2473,0,,,
2474,0,,,
2475,1,1,122.379891,50.5483982
2476,1,1,67.0766843,90.9485333
2477,0,,,
2478,1,0,92.6745861,104.995021
2479,1,0,83.6422756,93.8945267
2480,0,,,
2481,1,0,82.3784045,77.2772178
2482,0,,,
2483,0,,,
2484,0,,,
2485,1,0,97.2941655,153.029769
2486,0,,,
2487,1,1,77.3227094,77.8102089
2488,1,1,81.9819772,64.7903759
2489,0,,,
2490,0,,,
2491,0,,,
2492,1,0,95.1675955,111.805703
2493,0,,,
2494,1,1,79.0247671,76.1754528
2495,1,0,82.0391925,75.3308332
2496,1,0,274.316514,117.939548
2497,1,1,281.638485,116.870082
2498,1,0,94.5080293,49.3936888
2499,1,0,86.1844006,67.3415768
2500,1,1,79.0806968,47.401113
2501,1,0,164.671121,129.303671
2502,0,,,
2503,1,1,93.5100434,74.0502113
2504,0,,,
2505,1,0,114.509437,69.0261112
2506,0,,,
2507,0,,,
2508,0,,,
2509,1,1,113.931924,92.9762157
2510,0,,,
2511,0,,,
2512,1,0,85.1642655,112.895918
2513,1,0,121.623247,74.2826137
2514,2,0,132.765234,44.0484571
2515,0,,,
2516,1,0,106.367871,82.0145988
2517,1,0,86.1672342,68.3554028
2518,1,1,117.099141,60.0417129
2519,0,,,
2520,1,1,90.4385213,70.7132237
2521,0,,,
2522,0,,,
2523,1,0,109.407795,166.276257
2524,0,,,
2525,0,,,
2526,1,1,145.238476,45.7347558
2527,0,,,
2528,0,,,
2529,1,1,124.712426,76.6381482
2530,0,,,
2531,1,0,205.006842,72.6476522
2532,2,0,99.4105023,80.4618634
2533,1,1,116.774507,71.9718232
2534,0,,,
2535,0,,,
2536,1,0,86.6989566,51.2585558
2537,0,,,
2538,1,1,78.1391739,103.069112
2539,0,,,
2540,1,1,83.0658067,48.6518149
2541,0,,,
2542,1,0,110.101599,91.5412018
2543,0,,,
2544,0,,,
2545,0,,,
2546,0,,,
2547,0,,,
2548,0,,,
2549,1,1,92.528032,80.5845477
2550,0,,,
2551,1,0,80.5200516,63.8379519
2552,1,1,92.0991177,59.9043477
2553,0,,,
2554,1,1,109.672099,50.7195709
2555,0,,,
2556,0,,,
2557,1,1,117.813136,74.8581336
2558,0,,,
2559,2,1,72.398026,74.7378581
2560,1,1,144.15,76.4955783
2561,1,1,80.388144,79.8305381
2562,1,1,71.3969154,100.831589
2563,0,,,
2564,1,1,111.499025,77.6002892
2565,2,1,54.8628755,79.0227873
2566,0,,,
2567,0,,,
2568,1,0,219.842061,139.454951
2569,1,1,105.456843,82.5853642
2570,1,1,99.6469913,63.7507411
2571,0,,,
2572,1,0,99.8482011,77.4935463
2573,0,,,
2574,0,,,
2575,0,,,
2576,0,,,
2577,0,,,
2578,1,1,199.440116,105.5696
2579,0,,,
2580,0,,,
2581,2,1,65.1076552,71.3976615
2582,0,,,
2583,0,,,
2584,0,,,
2585,1,0,166.717224,62.3900391
2586,0,,,
2587,2,0,105.307748,81.6537946
2588,1,0,146.152551,71.607527
2589,1,1,79.517019,118.50968
2590,0,,,
2591,0,,,
2592,0,,,
2593,0,,,
2594,1,0,160.192438,107.094795
2595,0,,,
2596,1,1,132.478892,79.56404
2597,0,,,
2598,1,0,75.6440767,49.4880385
2599,1,0,137.367487,48.5206429
2600,0,,,
2601,1,1,80.5633081,77.4963624
2602,1,1,126.322271,74.9310119
2603,0,,,
2604,0,,,
2605,0,,,
2606,0,,,
2607,2,1,61.3994376,122.427809
2608,0,,,
2609,2,0,102.001017,119.214575
2610,0,,,
2611,0,,,
2612,0,,,
2613,1,1,87.2855335,100.002811
2614,1,1,142.031613,52.9914318
2615,0,,,
2616,1,0,94.4782198,77.9288131
2617,1,1,69.5803871,65.460982
2618,1,1,78.8876949,102.484903
2619,1,1,73.3863091,78.1559753
2620,2,0,79.3308486,82.2427159
2621,0,,,
2622,0,,,
2623,0,,,
2624,0,,,
2625,1,0,132.774917,79.5191219
2626,0,,,
2627,0,,,
2628,0,,,
2629,1,1,57.5988786,81.0290553
2630,0,,,
2631,1,1,60.0894786,131.124504
2632,0,,,
2633,1,1,111.31458,80.3570768
2634,0,,,
2635,0,,,
2636,0,,,
2637,1,1,177.205334,135.666375
2638,0,,,
2639,1,0,64.2249973,99.7355563
2640,2,1,83.0352193,89.9910013
2641,0,,,
2642,1,1,90.0610276,73.8429392
2643,1,1,124.689662,85.0155386
2644,2,1,80.7939322,94.8132869
2645,0,,,
2646,0,,,
2647,0,,,
2648,1,0,79.6855081,99.1050698
2649,1,0,88.3511191,76.0858075
2650,0,,,
2651,0,,,
2652,1,0,112.931194,74.6735542
2653,1,1,107.012493,55.5380051
2654,1,1,145.55701,68.3230932
2655,0,,,
2656,1,0,122.620483,139.96283
2657,0,,,
2658,1,1,81.6610932,76.1523815
2659,0,,,
2660,0,,,
2661,0,,,
2662,1,0,120.753173,84.2127503
2663,0,,,
2664,0,,,
2665,0,,,
2666,0,,,
2667,0,,,
2668,0,,,
2669,0,,,
2670,0,,,
2671,0,,,
2672,0,,,
2673,0,,,
2674,0,,,
2675,0,,,
2676,0,,,
2677,2,0,76.6730731,95.4042916
2678,0,,,
2679,1,0,94.0087798,62.2152777
2680,0,,,
2681,0,,,
2682,1,0,132.970585,65.5442486
2683,0,,,
2684,1,1,97.5210083,86.5362196
2685,0,,,
2686,0,,,
2687,1,0,83.5685325,108.446097
2688,0,,,
2689,0,,,
2690,0,,,
2691,0,,,
2692,0,,,
2693,0,,,
2694,0,,,
2695,0,,,
2696,0,,,
2697,0,,,
2698,0,,,
2699,1,1,152.417189,35.1280179
2700,0,,,
2701,2,1,93.454714,81.617123
2702,1,0,105.651172,107.751519
2703,0,,,
2704,1,1,122.020929,76.9949317
2705,0,,,
2706,0,,,
2707,0,,,
2708,1,1,94.4468091,64.3065377
2709,0,,,
2710,0,,,
2711,0,,,
2712,0,,,
2713,0,,,
2714,1,1,129.12441,87.2860381
2715,0,,,
2716,1,1,81.4413815,90.325808
2717,0,,,
2718,0,,,
2719,0,,,
2720,1,0,61.6207416,108.698814
2721,1,0,79.3720883,98.2175665
2722,0,,,
2723,1,1,86.8838877,91.2886839
2724,0,,,
2725,0,,,
2726,0,,,
2727,1,1,80.9835162,99.7859677
2728,0,,,
2729,1,1,127.657862,70.6127649
2730,0,,,
2731,1,1,101.442858,162.215042
2732,0,,,
2733,0,,,
2734,0,,,
2735,1,1,86.7698053,176.779301
2736,2,0,79.3137117,117.21784
2737,1,0,133.99865,73.9116799
2738,0,,,
2739,1,0,78.9483385,77.4399596
2740,1,0,135.957652,77.5149749
2741,0,,,
2742,0,,,
2743,0,,,
2744,0,,,
2745,1,0,121.151311,68.96171
2746,0,,,
2747,0,,,
2748,0,,,
2749,0,,,
2750,0,,,
2751,1,1,57.5413288,72.8076089
2752,1,1,112.702925,75.8007301
2753,1,0,227.885448,66.4353428
2754,0,,,
2755,1,0,77.8427906,75.8031415
2756,0,,,
2757,0,,,
2758,1,1,94.5362204,66.2170775
2759,0,,,
2760,0,,,
2761,1,0,67.3855003,60.240744
2762,1,0,84.3338529,91.3936784
2763,1,1,100.314107,74.6823198
2764,0,,,
2765,1,1,132.45708,81.288623
2766,0,,,
2767,1,0,84.4950116,112.776457
2768,0,,,
2769,1,1,101.453302,107.293118
2770,0,,,
2771,0,,,
2772,1,0,111.085741,100.367498
2773,1,1,113.152649,63.5267217
2774,0,,,
2775,0,,,
2776,0,,,
2777,1,0,111.014816,117.49712
2778,0,,,
2779,0,,,
2780,0,,,
2781,0,,,
2782,0,,,
2783,0,,,
2784,0,,,
2785,0,,,
2786,1,0,90.1051841,80.8187495
2787,0,,,
2788,1,0,131.010061,74.6574367
2789,0,,,
2790,1,0,87.8088222,82.4618658
2791,0,,,
2792,0,,,
2793,1,0,114.829122,99.3867439
2794,1,1,157.045393,87.435845
2795,0,,,
2796,1,1,119.193848,65.9388829
2797,1,0,74.7867816,76.6675613
2798,0,,,
2799,0,,,
2800,0,,,
2801,1,1,106.674271,117.48571
2802,1,1,98.614908,67.8589286
2803,0,,,
2804,0,,,
2805,0,,,
2806,0,,,
2807,0,,,
2808,0,,,
2809,1,1,109.540394,61.4623746
2810,0,,,
2811,0,,,
2812,1,0,78.559007,78.0057508
2813,0,,,
2814,0,,,
2815,0,,,
2816,1,0,69.236985,72.8717829
2817,0,,,
2818,0,,,
2819,0,,,
2820,1,0,82.8681524,55.9415534
2821,1,0,59.0245431,77.4095849
2822,1,0,68.3748399,82.5679007
2823,1,1,91.9181467,61.1501297
2824,0,,,
2825,0,,,
2826,1,1,124.346567,78.0582789
2827,0,,,
2828,1,1,81.4692404,76.5404363
2829,0,,,
2830,0,,,
2831,1,1,79.2348319,68.1202491
2832,0,,,
2833,0,,,
2834,1,0,94.2017583,67.8504101
2835,0,,,
2836,1,0,153.680527,66.8667788
2837,0,,,
2838,0,,,
2839,0,,,
2840,0,,,
2841,0,,,
2842,1,0,108.071137,59.4212286
2843,0,,,
2844,0,,,
2845,0,,,
2846,0,,,
2847,0,,,
2848,1,0,74.4218734,97.266492
2849,0,,,
2850,1,0,75.9263736,100.837937
2851,2,1,148.439506,51.3769274
2852,0,,,
2853,2,1,85.0130524,42.3675952
2854,1,0,121.923683,60.949995
2855,0,,,
2856,1,1,53.8151196,89.2219906
2857,0,,,
2858,0,,,
2859,0,,,
2860,0,,,
2861,0,,,
2862,2,0,86.0343024,93.8044652
2863,1,0,99.5547268,98.0863488
2864,1,0,113.862071,78.787393
2865,0,,,
2866,0,,,
2867,1,0,107.367474,114.323346
2868,2,0,104.154701,72.2159603
2869,0,,,
2870,0,,,
2871,1,0,144.357045,83.1064731
2872,1,0,86.5448694,70.8886118
2873,0,,,
2874,1,0,74.1266544,80.3461928
2875,0,,,
2876,0,,,
2877,1,0,104.623051,69.0838243
2878,1,0,110.651794,80.9520346
2879,1,1,97.5013157,74.6715616
2880,1,0,86.6009113,90.1188086
2881,1,0,82.4013022,132.072835
2882,0,,,
2883,1,1,112.517661,110.756168
2884,1,1,121.381567,82.6981934
2885,1,1,145.528481,60.9486471
2886,0,,,
2887,0,,,
2888,1,1,88.6915079,107.273826
2889,1,1,103.00773,56.7305959
2890,0,,,
2891,0,,,
2892,0,,,
2893,0,,,
2894,0,,,
2895,0,,,
2896,0,,,
2897,1,0,119.656482,82.2644909
2898,0,,,
2899,0,,,
2900,2,0,80.2331806,88.5712233
2901,0,,,
2902,1,1,138.435675,93.3202825
2903,0,,,
2904,0,,,
2905,0,,,
2906,0,,,
2907,1,1,138.143108,73.1046714
2908,0,,,
2909,0,,,
2910,0,,,
2911,0,,,
2912,0,,,
2913,1,0,77.1126207,88.8655873
2914,1,0,74.9246792,59.7339365
2915,0,,,
2916,0,,,
2917,0,,,
2918,0,,,
2919,1,1,69.9275815,96.7844828
2920,0,,,
2921,1,1,166.852978,144.069934
2922,1,0,118.693049,77.8485377
2923,0,,,
2924,0,,,
2925,0,,,
2926,0,,,
2927,1,1,135.463162,71.6558899
2928,0,,,
2929,2,0,132.828944,74.1028857
2930,0,,,
2931,0,,,
2932,1,1,81.7100488,120.18191
2933,0,,,
2934,0,,,
2935,0,,,
2936,1,1,116.543026,94.3312049
2937,1,0,116.249945,79.5092873
2938,0,,,
2939,0,,,
2940,1,1,76.1370722,94.5794816
2941,0,,,
2942,0,,,
2943,0,,,
2944,0,,,
2945,0,,,
2946,0,,,
2947,0,,,
2948,1,0,115.276208,44.8883781
2949,0,,,
2950,0,,,
2951,0,,,
2952,1,0,139.997373,62.2759368
2953,0,,,
2954,1,1,84.2840131,78.747709
2955,0,,,
2956,2,0,80.2126327,98.2018298
2957,0,,,
2958,1,0,125.127788,166.930929
2959,0,,,
2960,0,,,
2961,0,,,
2962,1,0,169.158158,84.1018334
2963,0,,,
2964,1,1,81.8082734,75.0169097
2965,0,,,
2966,0,,,
2967,1,1,78.8287752,56.4635813
2968,1,0,82.8197586,103.640319
2969,1,1,177.886672,107.253582
2970,0,,,
2971,0,,,
2972,0,,,
2973,1,1,141.851438,57.8823806
2974,0,,,
2975,2,1,137.020981,150.833724
2976,0,,,
2977,0,,,
2978,2,0,123.551685,65.6789401
2979,0,,,
2980,1,0,79.5929387,80.2817993
2981,0,,,
2982,1,0,143.483434,94.1779462
2983,0,,,
2984,0,,,
2985,1,0,118.637937,76.1993945
2986,0,,,
2987,0,,,
2988,0,,,
2989,0,,,
2990,0,,,
2991,1,1,123.658545,91.5777169
2992,0,,,
2993,1,0,116.649311,136.623108
2994,0,,,
2995,0,,,
2996,0,,,
2997,0,,,
2998,1,0,128.731199,52.7455307
2999,1,0,109.698541,74.9361531
3000,0,,,
3001,0,,,
3002,0,,,
3003,1,0,82.5224819,81.4556466
3004,1,0,220.263843,125.806484
3005,0,,,
3006,0,,,
3007,0,,,
3008,0,,,
3009,2,0,96.5984845,96.8417077
3010,0,,,
3011,0,,,
3012,0,,,
3013,1,0,78.478538,62.4058481
3014,0,,,
3015,0,,,
3016,0,,,
3017,1,1,84.4184123,68.1683138
3018,0,,,
3019,1,0,70.368565,79.3222709
3020,1,0,139.507185,86.5548817
3021,0,,,
3022,0,,,
3023,1,1,116.679136,97.4219516
3024,1,0,87.8588618,99.3458204
3025,2,1,155.500091,68.9337057
3026,0,,,
3027,2,1,150.835165,68.5209003
3028,1,1,83.2837851,92.4523698
3029,0,,,
3030,1,1,106.874307,78.2565179
3031,1,0,121.510078,88.2900047
3032,0,,,
3033,0,,,
3034,0,,,
3035,1,0,116.217352,78.6619716
3036,0,,,
3037,0,,,
3038,1,1,161.13884,55.6720753
3039,1,0,131.503851,76.6654763
3040,0,,,
3041,0,,,
3042,0,,,
3043,0,,,
3044,1,1,155.83567,182.233953
3045,0,,,
3046,0,,,
3047,1,0,139.276854,45.0991687
3048,0,,,
3049,1,1,131.323502,72.9774515
3050,1,0,114.393122,77.5596175
3051,1,1,91.0748465,116.51621
3052,0,,,
3053,0,,,
3054,1,0,76.8036504,90.8965142
3055,1,1,76.7592864,91.0176146
3056,1,1,119.800213,57.0401711
3057,0,,,
3058,0,,,
3059,0,,,
3060,0,,,
3061,1,1,103.326047,127.210602
3062,1,1,74.6101419,113.656143
3063,1,1,139.822523,71.4505063
3064,1,1,66.3032616,87.7629375
3065,0,,,
3066,0,,,
3067,1,1,120.44876,73.6879629
3068,1,0,93.7699283,78.4766873
3069,0,,,
3070,0,,,
3071,0,,,
3072,2,0,159.607682,35.5846881
3073,0,,,
3074,0,,,
3075,0,,,
3076,1,1,75.4999827,76.8484147
3077,1,0,168.43747,67.3107386
3078,1,1,77.6565187,91.2019716
3079,0,,,
3080,0,,,
3081,0,,,
3082,0,,,
3083,0,,,
3084,1,1,112.915565,66.7098582
3085,1,1,57.659481,94.5964481
3086,0,,,
3087,2,0,133.314573,54.2269091
3088,0,,,
3089,0,,,
3090,1,1,120.301313,83.3632412
3091,0,,,
3092,2,1,91.905293,49.6767096
3093,0,,,
3094,0,,,
3095,1,0,135.022985,69.0035601
3096,1,0,84.526835,109.355735
3097,1,1,90.6047487,60.1730532
3098,2,1,142.740703,80.5051583
3099,1,0,104.12648,154.138346
3100,0,,,
3101,0,,,
3102,0,,,
3103,0,,,
3104,0,,,
3105,1,0,112.902611,81.0945879
3106,0,,,
3107,0,,,
3108,1,0,78.6419918,99.1787952
3109,0,,,
3110,0,,,
3111,1,1,76.8106347,82.8316497
3112,1,1,85.8794404,80.5391612
3113,0,,,
3114,1,1,79.3344538,57.4719742
3115,0,,,
3116,1,0,112.377992,78.3388653
3117,2,1,113.68501,83.7919625
3118,1,1,67.3565371,73.9409405
3119,1,1,55.4017649,72.3974853
3120,0,,,
3121,1,0,57.3582235,97.4346415
3122,0,,,
3123,0,,,
3124,0,,,
3125,2,0,72.5026447,86.0929127
3126,0,,,
3127,0,,,
3128,0,,,
3129,0,,,
3130,1,1,127.532386,49.3380405
3131,0,,,
3132,0,,,
3133,0,,,
3134,0,,,
3135,1,0,80.8366808,85.239555
3136,1,1,78.8107031,101.42916
3137,0,,,
3138,0,,,
3139,0,,,
3140,1,1,123.741387,73.3584347
3141,0,,,
3142,0,,,
3143,0,,,
3144,0,,,
3145,0,,,
3146,0,,,
3147,1,0,65.3857382,85.8480965
3148,1,0,127.073914,56.6746655
3149,0,,,
3150,0,,,
3151,0,,,
3152,2,0,100.421503,75.9651935
3153,0,,,
3154,0,,,
3155,0,,,
3156,1,0,132.926538,83.1212984
3157,1,1,111.9932,80.8390918
3158,1,1,132.952139,74.1624242
3159,1,0,103.496407,91.0634605
3160,1,1,74.6851537,83.7112919
3161,0,,,
3162,0,,,
3163,0,,,
3164,0,,,
3165,1,1,137.70764,59.1259865
3166,1,0,119.599191,103.632256
3167,0,,,
3168,0,,,
3169,0,,,
3170,0,,,
3171,2,0,71.7799317,86.7720709
3172,0,,,
3173,0,,,
3174,0,,,
3175,1,0,76.7767721,98.5342002
3176,0,,,
3177,1,1,117.119966,78.3819509
3178,1,1,71.9537586,82.7524992
3179,0,,,
3180,0,,,
3181,0,,,
3182,0,,,
3183,1,0,103.778734,95.1032235
3184,0,,,
3185,1,1,168.174653,88.3774012
3186,1,1,101.988471,66.3660892
3187,0,,,
3188,0,,,
3189,1,0,99.5362426,63.2134359
3190,0,,,
3191,0,,,
3192,1,1,50.9896734,76.5896203
3193,0,,,
3194,0,,,
3195,2,0,139.264538,76.5918586
3196,1,1,148.95208,71.8153139
3197,2,0,77.2919992,55.4575185
3198,1,0,210.320113,87.7070074
3199,0,,,
3200,0,,,
3201,0,,,
3202,0,,,
3203,0,,,
3204,1,0,78.2198882,140.085633
3205,2,1,102.626935,62.8658529
3206,1,0,121.104283,67.7314996
3207,0,,,
3208,1,0,111.202136,68.5193158
3209,0,,,
3210,1,0,54.7512557,74.9911543
3211,1,1,148.008405,39.887305
3212,1,1,76.4415955,100.900567
3213,0,,,
3214,2,1,131.499049,62.9712833
3215,0,,,
3216,1,0,109.609803,54.0717157
3217,1,0,85.4527746,101.640249
3218,1,0,103.276661,75.2169945
3219,1,0,82.6730882,61.1064458
3220,2,0,57.7653765,106.012082
3221,1,0,78.2440336,110.161733
3222,1,1,91.0725611,65.141555
3223,1,0,128.418616,48.0550996
3224,1,0,79.5420464,110.245636
3225,1,0,136.189782,45.5102032
3226,0,,,
3227,0,,,
3228,0,,,
3229,1,1,109.846748,52.8410958
3230,1,1,132.55396,78.0615962
3231,0,,,
3232,0,,,
3233,0,,,
3234,0,,,
3235,1,1,141.495981,69.4784351
3236,0,,,
3237,1,1,125.121065,34.2465669
3238,1,1,89.5268308,109.372437
3239,1,0,76.1298155,70.3851823
3240,0,,,
3241,0,,,
3242,0,,,
3243,0,,,
3244,0,,,
3245,1,0,136.688585,75.3913274
3246,0,,,
3247,0,,,
3248,0,,,
3249,2,1,85.7311853,95.5945732
3250,0,,,
3251,0,,,
3252,1,1,137.560283,41.0923842
3253,1,0,113.702125,79.0458128
3254,0,,,
3255,0,,,
3256,0,,,
3257,2,0,100.208838,102.218834
3258,0,,,
3259,0,,,
3260,0,,,
3261,1,1,67.3643915,89.3105905
3262,1,0,109.539172,82.9061507
3263,1,0,184.855612,71.0535839
3264,0,,,
3265,0,,,
3266,0,,,
3267,0,,,
3268,0,,,
3269,1,0,109.611923,101.051817
3270,2,0,131.520478,95.7790218
3271,1,1,104.239756,70.9242396
3272,1,0,140.42654,66.1114532
3273,1,0,139.877513,80.5978757
3274,1,0,71.7900599,70.0951412
3275,2,1,88.7040472,109.957644
3276,1,1,117.329612,74.2936052
3277,0,,,
3278,0,,,
3279,0,,,
3280,0,,,
3281,0,,,
3282,0,,,
3283,1,1,96.0102295,68.9259425
3284,0,,,
3285,0,,,
3286,0,,,
3287,1,1,134.802655,80.9006629
3288,0,,,
3289,0,,,
3290,0,,,
3291,0,,,
3292,1,0,78.6267091,51.8097867
3293,0,,,
3294,1,0,105.32315,63.074651
3295,2,1,114.580476,114.889652
3296,1,1,121.45761,60.3821574
3297,0,,,
3298,2,1,125.309483,75.9496825
3299,0,,,
3300,1,1,151.496683,96.9706773
3301,1,1,76.5844711,64.5249283
3302,0,,,
3303,0,,,
3304,0,,,
3305,0,,,
3306,1,1,93.9416306,77.4336694
3307,0,,,
3308,1,0,79.71202,121.180932
3309,0,,,
3310,0,,,
3311,0,,,
3312,0,,,
3313,0,,,
3314,0,,,
3315,0,,,
3316,0,,,
3317,0,,,
3318,0,,,
3319,1,0,96.5644291,115.040202
3320,0,,,
3321,0,,,
3322,0,,,
3323,0,,,
3324,1,0,77.0123031,66.0534533
3325,0,,,
3326,1,1,131.17724,64.9807477
3327,0,,,
3328,0,,,
3329,1,0,144.484652,73.5864373
3330,0,,,
3331,0,,,
3332,0,,,
3333,0,,,
3334,1,0,135.931845,74.9237984
3335,0,,,
3336,0,,,
3337,0,,,
3338,1,0,135.464905,103.452148
3339,0,,,
3340,1,1,86.9417703,78.2685425
3341,1,0,87.4611742,76.2045052
3342,0,,,
3343,1,1,77.9607051,85.2504383
3344,0,,,
3345,0,,,
3346,1,1,129.491063,78.8016722
3347,1,0,118.588181,89.5835528
3348,0,,,
3349,1,0,135.401453,78.7566862
3350,1,1,132.648677,116.561725
3351,2,0,87.8773822,88.9961168
3352,0,,,
3353,0,,,
3354,0,,,
3355,0,,,
3356,0,,,
3357,0,,,
3358,0,,,
3359,0,,,
3360,2,1,133.552304,80.0864187
3361,0,,,
3362,0,,,
3363,0,,,
3364,0,,,
3365,1,1,60.2069788,78.2182448
3366,0,,,
3367,1,0,88.4066971,75.6064846
3368,0,,,
3369,1,1,88.8272684,71.5721184
3370,0,,,
3371,0,,,
3372,0,,,
3373,0,,,
3374,2,0,60.2466534,104.213288
3375,1,1,151.901175,48.7968263
3376,0,,,
3377,0,,,
3378,0,,,
3379,1,0,134.687626,80.1411972
3380,1,0,67.7652982,79.2309341
3381,1,1,101.311455,68.9429695
3382,0,,,
3383,1,0,83.1689124,74.5454274
3384,1,0,91.0593465,82.4285063
3385,0,,,
3386,0,,,
3387,0,,,
3388,1,0,113.000503,87.3634414
3389,2,0,122.72513,78.1692861
3390,0,,,
3391,1,0,112.473987,86.6170896
3392,1,0,157.964757,81.3684396
3393,0,,,
3394,0,,,
3395,0,,,
3396,0,,,
3397,0,,,
3398,1,1,131.777887,68.7220483
3399,0,,,
3400,0,,,
3401,0,,,
3402,0,,,
3403,1,1,128.707593,75.468244
3404,0,,,
3405,0,,,
3406,1,1,208.781178,82.6421695
3407,1,0,83.392177,77.0653728
3408,1,1,80.6257449,100.928418
3409,0,,,
3410,1,0,136.535323,45.7023026
3411,0,,,
3412,1,1,91.0696133,132.971404
3413,1,0,136.33954,71.9076496
3414,0,,,
3415,1,1,122.680459,98.2062698
3416,1,0,158.55214,87.1236718
3417,1,0,170.772959,132.122864
3418,1,1,131.802443,84.3416599
3419,1,0,89.2244855,93.6730696
3420,1,1,142.332998,35.094328
3421,0,,,
3422,0,,,
3423,1,0,128.31072,84.531852
3424,0,,,
3425,0,,,
3426,1,0,90.4899401,54.6883505
3427,1,0,96.4422599,77.2577199
3428,0,,,
3429,1,1,102.915938,65.1570228
3430,0,,,
3431,0,,,
3432,1,0,138.325565,74.8943834
3433,0,,,
3434,0,,,
3435,0,,,
3436,0,,,
3437,0,,,
3438,1,0,101.830946,96.6021402
3439,0,,,
3440,0,,,
3441,1,0,49.7414105,80.3182558
3442,0,,,
3443,1,0,50.0606304,72.18679
3444,0,,,
3445,1,0,185.808618,83.8217028
3446,1,0,107.581739,112.884541
3447,1,1,114.418016,64.0849488
3448,0,,,
3449,0,,,
3450,0,,,
3451,1,0,108.843923,72.6135849
3452,0,,,
3453,0,,,
3454,0,,,
3455,0,,,
3456,0,,,
3457,1,1,105.608784,72.7570168
3458,1,0,116.512497,59.0442025
3459,1,0,89.2853319,69.7500526
3460,1,0,69.0634997,63.3565989
3461,0,,,
3462,1,0,103.008643,82.8345664
3463,2,1,100.811279,106.935042
3464,1,1,91.0970441,78.2978567
3465,1,0,80.4444255,92.0718118
3466,0,,,
3467,0,,,
3468,0,,,
3469,0,,,
3470,0,,,
3471,0,,,
3472,1,0,110.247877,94.9595836
3473,0,,,
3474,1,0,113.038468,58.1711901
3475,0,,,
3476,2,0,83.0656863,107.868651
3477,0,,,
3478,1,1,93.348328,75.1280856
3479,0,,,
3480,1,0,78.5067224,85.6205115
3481,1,1,92.1045374,63.7605364
3482,0,,,
3483,0,,,
3484,0,,,
3485,1,1,108.862078,92.3804849
3486,0,,,
3487,1,1,77.9713765,119.566526
3488,1,1,88.7464065,94.8908856
3489,2,0,65.6883312,86.5245298
3490,0,,,
3491,0,,,
3492,1,1,121.666928,77.6375496
3493,1,0,59.1877332,100.341013
3494,0,,,
3495,0,,,
3496,0,,,
3497,1,1,89.5564091,121.347188
3498,0,,,
3499,0,,,
3500,0,,,
3501,0,,,
3502,0,,,
3503,0,,,
3504,1,1,109.530644,81.5687998
3505,1,1,128.088956,61.8329188
3506,0,,,
3507,0,,,
3508,0,,,
3509,1,1,105.538937,112.991055
3510,1,0,142.345682,71.2790175
3511,1,0,125.916871,58.1982769
3512,1,1,112.012136,111.730608
3513,0,,,
3514,0,,,
3515,0,,,
3516,0,,,
3517,0,,,
3518,0,,,
3519,0,,,
3520,0,,,
3521,2,1,98.8479157,70.7513571
3522,0,,,
3523,1,1,69.4037764,54.6031932
3524,1,1,132.62237,71.9678139
3525,1,1,65.8025206,79.5306457
3526,1,0,80.4881352,75.4479016
3527,0,,,
3528,1,0,89.1811755,90.4854048
3529,0,,,
3530,1,1,102.076073,67.8918397
3531,1,0,79.6782197,100.248166
3532,0,,,
3533,0,,,
3534,0,,,
3535,0,,,
3536,1,1,130.22708,67.391918
3537,0,,,
3538,0,,,
3539,0,,,
3540,1,0,160.143311,92.6446765
3541,0,,,
3542,0,,,
3543,1,0,133.367756,150.582354
3544,0,,,
3545,0,,,
3546,0,,,
3547,1,0,135.233428,78.5562996
3548,0,,,
3549,1,0,187.846975,119.827733
3550,0,,,
3551,1,0,125.553278,67.6816361
3552,0,,,
3553,0,,,
3554,0,,,
3555,2,0,121.042825,61.554373
3556,1,0,114.869356,90.6558013
3557,0,,,
3558,0,,,
3559,0,,,
3560,1,1,133.003251,82.0540639
3561,0,,,
3562,0,,,
3563,1,0,115.910897,94.3251376
3564,1,0,127.616785,76.222314
3565,1,1,139.737875,55.6648561
3566,0,,,
3567,0,,,
3568,1,1,116.066887,81.0682355
3569,0,,,
3570,0,,,
3571,0,,,
3572,0,,,
3573,0,,,
3574,0,,,
3575,2,0,141.808025,81.809037
3576,1,1,178.363042,71.6473852
3577,0,,,
3578,1,1,110.959763,100.373195
3579,1,0,100.851975,83.8985227
3580,1,1,88.9405722,72.1298188
3581,1,1,141.930905,55.2710824
3582,2,0,99.4372024,161.868281
3583,1,0,105.512529,71.457659
3584,0,,,
3585,1,1,168.343562,182.855973
3586,1,0,107.479657,73.827372
3587,0,,,
3588,1,1,166.317843,53.3136926
3589,0,,,
3590,1,0,84.455715,46.9098677
3591,0,,,
3592,0,,,
3593,0,,,
3594,1,0,136.45627,72.3815388
3595,0,,,
3596,0,,,
3597,0,,,
3598,0,,,
3599,0,,,
3600,1,0,155.978948,77.4900182
3601,1,1,133.802157,66.6620551
3602,0,,,
3603,2,0,84.9781632,72.8567112
3604,1,1,175.977033,97.2858027
3605,0,,,
3606,0,,,
3607,1,0,84.0552189,64.5602097
3608,0,,,
3609,0,,,
3610,1,1,92.0447613,67.5273368
3611,1,0,107.746527,59.2834719
3612,0,,,
3613,0,,,
3614,0,,,
3615,0,,,
3616,0,,,
3617,0,,,
3618,0,,,
3619,1,0,106.576884,79.8696208
3620,1,0,150.379384,129.145135
3621,1,0,108.238837,81.5494983
3622,1,0,173.286953,75.1632196
3623,1,1,112.141847,74.6510247
3624,1,1,71.4833587,81.8805629
3625,0,,,
3626,1,0,106.271748,173.246215
3627,2,0,123.30714,99.3522224
3628,1,1,97.2214189,80.784386
3629,0,,,
3630,0,,,
3631,1,1,117.772907,71.0106209
3632,1,1,138.647425,142.844383
3633,1,0,112.12393,77.1188688
3634,1,0,116.534859,89.7344734
3635,0,,,
3636,0,,,
3637,1,1,122.865653,66.2689432
3638,1,0,152.95682,109.870758
3639,2,1,110.205113,62.4476183
3640,0,,,
3641,0,,,
3642,0,,,
3643,1,1,70.5858621,73.7375581
3644,0,,,
3645,1,1,105.379065,73.6784567
3646,1,0,99.7532847,57.4811581
3647,0,,,
3648,1,0,109.714811,100.358729
3649,1,1,77.8313123,72.9267804
3650,0,,,
3651,0,,,
3652,0,,,
3653,0,,,
3654,0,,,
3655,0,,,
3656,0,,,
3657,1,0,123.09267,72.5466829
3658,0,,,
3659,2,0,152.276927,70.4726753
3660,1,1,135.103935,74.9852826
3661,1,0,205.365788,74.434946
3662,0,,,
3663,1,0,161.384637,84.7169131
3664,0,,,
3665,0,,,
3666,0,,,
3667,0,,,
3668,1,0,56.2307494,79.3842743
3669,0,,,
3670,0,,,
3671,0,,,
3672,0,,,
3673,0,,,
3674,0,,,
3675,0,,,
3676,0,,,
3677,1,1,83.1040269,70.5047148
3678,1,1,141.94135,67.3273749
3679,0,,,
3680,1,0,82.3848581,118.391829
3681,0,,,
3682,0,,,
3683,0,,,
3684,0,,,
3685,0,,,
3686,0,,,
3687,1,0,99.872799,76.5481695
3688,0,,,
3689,0,,,
3690,0,,,
3691,0,,,
3692,0,,,
3693,0,,,
3694,0,,,
3695,0,,,
3696,0,,,
3697,0,,,
3698,1,0,108.20633,105.603914
3699,0,,,
3700,1,1,54.7256335,101.37285
3701,0,,,
3702,1,1,139.221147,79.2602659
3703,0,,,
3704,0,,,
3705,0,,,
3706,1,1,125.724591,66.0572077
3707,1,0,123.721806,76.73664
3708,1,0,121.775656,67.7692881
3709,0,,,
3710,0,,,
3711,0,,,
3712,0,,,
3713,0,,,
3714,0,,,
3715,0,,,
3716,2,0,58.6708372,94.9912923
3717,0,,,
3718,1,0,79.1502817,80.1953529
3719,0,,,
3720,0,,,
3721,0,,,
3722,0,,,
3723,1,0,130.884098,72.4437721
3724,0,,,
3725,0,,,
3726,0,,,
3727,0,,,
3728,0,,,
3729,0,,,
3730,0,,,
3731,0,,,
3732,1,1,115.350791,77.2673644
3733,0,,,
3734,0,,,
3735,0,,,
3736,0,,,
3737,0,,,
3738,0,,,
3739,1,1,99.4168106,61.3492495
3740,0,,,
3741,0,,,
3742,1,0,83.3187761,101.244953
3743,0,,,
3744,1,0,75.7531022,73.628747
3745,1,0,131.691575,70.867231
3746,0,,,
3747,0,,,
3748,0,,,
3749,1,0,92.9808567,98.4115622
3750,0,,,
3751,1,0,81.4338469,84.8546213
3752,2,0,87.1458179,78.3205322
3753,0,,,
3754,0,,,
3755,0,,,
3756,2,0,123.359565,76.8074426
3757,0,,,
3758,0,,,
3759,1,0,89.6884114,101.431835
3760,0,,,
3761,0,,,
3762,1,1,95.3886193,101.729706
3763,0,,,
3764,0,,,
3765,0,,,
3766,0,,,
3767,0,,,
3768,0,,,
3769,0,,,
3770,2,1,93.1714006,54.0597158
3771,0,,,
3772,0,,,
3773,0,,,
3774,1,0,131.332347,76.6399465
3775,0,,,
3776,0,,,
3777,0,,,
3778,0,,,
3779,1,0,124.188257,76.9460038
3780,1,1,69.2688503,97.1161959
3781,1,0,85.3722234,69.5938052
3782,0,,,
3783,1,1,75.9018295,104.260123
3784,1,0,85.9460161,87.0391934
3785,0,,,
3786,0,,,
3787,1,0,100.31798,109.367995
3788,1,0,117.933365,67.6597592
3789,1,1,128.532171,73.5766461
3790,1,1,200.868427,285.998469
3791,1,1,109.086686,100.014587
3792,0,,,
3793,0,,,
3794,0,,,
3795,1,1,62.7153915,74.0156602
3796,0,,,
3797,1,1,135.312532,76.06965
3798,1,1,126.505746,81.4470586
3799,1,0,116.765632,84.7581839
3800,1,1,104.162657,96.9917404
3801,1,0,137.418423,92.8106562
3802,0,,,
3803,1,0,100.948704,73.514496
3804,1,0,87.5906883,75.1135535
3805,1,0,59.9535977,82.0102077
3806,1,1,104.859139,70.6427544
3807,1,1,135.787175,69.8458166
3808,0,,,
3809,0,,,
3810,0,,,
3811,1,0,123.494365,90.7371432
3812,0,,,
3813,0,,,
3814,1,0,115.176801,109.123975
3815,1,1,76.0523879,52.6671651
3816,1,0,63.8566813,64.4295283
3817,0,,,
3818,0,,,
3819,0,,,
3820,0,,,
3821,1,0,96.5863304,91.957264
3822,2,1,118.823865,79.2287925
3823,0,,,
3824,0,,,
3825,1,0,79.2385552,68.3885124
3826,1,0,58.5379367,72.1453677
3827,1,1,111.637172,73.8742531
3828,0,,,
3829,1,0,126.110236,83.7238126
3830,0,,,
3831,0,,,
3832,0,,,
3833,0,,,
3834,0,,,
3835,1,0,72.0269359,114.758137
3836,0,,,
3837,0,,,
3838,2,0,74.0350002,47.7863329
3839,0,,,
3840,1,1,191.997294,127.187542
3841,1,1,89.5250972,96.2487204
3842,1,0,238.67999,136.620292
3843,0,,,
3844,0,,,
3845,0,,,
3846,0,,,
3847,1,1,150.487486,142.586287
3848,1,1,114.983565,82.3922506
3849,1,0,121.580095,73.0011671
3850,0,,,
3851,0,,,
3852,1,0,127.214964,78.8879366
3853,1,1,100.624754,55.5258894
3854,1,1,83.1510673,76.9956368
3855,1,0,114.191353,77.7240806
3856,1,0,102.797671,100.434813
3857,1,1,76.1990056,83.3758694
3858,0,,,
3859,0,,,
3860,0,,,
3861,0,,,
3862,1,1,96.0124543,58.8649034
3863,0,,,
3864,1,1,147.169362,82.2298259
3865,0,,,
3866,2,0,80.614348,120.349901
3867,0,,,
3868,0,,,
3869,0,,,
3870,0,,,
3871,1,1,130.26523,79.3912186
3872,1,1,81.3507563,79.6037524
3873,0,,,
3874,0,,,
3875,2,0,135.988038,94.1223676
3876,0,,,
3877,0,,,
3878,0,,,
3879,0,,,
3880,1,1,96.6851558,103.252905
3881,2,0,151.346587,85.8815735
3882,0,,,
3883,1,0,80.1624401,124.780474
3884,0,,,
3885,1,0,100.605868,88.4996669
3886,0,,,
3887,0,,,
3888,1,0,136.722689,85.7692243
3889,1,0,79.7109364,85.7553345
3890,1,1,248.221063,83.5490262
3891,0,,,
3892,0,,,
3893,0,,,
3894,1,0,105.657025,77.0393899
3895,0,,,
3896,0,,,
3897,0,,,
3898,0,,,
3899,0,,,
3900,0,,,
3901,0,,,
3902,1,1,197.885731,79.5453253
3903,0,,,
3904,0,,,
3905,1,1,157.219129,103.225632
3906,2,1,75.9800577,46.288231
3907,1,1,56.4830417,76.3595143
3908,0,,,
3909,0,,,
3910,1,0,73.6747402,52.7433754
3911,1,0,131.978738,57.1980831
3912,2,1,72.0974339,84.9296826
3913,0,,,
3914,0,,,
3915,0,,,
3916,0,,,
3917,1,1,86.5482238,78.040514
3918,1,1,87.3506331,77.2142751
3919,1,1,107.835306,77.9710891
3920,0,,,
3921,0,,,
3922,2,0,119.645865,134.748013
3923,0,,,
3924,0,,,
3925,1,0,79.9704426,95.3646732
3926,1,0,128.76766,51.8911001
3927,0,,,
3928,0,,,
3929,0,,,
3930,1,1,123.777336,75.3095224
3931,1,1,113.506208,81.2229509
3932,0,,,
3933,0,,,
3934,0,,,
3935,0,,,
3936,2,0,115.416886,60.2951803
3937,1,0,106.202316,75.2728422
3938,0,,,
3939,0,,,
3940,1,0,80.6023168,129.056176
3941,0,,,
3942,0,,,
3943,0,,,
3944,0,,,
3945,1,0,105.137604,95.2312239
3946,1,1,73.4492324,97.2430235
3947,0,,,
3948,0,,,
3949,0,,,
3950,1,1,81.6207524,71.8829184
3951,1,1,120.118793,104.614306
3952,0,,,
3953,0,,,
3954,0,,,
3955,0,,,
3956,2,1,128.264365,84.4586235
3957,1,0,243.367702,121.248582
3958,1,1,86.3085989,69.579351
3959,0,,,
3960,0,,,
3961,0,,,
3962,1,1,91.817729,71.2704702
3963,0,,,
3964,2,0,120.853143,83.3278428
3965,1,0,68.4653373,85.2345229
3966,1,0,176.818949,35.622845
3967,1,1,131.824111,88.946228
3968,1,0,130.802332,78.1715095
3969,0,,,
3970,0,,,
3971,0,,,
3972,1,0,74.4803538,116.585739
3973,0,,,
3974,0,,,
3975,0,,,
3976,0,,,
3977,1,1,92.6788702,89.0102208
3978,0,,,
3979,1,1,234.56994,76.2794948
3980,1,1,118.527142,87.8278798
3981,0,,,
3982,0,,,
3983,1,0,61.2770353,73.9817468
3984,0,,,
3985,0,,,
3986,0,,,
3987,0,,,
3988,0,,,
3989,0,,,
3990,0,,,
3991,1,0,162.16392,35.1973237
3992,0,,,
3993,1,1,73.4680775,75.8956184
3994,1,1,108.690967,67.915073
3995,0,,,
3996,0,,,
3997,0,,,
3998,0,,,
3999,1,0,78.2340197,142.687254
4000,1,1,80.7406549,90.7331295
4001,0,,,
4002,0,,,
4003,1,1,76.5722642,70.6820602
4004,0,,,
4005,0,,,
4006,1,1,77.8241836,65.1901168
4007,0,,,
4008,0,,,
4009,1,1,205.144728,91.7654763
4010,0,,,
4011,0,,,
4012,0,,,
4013,1,1,91.8750165,92.3185867
4014,0,,,
4015,0,,,
4016,0,,,
4017,1,1,82.5631556,70.2523371
4018,0,,,
4019,0,,,
4020,0,,,
4021,1,0,84.3178059,72.4855277
4022,0,,,
4023,0,,,
4024,1,1,126.666932,82.6631024
4025,0,,,
4026,0,,,
4027,0,,,
4028,1,0,79.0466412,90.7427953
4029,0,,,
4030,0,,,
4031,0,,,
4032,0,,,
4033,1,0,117.557654,79.9697512
4034,0,,,
4035,1,0,103.479714,71.342894
4036,0,,,
4037,1,1,93.6552122,98.5720275
4038,2,0,78.5637013,95.5532693
4039,0,,,
4040,0,,,
4041,0,,,
4042,0,,,
4043,2,0,98.3809739,105.376423
4044,2,1,86.2715185,77.075056
4045,1,0,100.493922,78.1361588
4046,1,0,126.034236,78.2424666
4047,0,,,
4048,0,,,
4049,0,,,
4050,0,,,
4051,0,,,
4052,1,1,92.7587091,77.3062076
4053,1,1,88.5644172,70.5054323
4054,0,,,
4055,0,,,
4056,0,,,
4057,0,,,
4058,0,,,
4059,1,0,120.955675,162.899292
4060,0,,,
4061,0,,,
4062,0,,,
4063,2,1,96.6522464,77.7274832
4064,0,,,
4065,1,0,109.087448,65.3320335
4066,0,,,
4067,0,,,
4068,0,,,
4069,0,,,
4070,1,0,106.720068,97.2963048
4071,1,1,77.2240955,106.227667
4072,1,1,88.1116892,113.553683
4073,1,1,262.171574,144.6528
4074,0,,,
4075,0,,,
4076,1,1,91.3260697,83.9001899
4077,0,,,
4078,0,,,
4079,0,,,
4080,0,,,
4081,1,1,124.180093,74.9375575
4082,0,,,
4083,0,,,
4084,1,1,108.750539,100.93581
4085,0,,,
4086,1,0,74.9167465,52.6079884
4087,0,,,
4088,1,1,122.854266,72.9257923
4089,1,1,97.7823151,113.472314
4090,0,,,
4091,0,,,
4092,0,,,
4093,1,0,140.765786,75.5072361
4094,0,,,
4095,0,,,
4096,1,0,149.473114,59.3194847
4097,0,,,
4098,0,,,
4099,1,1,157.457986,76.0609309
4100,0,,,
4101,0,,,
4102,1,0,81.1373943,111.787028
4103,2,1,143.027657,62.1597774
4104,0,,,
4105,0,,,
4106,0,,,
4107,0,,,
4108,1,0,130.009835,72.625279
4109,2,0,67.4985629,66.8802361
4110,0,,,
4111,1,0,59.4950502,83.8303992
4112,1,0,69.8463389,48.6329791
4113,1,1,97.5066736,71.7833839
4114,0,,,
4115,0,,,
4116,0,,,
4117,1,0,65.9046391,91.8055429
4118,0,,,
4119,1,0,196.104581,111.644153
4120,1,1,93.4466106,71.029234
4121,0,,,
4122,0,,,
4123,2,1,100.860447,76.3228291
4124,0,,,
4125,0,,,
4126,1,0,132.384043,88.777847
4127,0,,,
4128,1,0,56.5503228,84.468771
4129,0,,,
4130,0,,,
4131,0,,,
4132,0,,,
4133,0,,,
4134,0,,,
4135,0,,,
4136,1,1,172.417268,131.470262
4137,0,,,
4138,0,,,
4139,1,0,86.3875208,77.1978715
4140,0,,,
4141,1,1,114.077296,118.016485
4142,0,,,
4143,0,,,
4144,0,,,
4145,1,1,110.688291,68.1941108
4146,0,,,
4147,0,,,
4148,1,1,129.79978,114.601193
4149,0,,,
4150,1,0,132.590204,82.8484281
4151,0,,,
4152,0,,,
4153,0,,,
4154,0,,,
4155,0,,,
4156,1,1,126.305982,85.5604397
4157,0,,,
4158,2,1,81.4279347,54.2260486
4159,2,1,120.212005,76.7766927
4160,1,0,93.992479,87.7346231
4161,1,1,154.24771,159.951259
4162,0,,,
4163,0,,,
4164,0,,,
4165,0,,,
4166,2,0,69.6011994,63.8407419
4167,1,1,107.266139,107.726302
4168,0,,,
4169,1,1,98.4773263,76.9962264
4170,1,1,134.848414,130.563376
4171,1,1,119.423264,83.1060777
4172,0,,,
4173,0,,,
4174,1,1,135.182377,69.14803
4175,0,,,
4176,0,,,
4177,1,0,140.375965,78.6711673
4178,0,,,
4179,1,1,109.763304,214.381152
4180,1,0,138.311072,76.607835
4181,0,,,
4182,0,,,
4183,0,,,
4184,0,,,
4185,1,0,137.173402,48.4870271
4186,0,,,
4187,0,,,
4188,0,,,
4189,1,0,102.456507,33.6281285
4190,1,1,113.73639,77.4403382
4191,0,,,
4192,0,,,
4193,2,0,74.5835501,85.1214608
4194,1,0,118.699148,85.9038682
4195,0,,,
4196,2,1,75.1084354,98.3923448
4197,1,1,78.9365859,98.5336784
4198,0,,,
4199,0,,,
4200,1,1,142.084549,173.203571
4201,0,,,
4202,0,,,
4203,0,,,
4204,0,,,
4205,0,,,
4206,1,1,94.194396,65.8167764
4207,0,,,
4208,0,,,
4209,2,0,103.404501,106.729369
4210,0,,,
4211,0,,,
4212,1,0,76.50705,134.407282
4213,1,1,137.368327,80.1229781
4214,1,1,118.977708,70.6371904
4215,0,,,
4216,0,,,
4217,1,1,177.586213,55.1975089
4218,0,,,
4219,0,,,
4220,1,0,85.347205,104.036678
4221,1,1,49.6296543,72.3156203
4222,0,,,
4223,1,1,46.1566843,74.7514395
4224,0,,,
4225,1,0,124.859275,95.57273
4226,1,0,93.2423328,92.1400133
4227,2,1,119.579233,63.5101528
4228,0,,,
4229,0,,,
4230,0,,,
4231,0,,,
4232,0,,,
4233,1,0,107.381772,79.9117213
4234,1,1,115.972286,102.730416
4235,0,,,
4236,0,,,
4237,1,1,144.675653,40.9872849
4238,2,0,81.9780807,28.6335345
4239,1,0,85.5623243,68.128806
4240,1,0,130.826474,142.885804
4241,1,1,136.784524,73.6390875
4242,1,0,143.011141,83.3520619
4243,0,,,
4244,1,0,103.809536,78.0613232
4245,0,,,
4246,0,,,
4247,1,1,199.864561,66.9801203
4248,0,,,
4249,1,0,75.280959,78.3044371
4250,1,0,126.917522,83.1971343
4251,0,,,
4252,1,0,104.198659,119.189298
4253,1,1,239.859285,109.698469
4254,1,0,80.0807545,99.6275506
4255,1,0,113.689059,77.2994182
4256,0,,,
4257,0,,,
4258,0,,,
4259,1,0,48.7981408,52.8065228
4260,2,1,63.5124592,96.7083853
4261,0,,,
4262,0,,,
4263,1,0,66.3361125,65.270962
4264,0,,,
4265,0,,,
4266,0,,,
4267,0,,,
4268,1,0,136.269123,75.006016
4269,0,,,
4270,1,1,113.50779,73.2553112
4271,1,1,117.219926,91.7351947
4272,1,1,107.187565,121.057863
4273,0,,,
4274,1,1,79.1985735,66.9366073
4275,1,0,115.945688,104.668953
4276,0,,,
4277,0,,,
4278,0,,,
4279,2,0,76.530541,82.9917829
4280,1,0,127.982835,83.6606064
4281,1,1,90.0820657,97.5542526
4282,0,,,
4283,0,,,
4284,0,,,
4285,1,1,77.6488334,57.3483161
4286,0,,,
4287,1,1,85.659894,123.787764
4288,1,0,124.342996,134.012008
4289,0,,,
4290,2,0,86.7367601,104.89024
4291,1,0,137.282367,57.0654492
4292,0,,,
4293,0,,,
4294,0,,,
4295,0,,,
4296,0,,,
4297,0,,,
4298,0,,,
4299,1,1,79.6628953,53.0197489
4300,0,,,
4301,0,,,
4302,0,,,
4303,1,1,100.7826,78.0701177
4304,0,,,
4305,0,,,
4306,1,0,136.26851,128.067997
4307,0,,,
4308,0,,,
4309,0,,,
4310,0,,,
4311,0,,,
4312,1,1,66.5344016,57.7730261
4313,0,,,
4314,1,0,113.914502,71.8722448
4315,1,0,65.7530328,66.5832117
4316,0,,,
4317,0,,,
4318,1,1,145.019542,77.9698431
4319,1,0,78.7859765,88.6173438
4320,0,,,
4321,1,0,88.1010878,134.231949
4322,2,1,144.783242,53.701274
4323,0,,,
4324,0,,,
4325,0,,,
4326,1,1,246.749868,140.157127
4327,0,,,
4328,0,,,
4329,0,,,
4330,0,,,
4331,0,,,
4332,0,,,
4333,0,,,
4334,0,,,
4335,0,,,
4336,0,,,
4337,0,,,
4338,0,,,
4339,0,,,
4340,1,0,130.540583,142.194765
4341,0,,,
4342,0,,,
4343,1,0,84.6141557,92.8485031
4344,1,0,78.5208996,74.3748624
4345,2,0,70.3363914,97.0849683
4346,0,,,
4347,0,,,
4348,0,,,
4349,1,0,75.7988095,70.1004248
4350,1,1,113.646123,61.0983395
4351,0,,,
4352,0,,,
4353,0,,,
4354,0,,,
4355,1,1,138.801314,77.1850244
4356,1,1,98.3132007,97.6116541
4357,0,,,
4358,0,,,
4359,1,0,81.2037329,66.8264875
4360,1,1,72.2249126,74.589045
4361,0,,,
4362,1,0,92.3558034,71.9499992
4363,0,,,
4364,1,1,132.20705,57.3248606
4365,1,1,118.901409,94.6103403
4366,0,,,
4367,1,1,86.4195934,137.797222
4368,1,0,138.103736,69.9318139
4369,1,1,127.066998,102.349143
4370,0,,,
4371,0,,,
4372,0,,,
4373,0,,,
4374,0,,,
4375,0,,,
4376,1,1,128.991489,82.0670247
4377,1,1,72.5059775,93.2258194
4378,0,,,
4379,0,,,
4380,1,0,126.907668,65.6759867
4381,0,,,
4382,0,,,
4383,0,,,
4384,0,,,
4385,1,0,128.28372,82.7226345
4386,1,1,83.4585166,88.5954894
4387,1,0,136.508624,74.9701597
4388,0,,,
4389,0,,,
4390,1,1,143.559867,89.9739527
4391,1,0,115.626626,68.2681986
4392,0,,,
4393,2,0,60.3054942,67.1619401
4394,0,,,
4395,0,,,
4396,1,1,111.019005,72.3244627
4397,0,,,
4398,0,,,
4399,0,,,
4400,0,,,
4401,1,0,118.012128,75.1586474
4402,0,,,
4403,1,0,112.167182,66.8398271
4404,1,1,145.000688,90.7947177
4405,0,,,
4406,0,,,
4407,0,,,
4408,1,0,124.139896,110.756594
4409,0,,,
4410,0,,,
4411,1,1,115.77013,109.774615
4412,0,,,
4413,0,,,
4414,1,0,165.774216,83.0909246
4415,1,1,101.409022,60.5583281
4416,0,,,
4417,0,,,
4418,0,,,
4419,1,1,75.4378135,95.6156992
4420,1,1,64.61372,80.4933348
4421,1,0,112.972406,70.3407999
4422,0,,,
4423,0,,,
4424,1,1,156.304865,64.1931002
4425,1,1,84.8569966,92.2687417
4426,0,,,
4427,0,,,
4428,0,,,
4429,2,0,137.142665,76.2509615
4430,0,,,
4431,1,1,84.0715746,83.3826972
4432,1,1,87.7764511,56.7349345
4433,1,0,107.138048,118.248441
4434,1,1,105.241776,79.9113575
4435,0,,,
4436,1,1,266.061038,145.072557
4437,0,,,
4438,1,0,66.5443548,121.833542
4439,1,0,40.4345579,75.8955965
4440,0,,,
4441,0,,,
4442,1,1,112.56676,85.4680089
4443,0,,,
4444,0,,,
4445,0,,,
4446,1,1,125.874129,82.5810087
4447,0,,,
4448,0,,,
4449,0,,,
4450,1,0,78.4139595,104.842975
4451,0,,,
4452,1,1,77.9012626,102.865997
4453,0,,,
4454,1,0,116.215988,87.0343989
4455,0,,,
4456,0,,,
4457,1,0,129.907858,76.924475
4458,0,,,
4459,0,,,
4460,2,0,150.809813,72.1684274
4461,0,,,
4462,1,0,68.7552772,64.4083788
4463,1,1,138.715352,62.6870662
4464,0,,,
4465,1,1,141.383279,80.7627562
4466,0,,,
4467,1,1,121.105846,96.6138005
4468,0,,,
4469,0,,,
4470,0,,,
4471,0,,,
4472,0,,,
4473,0,,,
4474,1,1,93.5343757,57.9850072
4475,0,,,
4476,0,,,
4477,1,1,112.488338,76.7764388
4478,0,,,
4479,0,,,
4480,0,,,
4481,0,,,
4482,0,,,
4483,1,0,72.7527237,85.65924
4484,0,,,
4485,1,0,137.17318,78.706956
4486,0,,,
4487,1,1,75.2071563,91.5272599
4488,1,0,67.4565863,79.1551839
4489,1,0,123.734554,90.801738
4490,0,,,
4491,0,,,
4492,0,,,
4493,1,0,81.9948477,107.50507
4494,0,,,
4495,0,,,
4496,0,,,
4497,0,,,
4498,0,,,
4499,1,1,91.37464,88.5257175
4500,0,,,
4501,0,,,
4502,0,,,
4503,1,0,80.4466275,89.325594
4504,1,1,136.434387,86.3705871
4505,0,,,
4506,0,,,
4507,0,,,
4508,0,,,
4509,1,0,186.132776,103.846786
4510,0,,,
4511,1,0,135.587119,65.6795361
4512,0,,,
4513,1,0,151.657022,84.7420719
4514,0,,,
4515,0,,,
4516,0,,,
4517,0,,,
4518,0,,,
4519,0,,,
4520,0,,,
4521,1,0,87.9578453,56.8287969
4522,1,0,95.9923713,81.8953312
4523,0,,,
4524,1,0,102.396842,116.320431
4525,0,,,
4526,0,,,
4527,1,0,77.7795749,110.865779
4528,0,,,
4529,0,,,
4530,1,0,96.5805548,78.0885691
4531,0,,,
4532,0,,,
4533,0,,,
4534,0,,,
4535,2,1,84.6020357,66.8876922
4536,0,,,
4537,0,,,
4538,0,,,
4539,0,,,
4540,1,0,125.325077,140.040951
4541,0,,,
4542,1,1,135.228443,71.7632987
4543,1,1,71.61436,94.2468003
4544,0,,,
4545,0,,,
4546,1,1,157.525366,142.855902
4547,0,,,
4548,1,1,51.6687702,77.9284383
4549,0,,,
4550,0,,,
4551,1,0,119.81745,100.700299
4552,1,1,185.034963,95.8158262
4553,0,,,
4554,1,0,110.001273,101.256087
4555,1,0,129.61715,78.7848314
4556,1,1,89.5551182,68.2134659
4557,1,0,118.359626,79.8000725
4558,0,,,
4559,1,0,91.14238,107.214993
4560,0,,,
4561,1,0,106.990542,62.618054
4562,0,,,
4563,1,0,71.3930687,93.0197667
4564,2,1,114.290227,58.4415651
4565,0,,,
4566,1,1,76.8919057,81.2903513
4567,0,,,
4568,0,,,
4569,0,,,
4570,0,,,
4571,0,,,
4572,0,,,
4573,0,,,
4574,0,,,
4575,0,,,
4576,0,,,
4577,1,0,129.959512,137.485624
4578,0,,,
4579,0,,,
4580,0,,,
4581,0,,,
4582,1,0,110.340432,52.9735291
4583,0,,,
4584,0,,,
4585,0,,,
4586,0,,,
4587,2,1,140.903611,77.870173
4588,0,,,
4589,1,0,158.293672,70.1413838
4590,0,,,
4591,1,1,80.620343,99.991045
4592,1,0,130.23006,72.4057628
4593,1,0,142.727431,93.1240214
4594,1,0,118.509805,128.370413
4595,0,,,
4596,0,,,
4597,2,1,126.423517,75.3876321
4598,0,,,
4599,1,1,102.032206,78.8275272
4600,0,,,
4601,0,,,
4602,0,,,
4603,0,,,
4604,1,1,75.2607708,71.747385
4605,0,,,
4606,1,1,117.115467,114.526012
4607,0,,,
4608,0,,,
4609,0,,,
4610,0,,,
4611,1,0,117.390821,54.3522075
4612,1,1,77.7814798,76.3928354
4613,0,,,
4614,0,,,
4615,1,1,281.406709,146.353401
4616,0,,,
4617,0,,,
4618,1,1,72.8449729,84.3473644
4619,2,1,137.950841,39.8974198
4620,0,,,
4621,0,,,
4622,1,0,87.5821045,67.3935231
4623,0,,,
4624,1,1,118.305315,50.4218427
4625,1,0,134.255497,89.493941
4626,2,1,106.285526,71.4436253
4627,0,,,
4628,0,,,
4629,1,1,101.061605,77.7125224
4630,2,1,65.2133613,40.9517234
4631,0,,,
4632,1,1,94.2408492,118.138909
4633,0,,,
4634,1,1,120.701088,79.5021561
4635,1,0,86.055778,98.1204436
4636,0,,,
4637,0,,,
4638,0,,,
4639,0,,,
4640,0,,,
4641,0,,,
4642,0,,,
4643,0,,,
4644,1,0,106.8111,94.1824865
4645,1,0,106.908552,86.4524772
4646,0,,,
4647,1,0,92.1791242,74.2725053
4648,1,0,57.6248271,80.8316466
4649,0,,,
4650,0,,,
4651,0,,,
4652,0,,,
4653,1,1,94.1070146,133.856464
4654,1,0,72.2940151,93.5700315
4655,0,,,
4656,0,,,
4657,0,,,
4658,0,,,
4659,0,,,
4660,0,,,
4661,0,,,
4662,0,,,
4663,0,,,
4664,1,0,96.1154035,64.5287898
4665,0,,,
4666,0,,,
4667,2,0,176.61338,86.9106806
4668,1,0,141.278897,58.2128246
4669,0,,,
4670,0,,,
4671,0,,,
4672,1,0,91.7151878,112.961895
4673,0,,,
4674,0,,,
4675,0,,,
4676,1,0,78.1632096,88.4617012
4677,0,,,
4678,0,,,
4679,1,1,124.70076,44.607627
4680,1,1,110.273312,97.8169619
4681,0,,,
4682,0,,,
4683,0,,,
4684,1,1,98.6306473,63.5460719
4685,0,,,
4686,1,0,142.505286,50.2611854
4687,0,,,
4688,2,1,84.0519419,48.7597161
4689,0,,,
4690,0,,,
4691,1,1,119.134259,74.1870509
4692,0,,,
4693,1,0,100.234869,110.266403
4694,0,,,
4695,1,0,77.2078211,72.0926026
4696,0,,,
4697,0,,,
4698,0,,,
4699,1,0,77.3976843,73.4942878
4700,1,0,119.959409,79.3463671
4701,0,,,
4702,1,1,41.3079816,82.6669437
4703,0,,,
4704,0,,,
4705,1,1,128.112655,88.9581587
4706,0,,,
4707,0,,,
4708,1,0,100.219976,51.9339132
4709,0,,,
4710,1,0,119.24637,70.3816709
4711,0,,,
4712,0,,,
4713,1,0,107.074673,79.59092
4714,0,,,
4715,1,1,121.190076,96.071177
4716,1,0,161.373506,72.8768139
4717,0,,,
4718,2,0,163.389376,60.5222291
4719,1,1,96.0296213,64.8520082
4720,1,0,69.3378252,75.831088
4721,1,1,102.418015,65.4416049
4722,1,1,105.753414,79.520981
4723,0,,,
4724,1,0,105.628456,95.4694257
4725,1,0,99.7500273,190.344613
4726,0,,,
4727,1,0,138.286435,69.4769738
4728,0,,,
4729,0,,,
4730,0,,,
4731,0,,,
4732,0,,,
4733,0,,,
4734,0,,,
4735,1,0,120.84334,80.3797218
4736,0,,,
4737,0,,,
4738,0,,,
4739,1,1,128.680718,76.453357
4740,0,,,
4741,0,,,
4742,0,,,
4743,1,0,63.0380485,64.4710548
4744,0,,,
4745,1,1,72.1803675,101.09894
4746,1,1,143.078042,74.8730671
4747,2,0,138.395158,63.4479397
4748,0,,,
4749,0,,,
4750,1,0,106.88583,72.6818914
4751,1,1,92.6674296,63.9215313
4752,0,,,
4753,0,,,
4754,1,0,123.326158,75.8182138
4755,2,1,79.4033148,79.4925998
4756,0,,,
4757,0,,,
4758,0,,,
4759,0,,,
4760,2,1,121.324757,60.280807
4761,0,,,
4762,0,,,
4763,0,,,
4764,0,,,
4765,0,,,
4766,1,0,58.8185398,67.0858901
4767,0,,,
4768,0,,,
4769,0,,,
4770,0,,,
4771,1,0,106.645195,90.8374848
4772,0,,,
4773,0,,,
4774,0,,,
4775,0,,,
4776,0,,,
4777,1,1,166.371019,48.3187818
4778,1,0,101.537607,80.2943384
4779,0,,,
4780,0,,,
4781,1,0,123.071267,92.254607
4782,1,1,136.768198,55.4970053
4783,1,0,127.064728,83.6879373
4784,0,,,
4785,1,1,106.653628,96.604773
4786,1,0,125.82466,80.4497619
4787,1,1,92.2265196,76.2569724
4788,0,,,
4789,1,0,94.8749737,62.1268144
4790,0,,,
4791,0,,,
4792,0,,,
4793,1,1,49.2313772,68.8871835
4794,1,1,77.94928,52.5888675
4795,0,,,
4796,0,,,
4797,1,1,85.9520931,94.3060178
4798,1,1,149.045026,77.3053147
4799,1,1,122.446101,40.7531692
4800,1,0,74.4202252,64.2367657
4801,0,,,
4802,0,,,
4803,1,1,83.3434799,71.2795508
4804,0,,,
4805,0,,,
4806,1,0,75.2646044,107.404788
4807,1,1,97.4070465,113.172215
4808,0,,,
4809,0,,,
4810,2,0,53.0593436,82.9631325
4811,1,1,117.358979,34.7529645
4812,0,,,
4813,0,,,
4814,0,,,
4815,0,,,
4816,1,1,133.972019,71.6606257
4817,0,,,
4818,0,,,
4819,0,,,
4820,1,0,98.2608286,77.9282609
4821,0,,,
4822,0,,,
4823,1,1,55.3562782,59.7057863
4824,0,,,
4825,1,1,99.2654903,122.631957
4826,0,,,
4827,0,,,
4828,0,,,
4829,1,0,85.7776086,77.82922
4830,0,,,
4831,2,1,136.118395,81.0795924
4832,1,0,65.5848619,67.6858506
4833,0,,,
4834,1,0,128.307947,79.8336743
4835,0,,,
4836,0,,,
4837,0,,,
4838,0,,,
4839,0,,,
4840,0,,,
4841,0,,,
4842,1,1,103.864879,79.6949161
4843,1,1,117.063733,79.006724
4844,1,0,76.1818158,66.5060104
4845,2,1,86.007871,111.241352
4846,1,1,119.85775,80.444699
4847,0,,,
4848,0,,,
4849,1,0,116.988039,93.1414645
4850,1,1,127.979656,32.0171414
4851,0,,,
4852,0,,,
4853,0,,,
4854,0,,,
4855,1,0,120.195101,80.3680839
4856,0,,,
4857,0,,,
4858,0,,,
4859,1,1,106.966479,110.484572
4860,1,0,128.495443,83.3725941
4861,0,,,
4862,0,,,
4863,0,,,
4864,1,1,108.835541,73.3855103
4865,1,0,141.884777,77.2913694
4866,0,,,
4867,0,,,
4868,0,,,
4869,0,,,
4870,0,,,
4871,0,,,
4872,0,,,
4873,0,,,
4874,0,,,
4875,2,0,143.790159,77.6338088
4876,0,,,
4877,1,1,78.2957562,100.090623
4878,0,,,
4879,0,,,
4880,0,,,
4881,0,,,
4882,1,0,98.5685175,58.7590226
4883,0,,,
4884,0,,,
4885,1,1,98.2790887,77.6342838
4886,1,0,99.2347452,87.9429719
4887,0,,,
4888,1,1,83.1199334,70.4931846
4889,0,,,
4890,0,,,
4891,0,,,
4892,0,,,
4893,0,,,
4894,0,,,
4895,1,1,89.4968534,74.5680795
4896,1,0,84.537976,77.6969489
4897,0,,,
4898,1,1,105.15031,54.1491739
4899,1,0,124.578643,42.8364819
4900,0,,,
4901,0,,,
4902,0,,,
4903,0,,,
4904,0,,,
4905,0,,,
4906,0,,,
4907,1,0,78.3370404,126.771525
4908,0,,,
4909,1,1,101.020607,71.3209392
4910,1,1,107.541186,99.5790971
4911,1,0,75.377115,65.7020053
4912,1,1,81.4596688,83.9065284
4913,0,,,
4914,2,1,95.8915476,89.4227495
4915,0,,,
4916,0,,,
4917,1,0,122.434267,76.1838539
4918,1,0,74.0367955,50.4853986
4919,2,0,111.388444,95.764655
4920,1,1,108.895588,68.3040613
4921,1,1,75.6272603,90.0958435
4922,0,,,
4923,0,,,
4924,0,,,
4925,1,1,116.06275,74.3918277
4926,1,0,357.825303,98.1462495
4927,0,,,
4928,0,,,
4929,0,,,
4930,0,,,
4931,0,,,
4932,0,,,
4933,0,,,
4934,0,,,
4935,0,,,
4936,0,,,
4937,1,0,80.3058615,97.5212944
4938,0,,,
4939,0,,,
4940,0,,,
4941,1,1,261.568645,131.708089
4942,0,,,
4943,1,0,105.658218,94.0893133
4944,1,0,186.994489,76.7263614
4945,0,,,
4946,1,1,74.6200498,75.9125984
4947,0,,,
4948,0,,,
4949,0,,,
4950,1,0,102.63118,66.261287
4951,0,,,
4952,0,,,
4953,0,,,
4954,0,,,
4955,0,,,
4956,0,,,
4957,1,0,108.134029,57.7152731
4958,1,0,81.5462991,108.797155
4959,0,,,
4960,0,,,
4961,2,0,89.3317961,65.1502552
4962,1,1,76.1532116,98.0421031
4963,1,1,118.470068,66.8282834
4964,1,0,66.5109795,68.6055979
4965,0,,,
4966,0,,,
4967,0,,,
4968,0,,,
4969,1,1,50.9948302,68.9418418
4970,1,0,123.844608,85.3094142
4971,1,1,85.559376,81.5868242
4972,0,,,
4973,1,0,103.20527,81.2072032
4974,0,,,
4975,1,1,93.3471414,72.2306472
4976,0,,,
4977,1,1,69.6433871,89.679318
4978,1,1,75.2417691,105.792212
4979,1,1,80.6672873,83.5682444
4980,1,1,109.298658,97.5319615
4981,0,,,
4982,0,,,
4983,1,1,103.555873,77.1460091
4984,1,0,134.297884,140.563324
4985,1,0,119.79578,82.6228064
4986,0,,,
4987,0,,,
4988,1,0,104.584109,68.9216396
4989,1,1,155.567374,107.073908
4990,1,1,101.763137,75.1431292
4991,0,,,
4992,0,,,
4993,1,0,119.349342,78.463666
4994,0,,,
4995,0,,,
4996,1,0,91.1197139,118.759543
4997,0,,,
4998,1,1,305.977389,193.777932
4999,0,,,
5000,0,,,
5001,0,,,
5002,0,,,
5003,1,1,63.6567981,62.6417185
5004,1,0,90.3733154,76.0322296
5005,0,,,
5006,1,0,158.656934,176.842114
5007,0,,,
5008,0,,,
5009,0,,,
5010,0,,,
5011,0,,,
5012,0,,,
5013,0,,,
5014,0,,,
5015,2,1,107.763212,93.8773053
5016,0,,,
5017,0,,,
5018,0,,,
5019,0,,,
5020,1,1,106.325959,77.9151518
5021,0,,,
5022,0,,,
5023,0,,,
5024,0,,,
5025,0,,,
5026,1,1,130.623493,79.2550108
5027,2,1,137.12692,73.5122594
5028,0,,,
5029,0,,,
5030,0,,,
5031,0,,,
5032,1,1,275.640174,142.729204
5033,1,0,176.417433,141.558148
5034,1,1,78.7776057,43.7089682
5035,1,1,142.452246,63.6044911
5036,1,1,102.221208,67.8794872
5037,0,,,
5038,1,1,134.343985,78.9575528
5039,1,1,115.518667,86.7507895
5040,1,1,132.160902,141.875324
5041,0,,,
5042,0,,,
5043,1,0,113.957663,82.138649
5044,0,,,
5045,0,,,
5046,0,,,
5047,0,,,
5048,1,0,77.2243022,86.0914089
5049,1,1,95.2493625,67.8873245
5050,0,,,
5051,0,,,
5052,0,,,
5053,0,,,
5054,1,1,77.208272,93.1800064
5055,1,0,89.8941265,82.9247818
5056,0,,,
5057,0,,,
5058,1,0,37.0859203,62.2234642
5059,0,,,
5060,0,,,
5061,0,,,
5062,0,,,
5063,2,1,98.9545534,79.547601
5064,1,1,70.0665084,65.8212456
5065,0,,,
5066,0,,,
5067,0,,,
5068,0,,,
5069,0,,,
5070,0,,,
5071,0,,,
5072,0,,,
5073,0,,,
5074,0,,,
5075,0,,,
5076,0,,,
5077,0,,,
5078,0,,,
5079,0,,,
5080,0,,,
5081,0,,,
5082,0,,,
5083,0,,,
5084,1,1,59.4024458,84.916088
5085,2,1,86.3878014,88.9613248
5086,0,,,
5087,0,,,
5088,0,,,
5089,0,,,
5090,1,0,121.536789,60.7289734
5091,1,0,93.3035642,57.1022926
5092,0,,,
5093,1,1,59.9646106,86.6862103
5094,1,0,75.9880659,60.8001717
5095,0,,,
5096,1,1,94.26607,60.6531856
5097,0,,,
5098,1,1,62.6987897,104.90429
5099,1,1,130.3711,72.8826829
5100,1,0,102.495252,57.4043572
5101,0,,,
5102,0,,,
5103,1,0,114.761994,80.7532565
5104,0,,,
5105,0,,,
5106,0,,,
5107,1,1,121.534899,81.287662
5108,0,,,
5109,1,0,100.522266,73.9536217
5110,0,,,
5111,1,1,103.262436,67.9611493
5112,0,,,
5113,0,,,
5114,1,1,75.5101997,83.5109115
5115,1,1,90.6298056,79.13921
5116,0,,,
5117,0,,,
5118,0,,,
5119,1,1,144.76176,73.9396769
5120,0,,,
5121,0,,,
5122,1,0,70.2523085,76.0072732
5123,1,0,113.33047,82.2995583
5124,0,,,
5125,1,1,93.0332778,113.632462
5126,0,,,
5127,0,,,
5128,1,0,86.5023209,106.287217
5129,0,,,
5130,0,,,
5131,0,,,
5132,0,,,
5133,0,,,
5134,0,,,
5135,0,,,
5136,1,1,83.1788605,69.7448438
5137,1,1,90.6544864,92.5933612
5138,1,0,232.320644,106.630607
5139,1,1,55.0511444,78.6465159
5140,1,1,78.8166238,105.470284
5141,0,,,
5142,1,0,83.3500551,88.8628236
5143,1,1,78.9288036,97.7114692
5144,1,1,99.3585742,77.6504061
5145,0,,,
5146,0,,,
5147,0,,,
5148,1,0,164.067518,91.7271787
5149,0,,,
5150,0,,,
5151,0,,,
5152,1,1,63.7897708,72.9115123
5153,0,,,
5154,0,,,
5155,1,1,99.6446364,89.4890082
5156,1,1,76.5421404,83.5176235
5157,0,,,
5158,1,0,103.041677,73.1062066
5159,1,1,140.589193,84.8137981
5160,0,,,
5161,0,,,
5162,0,,,
5163,1,1,101.549677,81.4888364
5164,0,,,
5165,1,0,88.541701,78.3217763
5166,1,1,79.9257072,73.0105036
5167,0,,,
5168,0,,,
5169,0,,,
5170,0,,,
5171,0,,,
5172,0,,,
5173,1,1,137.134148,84.7013603
5174,0,,,
5175,0,,,
5176,2,0,102.486103,70.7090896
5177,0,,,
5178,0,,,
5179,0,,,
5180,0,,,
5181,0,,,
5182,0,,,
5183,0,,,
5184,0,,,
5185,0,,,
5186,0,,,
5187,0,,,
5188,1,1,139.69621,75.0111695
5189,0,,,
5190,0,,,
5191,0,,,
5192,0,,,
5193,1,0,74.5425767,51.0533502
5194,1,0,217.048373,89.2220524
5195,0,,,
5196,0,,,
5197,1,1,80.5680604,99.5784164
5198,0,,,
5199,1,1,116.750802,86.3269744
5200,1,1,120.494269,190.750801
5201,0,,,
5202,0,,,
5203,0,,,
5204,1,0,227.323223,172.067691
5205,0,,,
5206,2,1,327.963898,91.0047925
5207,2,0,87.7813934,66.7957765
5208,0,,,
5209,0,,,
5210,0,,,
5211,0,,,
5212,1,1,75.4062275,79.7818054
5213,1,0,53.9057262,81.9459611
5214,0,,,
5215,0,,,
5216,0,,,
5217,2,1,146.712212,77.3436869
5218,0,,,
5219,0,,,
5220,0,,,
5221,1,1,83.410161,72.7285567
5222,0,,,
5223,1,0,75.4648543,108.02823
5224,1,0,80.2070715,85.5529992
5225,2,0,94.4075117,73.8616606
5226,0,,,
5227,0,,,
5228,0,,,
5229,0,,,
5230,2,1,58.8915575,91.7405443
5231,1,0,133.340958,68.8928522
5232,2,0,124.425445,69.648056
5233,0,,,
5234,0,,,
5235,1,1,67.7502437,78.7719658
5236,1,1,94.3440583,75.3061016
5237,0,,,
5238,1,0,121.470778,53.6221459
5239,1,1,100.687188,113.912011
5240,1,0,76.7321957,80.5032897
5241,2,1,94.9418008,69.6399012
5242,0,,,
5243,0,,,
5244,0,,,
5245,0,,,
5246,0,,,
5247,1,1,120.280034,74.2765379
5248,0,,,
5249,0,,,
5250,0,,,
5251,0,,,
5252,0,,,
5253,2,1,133.859307,99.5192709
5254,0,,,
5255,0,,,
5256,1,0,192.230222,98.575812
5257,0,,,
5258,0,,,
5259,1,1,106.952501,52.1298849
5260,2,0,149.118214,78.4755538
5261,2,0,75.8391705,95.0258365
5262,0,,,
5263,0,,,
5264,0,,,
5265,0,,,
5266,0,,,
5267,0,,,
5268,0,,,
5269,1,0,118.130873,79.2500097
5270,0,,,
5271,0,,,
5272,0,,,
5273,0,,,
5274,0,,,
5275,2,1,130.331827,77.564909
5276,1,0,99.9616015,113.019055
5277,0,,,
5278,1,0,80.4834162,74.2594556
5279,1,0,132.068804,84.6410439
5280,0,,,
5281,0,,,
5282,0,,,
5283,1,1,97.9098562,86.843121
5284,0,,,
5285,1,0,109.537128,97.6892721
5286,0,,,
5287,1,1,141.564977,60.9712844
5288,2,0,82.3931832,106.677436
5289,0,,,
5290,0,,,
5291,1,0,122.617183,74.4543005
5292,0,,,
5293,1,0,66.4722982,48.481644
5294,1,1,51.7871712,61.5204368
5295,0,,,
5296,0,,,
5297,0,,,
5298,0,,,
5299,1,0,119.075085,73.8631485
5300,0,,,
5301,0,,,
5302,1,0,81.121399,102.145824
5303,1,1,95.1250755,75.2236429
5304,0,,,
5305,0,,,
5306,1,0,132.386888,72.9736378
5307,0,,,
5308,1,1,91.7656822,81.9359589
5309,0,,,
5310,0,,,
5311,0,,,
5312,0,,,
5313,0,,,
5314,0,,,
5315,1,0,146.578555,55.1750906
5316,1,0,250.896052,73.0803258
5317,1,0,97.1685518,84.6435952
5318,0,,,
5319,1,0,78.2187104,71.8134883
5320,0,,,
5321,0,,,
5322,0,,,
5323,0,,,
5324,0,,,
5325,1,0,76.1578202,82.6001804
5326,1,1,145.191623,80.5647174
5327,0,,,
5328,1,1,106.348613,73.1623446
5329,1,1,124.231379,79.9702803
5330,0,,,
5331,0,,,
5332,1,0,86.2921056,116.248422
5333,0,,,
5334,0,,,
5335,1,1,80.4405317,96.6186683
5336,0,,,
5337,1,1,72.1223594,62.456061
5338,1,1,88.6428037,63.0580108
5339,0,,,
5340,2,0,66.4633004,106.680856
5341,1,1,135.49498,84.5997472
5342,1,0,249.79028,58.0751004
5343,1,0,113.607534,84.3542211
5344,1,1,81.4891081,81.4114267
5345,1,0,81.742404,73.882886
5346,0,,,
5347,0,,,
5348,0,,,
5349,1,1,78.506485,126.83727
5350,1,1,116.74724,104.451986
5351,0,,,
5352,1,0,134.633349,68.0618321
5353,1,1,122.742667,78.8116932
5354,1,0,114.8855,59.6676649
5355,0,,,
5356,1,1,85.6436324,90.4812641
5357,1,0,84.9129495,124.426876
5358,0,,,
5359,1,1,118.969946,316.179786
5360,0,,,
5361,0,,,
5362,1,0,120.448458,77.7998194
5363,0,,,
5364,1,0,126.624678,62.8417054
5365,1,0,82.255981,86.7804564
5366,0,,,
5367,0,,,
5368,1,0,115.494381,108.60664
5369,1,0,82.0857313,105.427898
5370,0,,,
5371,1,1,137.842301,56.6409169
5372,0,,,
5373,1,1,60.3681395,92.2210568
5374,0,,,
5375,1,1,132.750257,82.0526717
5376,0,,,
5377,0,,,
5378,2,1,118.107912,90.1350874
5379,1,1,116.985532,80.1500788
5380,0,,,
5381,0,,,
5382,0,,,
5383,1,0,270.013269,96.6480304
5384,0,,,
5385,1,0,124.064346,85.9446246
5386,1,0,157.332918,64.1951029
5387,0,,,
5388,1,0,78.4598501,128.215127
5389,1,0,97.9724049,38.1123502
5390,0,,,
5391,0,,,
5392,0,,,
5393,0,,,
5394,0,,,
5395,0,,,
5396,2,0,87.9673862,70.5040952
5397,1,1,58.1188908,26.0119728
5398,0,,,
5399,1,0,58.5885594,40.1438801
5400,0,,,
5401,1,0,132.986266,76.6705535
5402,1,1,107.414385,74.9289542
5403,0,,,
5404,2,1,113.865201,107.908794
5405,2,1,73.2584826,93.8362804
5406,0,,,
5407,0,,,
5408,0,,,
5409,0,,,
5410,0,,,
5411,0,,,
5412,0,,,
5413,0,,,
5414,0,,,
5415,0,,,
5416,0,,,
5417,1,0,86.7245023,123.037347
5418,0,,,
5419,2,0,130.804707,79.3795813
5420,1,1,128.009596,63.2240619
5421,1,0,146.201092,75.9526707
5422,0,,,
5423,1,1,82.1740673,77.4302365
5424,0,,,
5425,1,0,129.128812,80.7004814
5426,0,,,
5427,0,,,
5428,0,,,
5429,0,,,
5430,0,,,
5431,0,,,
5432,1,0,156.675917,84.0064842
5433,1,0,134.581714,86.0220248
5434,1,0,92.1065821,110.168833
5435,0,,,
5436,0,,,
5437,0,,,
5438,0,,,
5439,1,1,257.123625,90.0987496
5440,0,,,
5441,0,,,
5442,0,,,
5443,1,1,68.5301415,59.8272103
5444,0,,,
5445,1,1,78.9623504,103.002928
5446,0,,,
5447,0,,,
5448,0,,,
5449,0,,,
5450,0,,,
5451,0,,,
5452,0,,,
5453,0,,,
5454,0,,,
5455,0,,,
5456,1,0,134.008795,91.4745439
5457,0,,,
5458,0,,,
5459,0,,,
5460,0,,,
5461,0,,,
5462,0,,,
5463,1,1,58.0671922,66.9138964
5464,1,0,54.3165029,50.8047536
5465,1,1,81.6591333,92.774864
5466,0,,,
5467,0,,,
5468,0,,,
5469,0,,,
5470,1,0,82.0017943,73.9515293
5471,0,,,
5472,1,0,179.7805,69.5860208
5473,1,0,81.1062928,69.1762105
5474,1,0,96.7302293,92.7532738
5475,0,,,
5476,1,1,171.833904,171.726222
5477,0,,,
5478,0,,,
5479,1,0,121.3523,107.059998
5480,1,1,131.508273,86.2462628
5481,1,0,133.99097,116.711384
5482,1,1,84.4318967,63.810952
5483,1,0,119.402722,95.7105884
5484,1,0,84.7985512,112.384482
5485,0,,,
5486,0,,,
5487,1,0,128.340127,79.1559413
5488,1,1,128.308451,75.7327425
5489,0,,,
5490,1,0,226.117453,102.543268
5491,0,,,
5492,0,,,
5493,0,,,
5494,0,,,
5495,0,,,
5496,0,,,
5497,1,1,117.962402,73.0937544
5498,0,,,
5499,1,1,72.1978939,64.5443723
5500,1,0,155.875288,112.921803
5501,0,,,
5502,0,,,
5503,1,1,118.420055,73.1753225
5504,0,,,
5505,0,,,
5506,0,,,
5507,1,0,99.5857777,75.3890417
5508,2,1,111.839345,75.7298054
5509,1,1,127.26463,80.7751001
5510,0,,,
5511,0,,,
5512,1,0,92.2096166,110.768626
5513,0,,,
5514,1,0,183.962015,101.65846
5515,1,1,114.291766,86.8703877
5516,1,1,118.049651,70.5604526
5517,0,,,
5518,0,,,
5519,0,,,
5520,2,1,75.9750848,72.2669525
5521,0,,,
5522,1,1,92.8880118,110.116797
5523,1,1,75.6632924,69.3993982
5524,0,,,
5525,1,0,72.754829,42.5112187
5526,1,1,105.639942,56.6743279
5527,0,,,
5528,0,,,
5529,0,,,
5530,0,,,
5531,0,,,
5532,0,,,
5533,0,,,
5534,0,,,
5535,1,1,74.0163597,81.1930871
5536,0,,,
5537,1,1,136.339222,76.2563762
5538,0,,,
5539,0,,,
5540,1,0,142.96093,65.7259847
5541,0,,,
5542,0,,,
5543,2,1,77.6438735,125.3734
5544,0,,,
5545,2,0,96.5883756,104.066713
5546,0,,,
5547,1,0,175.49191,130.765767
5548,0,,,
5549,0,,,
5550,1,1,139.372105,69.2055157
5551,1,1,84.4297532,78.0598947
5552,1,1,133.761323,60.9045025
5553,1,0,121.370013,81.8212597
5554,1,0,106.029058,44.9565526
5555,1,0,70.7700658,102.935384
5556,0,,,
5557,0,,,
5558,1,0,68.3716564,109.670034
5559,2,1,155.485901,45.5672078
5560,0,,,
5561,1,1,81.9864942,69.1370833
5562,0,,,
5563,0,,,
5564,1,1,131.667156,81.6256325
5565,0,,,
5566,0,,,
5567,0,,,
5568,1,0,93.7681779,85.5928457
5569,0,,,
5570,0,,,
5571,1,0,84.3464516,70.0322037
5572,0,,,
5573,1,0,81.1960579,76.8714309
5574,1,0,80.864624,104.630309
5575,1,1,83.6060024,95.6044084
5576,1,1,147.674343,40.0997374
5577,0,,,
5578,0,,,
5579,1,1,129.093427,77.4745402
5580,1,1,130.507059,58.9776059
5581,1,1,120.272765,62.012357
5582,1,1,102.809242,74.8188509
5583,1,1,110.285769,82.4812721
5584,1,0,89.3518964,73.3541868
5585,0,,,
5586,0,,,
5587,2,1,122.119965,85.3933336
5588,0,,,
5589,1,0,57.749445,109.510366
5590,0,,,
5591,1,0,138.741864,75.8421685
5592,0,,,
5593,0,,,
5594,1,0,135.308311,92.6829158
5595,1,1,103.745464,110.58923
5596,1,1,87.9626609,99.0736401
5597,0,,,
5598,0,,,
5599,1,0,119.474306,75.8737754
5600,0,,,
5601,1,1,120.703405,115.489601
5602,0,,,
5603,1,1,68.747293,77.4723185
5604,1,0,130.623598,54.8361538
5605,1,0,111.935928,82.2407341
5606,0,,,
5607,0,,,
5608,0,,,
5609,0,,,
5610,0,,,
5611,0,,,
5612,1,1,77.7497854,101.817051
5613,1,1,113.421329,62.1689508
5614,1,0,140.500505,115.809239
5615,1,0,85.6972033,82.5550892
5616,0,,,
5617,1,0,92.6145013,103.550746
5618,1,1,87.2420398,60.6483409
5619,1,1,111.915466,64.8447249
5620,0,,,
5621,2,1,76.0141301,81.6412312
5622,1,0,122.894835,69.6034795
5623,1,0,61.2610721,76.6248476
5624,0,,,
5625,0,,,
5626,1,0,115.63124,137.03496
5627,1,0,80.2953547,64.1365644
5628,1,1,117.387314,54.8126397
5629,0,,,
5630,0,,,
5631,0,,,
5632,0,,,
5633,0,,,
5634,0,,,
5635,0,,,
5636,1,1,149.753249,94.8508928
5637,0,,,
5638,0,,,
5639,0,,,
5640,2,0,132.881997,67.8795452
5641,0,,,
5642,1,0,73.0748708,79.2814404
5643,0,,,
5644,0,,,
5645,1,0,166.560668,63.954283
5646,0,,,
5647,0,,,
5648,0,,,
5649,1,1,92.6318669,70.6813933
5650,1,1,96.4649023,99.8604747
5651,1,1,313.484743,157.054303
5652,0,,,
5653,1,1,75.9190965,87.1841495
5654,1,1,163.052919,69.1674083
5655,0,,,
5656,1,1,116.256261,82.8043521
5657,1,1,90.8249458,114.081617
5658,1,0,119.027642,70.3778257
5659,0,,,
5660,1,0,107.557415,66.1924059
5661,1,1,78.0720877,59.3882554
5662,0,,,
5663,0,,,
5664,0,,,
5665,0,,,
5666,1,0,80.0367585,100.599226
5667,0,,,
5668,0,,,
5669,1,0,156.234543,94.3474731
5670,0,,,
5671,0,,,
5672,0,,,
5673,0,,,
5674,0,,,
5675,0,,,
5676,1,0,115.182899,88.4745555
5677,2,0,107.081875,93.0437228
5678,0,,,
5679,1,1,81.8620904,101.117139
5680,1,0,47.860593,78.2663596
5681,1,1,148.108119,44.1082879
5682,1,0,75.9092966,72.6833166
5683,0,,,
5684,1,1,210.288235,80.6488548
5685,1,1,67.7618872,76.7624718
5686,0,,,
5687,2,0,120.753581,76.4918835
5688,0,,,
5689,0,,,
5690,1,1,84.3249833,95.5956851
5691,1,0,109.619561,80.2910036
5692,0,,,
5693,0,,,
5694,0,,,
5695,0,,,
5696,1,0,207.014617,132.668815
5697,1,1,115.887192,74.2215542
5698,0,,,
5699,1,0,110.650387,90.1871635
5700,1,0,99.4744397,79.9359747
5701,0,,,
5702,0,,,
5703,0,,,
5704,1,0,122.672649,72.6912693
5705,1,0,78.3161673,77.2262348
5706,1,0,141.360075,80.3721024
5707,1,1,75.8345656,105.979099
5708,0,,,
5709,1,1,116.960559,48.6017155
5710,1,1,80.5814393,81.797393
5711,1,0,121.71628,95.8106623
5712,0,,,
5713,1,0,143.818206,87.5563477
5714,0,,,
5715,0,,,
5716,0,,,
5717,0,,,
5718,1,0,131.542453,67.7058043
5719,0,,,
5720,1,1,144.004573,54.8462007
5721,0,,,
5722,1,1,95.8174736,75.7265851
5723,1,0,59.5867833,74.5273966
5724,0,,,
5725,1,1,126.182248,72.6721158
5726,0,,,
5727,1,1,88.7099226,74.0322418
5728,0,,,
5729,1,0,132.141404,50.3854871
5730,0,,,
5731,0,,,
5732,0,,,
5733,0,,,
5734,0,,,
5735,0,,,
5736,0,,,
5737,0,,,
5738,1,1,147.906162,82.0337143
5739,0,,,
5740,1,0,118.693969,79.1320518
5741,0,,,
5742,0,,,
5743,1,1,133.333685,79.9665472
5744,1,0,90.8713311,74.9248532
5745,0,,,
5746,0,,,
5747,1,1,112.281407,66.8069219
5748,0,,,
5749,1,1,74.3203993,79.9631557
5750,1,0,79.1654638,80.63596
5751,0,,,
5752,1,1,89.0188469,77.2830358
5753,0,,,
5754,0,,,
5755,0,,,
5756,1,0,84.7975303,121.333544
5757,0,,,
5758,0,,,
5759,2,0,63.4037035,76.9939344
5760,0,,,
5761,1,1,81.9667005,72.0339377
5762,0,,,
5763,0,,,
5764,0,,,
5765,0,,,
5766,1,1,75.6757414,84.7948881
5767,0,,,
5768,1,1,95.602377,79.9149493
5769,0,,,
5770,0,,,
5771,0,,,
5772,0,,,
5773,1,1,136.22655,97.3807964
5774,1,0,139.094344,73.6788383
5775,0,,,
5776,0,,,
5777,1,0,272.263764,97.5276424
5778,0,,,
5779,0,,,
5780,0,,,
5781,0,,,
5782,1,0,95.509343,50.325286
5783,1,1,105.755916,89.994931
5784,0,,,
5785,1,1,131.118243,76.8367994
5786,0,,,
5787,0,,,
5788,2,1,74.430987,87.536362
5789,2,0,90.4932271,71.4273673
5790,0,,,
5791,0,,,
5792,1,0,125.155857,74.8065753
5793,0,,,
5794,0,,,
5795,0,,,
5796,0,,,
5797,0,,,
5798,1,0,109.33275,102.205607
5799,0,,,
5800,0,,,
5801,0,,,
5802,1,0,116.864928,106.686421
5803,0,,,
5804,2,1,85.3821134,84.9987382
5805,2,0,144.986557,79.4620233
5806,0,,,
5807,0,,,
5808,0,,,
5809,0,,,
5810,0,,,
5811,0,,,
5812,0,,,
5813,1,0,112.679792,91.7915165
5814,1,1,81.3279732,86.758146
5815,0,,,
5816,1,0,86.6552585,70.3930749
5817,0,,,
5818,0,,,
5819,0,,,
5820,1,1,61.9605487,71.1913945
5821,1,0,56.6607326,87.8469308
5822,0,,,
5823,1,1,119.991125,88.9363914
5824,0,,,
5825,1,1,112.678725,100.298413
5826,0,,,
5827,0,,,
5828,1,0,102.88237,73.1095163
5829,0,,,
5830,0,,,
5831,1,0,89.0995067,90.8832177
5832,1,1,80.8004511,97.9483266
5833,1,1,55.1562161,113.984916
5834,1,0,82.9232993,97.4959779
5835,1,1,70.5779477,75.0171735
5836,0,,,
5837,0,,,
5838,1,0,75.447927,74.6890462
5839,1,1,76.5568615,109.942982
5840,1,0,312.722535,112.722547
5841,0,,,
5842,0,,,
5843,1,1,155.566299,78.9159041
5844,0,,,
5845,1,0,180.378172,97.2798281
5846,1,0,101.211126,105.778876
5847,1,0,69.9596619,61.5627505
5848,0,,,
5849,1,1,89.8659902,94.1644481
5850,0,,,
5851,0,,,
5852,0,,,
5853,1,0,109.373976,98.0616846
5854,0,,,
5855,0,,,
5856,2,1,72.5377349,102.307474
5857,0,,,
5858,0,,,
5859,1,0,141.217915,79.4858122
5860,0,,,
5861,0,,,
5862,1,1,124.04621,92.5333957
5863,0,,,
5864,1,0,100.534779,115.492444
5865,0,,,
5866,0,,,
5867,1,0,142.189444,118.244745
5868,1,0,256.005231,195.160944
5869,0,,,
5870,0,,,
5871,0,,,
5872,1,0,50.8370428,77.3824333
5873,0,,,
5874,0,,,
5875,1,0,113.239488,84.9692982
5876,0,,,
5877,0,,,
5878,1,0,96.6618051,61.1891077
5879,0,,,
5880,0,,,
5881,1,1,110.486628,79.172176
5882,0,,,
5883,1,1,198.826937,86.2002149
5884,0,,,
5885,0,,,
5886,0,,,
5887,1,1,87.7492766,70.5845112
5888,0,,,
5889,0,,,
5890,1,0,107.793794,99.838122
5891,1,0,77.7826505,160.050911
5892,1,0,115.078688,71.5985915
5893,0,,,
5894,0,,,
5895,0,,,
5896,1,0,130.352497,68.8569992
5897,1,0,131.391948,67.0359631
5898,1,0,135.172047,74.3126883
5899,0,,,
5900,0,,,
5901,0,,,
5902,0,,,
5903,2,0,92.2587943,71.2174904
5904,0,,,
5905,0,,,
5906,1,1,139.257211,67.8549661
5907,1,0,126.225043,80.502221
5908,0,,,
5909,0,,,
5910,1,0,301.595888,146.658961
5911,0,,,
5912,0,,,
5913,0,,,
5914,0,,,
5915,0,,,
5916,0,,,
5917,2,0,95.9932558,91.7420781
5918,0,,,
5919,0,,,
5920,0,,,
5921,0,,,
5922,1,0,124.158813,79.3756996
5923,0,,,
5924,1,1,127.016228,54.3565393
5925,0,,,
5926,1,0,75.5280161,73.9769881
5927,1,1,114.962485,64.2033645
5928,0,,,
5929,1,0,234.41102,74.9045238
5930,0,,,
5931,0,,,
5932,1,0,117.474905,88.9140517
5933,0,,,
5934,0,,,
5935,0,,,
5936,1,0,214.827411,123.443337
5937,1,1,175.919468,162.002519
5938,2,1,74.7656461,83.3693774
5939,1,1,89.8811128,123.168334
5940,0,,,
5941,0,,,
5942,0,,,
5943,0,,,
5944,1,0,92.4085543,73.5672893
5945,0,,,
5946,0,,,
5947,0,,,
5948,2,1,73.7156264,84.4198259
5949,1,1,120.524253,84.4112579
5950,1,0,124.252054,194.976528
5951,0,,,
5952,1,1,83.7198819,75.3676039
5953,0,,,
5954,2,0,76.211109,68.3960375
5955,0,,,
5956,0,,,
5957,0,,,
5958,0,,,
5959,1,1,102.847193,98.8639873
5960,0,,,
5961,1,1,227.435059,134.574709
5962,0,,,
5963,0,,,
5964,0,,,
5965,0,,,
5966,1,1,96.2841151,76.8218728
5967,0,,,
5968,0,,,
5969,1,0,84.378186,121.030652
5970,0,,,
5971,0,,,
5972,0,,,
5973,1,1,45.7910059,97.1046039
5974,1,0,64.3717579,82.618994
5975,0,,,
5976,0,,,
5977,0,,,
5978,1,1,103.779096,54.6216285
5979,0,,,
5980,0,,,
5981,0,,,
5982,0,,,
5983,1,0,96.2430093,105.350968
5984,0,,,
5985,0,,,
5986,0,,,
5987,0,,,
5988,0,,,
5989,1,0,112.52655,82.5611511
5990,0,,,
5991,1,0,119.444266,96.072998
5992,0,,,
5993,0,,,
5994,1,1,79.4252447,55.1181817
5995,1,1,229.894878,64.9626285
5996,1,1,80.4229388,105.098061
5997,0,,,
5998,1,0,188.227836,117.680659
5999,0,,,
6000,1,1,195.828083,98.7459439
6001,1,1,160.110204,89.7841842
6002,0,,,
6003,0,,,
6004,0,,,
6005,0,,,
6006,2,1,81.6406949,111.639362
6007,0,,,
6008,1,0,149.987957,63.0640611
6009,1,1,151.080145,55.8351123
6010,1,0,111.223795,82.7695769
6011,1,1,168.568643,84.0491867
6012,0,,,
6013,0,,,
6014,1,1,141.55636,81.4793233
6015,0,,,
6016,0,,,
6017,0,,,
6018,0,,,
6019,0,,,
6020,0,,,
6021,0,,,
6022,1,0,92.7434493,133.690266
6023,2,1,80.8812574,91.7691377
6024,1,1,80.4117288,103.029471
6025,0,,,
6026,1,0,139.973303,120.925355
6027,0,,,
6028,0,,,
6029,1,0,131.685675,47.5049064
6030,0,,,
6031,0,,,
6032,1,1,99.2568768,59.9850164
6033,0,,,
6034,0,,,
6035,0,,,
6036,0,,,
6037,0,,,
6038,1,1,126.66663,79.1605477
6039,0,,,
6040,1,1,58.4319356,76.8573875
6041,2,1,108.803585,56.7916593
6042,0,,,
6043,0,,,
6044,1,1,147.856363,129.614435
6045,1,0,117.977733,67.7012226
6046,1,0,98.1664514,58.4364591
6047,1,0,142.105366,84.5563206
6048,0,,,
6049,0,,,
6050,0,,,
6051,0,,,
6052,0,,,
6053,1,0,121.66604,70.5979112
6054,0,,,
6055,0,,,
6056,1,0,140.213563,65.3628754
6057,1,1,75.24352,144.089324
6058,0,,,
6059,0,,,
6060,1,1,140.474528,45.4684437
6061,1,0,163.194018,89.6792212
6062,1,1,59.308639,62.3852736
6063,0,,,
6064,1,0,126.187711,166.552605
6065,0,,,
6066,1,0,106.864508,75.9919677
6067,0,,,
6068,0,,,
6069,0,,,
6070,1,0,62.5697438,85.3921644
6071,2,0,94.027961,126.155536
6072,1,1,162.351442,49.9092065
6073,0,,,
6074,1,1,92.0003673,76.0316546
6075,0,,,
6076,1,1,99.3774469,53.2156013
6077,0,,,
6078,0,,,
6079,0,,,
6080,1,0,152.980134,46.5586359
6081,0,,,
6082,0,,,
6083,0,,,
6084,0,,,
6085,1,0,141.643995,63.5468524
6086,0,,,
6087,0,,,
6088,0,,,
6089,1,1,118.172562,80.0223626
6090,0,,,
6091,0,,,
6092,1,0,118.28329,63.9200122
6093,0,,,
6094,1,0,193.155434,119.26893
6095,1,1,68.2853726,66.5790294
6096,0,,,
6097,1,1,78.7347839,82.2966485
6098,0,,,
6099,0,,,
6100,0,,,
6101,1,0,46.6396168,77.4864318
6102,0,,,
6103,0,,,
6104,0,,,
6105,0,,,
6106,1,0,92.3273914,89.1112616
6107,0,,,
6108,1,0,145.659244,67.5545743
6109,0,,,
6110,0,,,
6111,1,0,106.210336,76.9480089
6112,0,,,
6113,0,,,
6114,0,,,
6115,1,1,84.6998762,97.8111285
6116,0,,,
6117,0,,,
6118,0,,,
6119,1,1,84.1159821,98.6494919
6120,1,1,136.154252,76.2456631
6121,0,,,
6122,0,,,
6123,1,1,139.276389,76.8995705
6124,0,,,
6125,0,,,
6126,1,1,78.9557476,45.7956743
6127,0,,,
6128,1,1,88.4414941,117.512071
6129,1,0,85.408139,80.7639508
6130,1,0,209.632978,129.859502
6131,2,1,75.2215587,100.171095
6132,0,,,
6133,0,,,
6134,0,,,
6135,2,0,96.3784838,76.4592909
6136,1,0,82.8721874,51.5661854
6137,1,1,156.375732,164.043086
6138,0,,,
6139,0,,,
6140,0,,,
6141,1,0,102.721943,58.6407692
6142,2,0,92.9498794,103.639777
6143,1,0,84.3661219,88.1644715
6144,1,1,118.518899,87.2806191
6145,1,1,113.093195,73.7909193
6146,0,,,
6147,1,0,109.645654,80.5913195
6148,0,,,
6149,1,1,80.5290134,104.148831
6150,0,,,
6151,1,0,76.5378764,90.7152401
6152,1,1,73.2977018,102.832254
6153,1,0,99.8097877,61.1284147
6154,0,,,
6155,0,,,
6156,0,,,
6157,0,,,
6158,0,,,
6159,2,0,95.8355076,80.5775659
6160,2,0,78.8911715,101.075297
6161,1,1,110.404337,83.5694888
6162,0,,,
6163,0,,,
6164,0,,,
6165,1,1,78.1407814,85.281904
6166,0,,,
6167,1,0,86.8330294,109.20251
6168,0,,,
6169,1,0,117.962318,101.725393
6170,0,,,
6171,0,,,
6172,1,0,85.4347309,80.6276408
6173,1,0,174.032324,73.0194628
6174,1,0,80.0817715,63.9053611
6175,1,0,81.0644752,109.154777
6176,0,,,
6177,0,,,
6178,0,,,
6179,1,1,58.0294459,72.6839379
6180,0,,,
6181,0,,,
6182,0,,,
6183,1,0,79.9737882,70.6439044
6184,0,,,
6185,1,0,102.756504,100.446205
6186,1,1,81.2109059,96.518103
6187,0,,,
6188,0,,,
6189,0,,,
6190,1,1,287.405566,129.601528
6191,0,,,
6192,0,,,
6193,1,0,130.894832,102.407445
6194,1,1,96.2539086,78.773031
6195,1,1,131.949303,77.4436704
6196,1,1,119.991388,104.643985
6197,0,,,
6198,1,1,119.819849,63.9519487
6199,0,,,
6200,0,,,
6201,0,,,
6202,0,,,
6203,1,0,94.9403016,95.353032
6204,1,0,101.927676,92.7531202
6205,1,0,89.162237,74.2116411
6206,1,0,135.955417,55.8848343
6207,1,0,86.7907001,132.232868
6208,0,,,
6209,0,,,
6210,0,,,
6211,1,0,234.061353,147.911201
6212,0,,,
6213,0,,,
6214,1,1,68.0109502,103.95423
6215,2,1,79.075912,100.993327
6216,0,,,
6217,0,,,
6218,1,0,181.70338,84.355157
6219,1,0,116.381571,85.5544378
6220,1,0,55.9921685,67.4317345
6221,0,,,
6222,1,1,139.636565,67.9774851
6223,0,,,
6224,0,,,
6225,1,0,123.342823,76.4863285
6226,1,0,87.3693672,62.2323385
6227,0,,,
6228,0,,,
6229,1,1,88.2234866,82.7875772
6230,0,,,
6231,1,0,94.5755509,65.4115952
6232,1,0,127.493973,116.740813
6233,0,,,
6234,0,,,
6235,0,,,
6236,1,1,74.3785134,56.0043099
6237,0,,,
6238,0,,,
6239,0,,,
6240,0,,,
6241,0,,,
6242,0,,,
6243,0,,,
6244,0,,,
6245,1,1,80.31211,85.2259469
6246,0,,,
6247,1,0,99.9765084,70.6225325
6248,0,,,
6249,0,,,
6250,0,,,
6251,1,1,68.1026277,109.001881
6252,0,,,
6253,0,,,
6254,0,,,
6255,0,,,
6256,0,,,
6257,0,,,
6258,0,,,
6259,0,,,
6260,0,,,
6261,0,,,
6262,1,1,126.483242,76.3261677
6263,0,,,
6264,0,,,
6265,0,,,
6266,0,,,
6267,2,0,80.3976315,83.8297791
6268,0,,,
6269,1,1,190.143351,95.017722
6270,0,,,
6271,0,,,
6272,0,,,
6273,1,1,87.8885702,105.567016
6274,0,,,
6275,0,,,
6276,1,0,102.653984,65.4583655
6277,1,0,105.887691,126.301597
6278,2,0,64.2445004,67.9846889
6279,0,,,
6280,0,,,
6281,0,,,
6282,1,0,94.7231703,76.7805175
6283,0,,,
6284,0,,,
6285,0,,,
6286,1,0,68.7676213,40.1236584
6287,0,,,
6288,0,,,
6289,0,,,
6290,0,,,
6291,0,,,
6292,1,0,103.759978,81.0328155
6293,0,,,
6294,0,,,
6295,0,,,
6296,2,0,82.8277054,77.4377412
6297,0,,,
6298,2,0,88.2903317,91.0867414
6299,2,0,115.161711,75.5595458
6300,1,0,98.5601838,73.9253065
6301,1,1,76.6314839,67.9115928
6302,0,,,
6303,0,,,
6304,0,,,
6305,1,1,130.235893,92.8552183
6306,2,1,82.6696143,76.2566954
6307,1,1,78.597215,82.4603245
6308,0,,,
6309,0,,,
6310,0,,,
6311,0,,,
6312,1,0,77.2081,92.7609437
6313,0,,,
6314,1,1,119.191208,58.9237339
6315,0,,,
6316,0,,,
6317,0,,,
6318,1,0,151.292536,114.918014
6319,0,,,
6320,0,,,
6321,0,,,
6322,0,,,
6323,0,,,
6324,1,1,115.500276,88.2258838
6325,1,1,82.9292537,88.094114
6326,0,,,
6327,0,,,
6328,0,,,
6329,0,,,
6330,0,,,
6331,0,,,
6332,0,,,
6333,1,0,79.240356,74.9349341
6334,1,0,105.929995,114.424282
6335,0,,,
6336,0,,,
6337,0,,,
6338,2,1,128.717372,90.9159409
6339,0,,,
6340,0,,,
6341,0,,,
6342,2,0,67.7629358,89.767038
6343,2,1,126.768736,83.6819574
6344,0,,,
6345,0,,,
6346,0,,,
6347,1,0,112.998838,78.8159852
6348,1,1,194.733444,151.170301
6349,0,,,
6350,0,,,
6351,0,,,
6352,1,1,100.53385,86.1722367
6353,0,,,
6354,0,,,
6355,1,1,95.4092523,78.9531801
6356,0,,,
6357,0,,,
6358,2,0,81.4200854,96.2294431
6359,0,,,
6360,0,,,
6361,1,0,78.6357158,86.5080393
6362,0,,,
6363,0,,,
6364,0,,,
6365,1,0,116.740599,81.7461137
6366,0,,,
6367,1,1,131.916381,62.0694772
6368,0,,,
6369,0,,,
6370,0,,,
6371,0,,,
6372,0,,,
6373,2,1,131.168417,80.8388388
6374,0,,,
6375,0,,,
6376,1,1,99.7856943,104.872986
6377,1,0,120.939649,91.2367875
6378,0,,,
6379,0,,,
6380,0,,,
6381,1,0,89.5955162,75.8126042
6382,1,1,130.987097,50.5292734
6383,0,,,
6384,0,,,
6385,0,,,
6386,0,,,
6387,0,,,
6388,0,,,
6389,0,,,
6390,0,,,
6391,0,,,
6392,2,1,76.8150927,77.4118645
6393,0,,,
6394,1,1,87.1262609,78.5130876
6395,1,0,70.6203864,78.2526541
6396,1,1,68.5327688,33.7016816
6397,0,,,
6398,1,0,99.3172197,48.1835193
6399,1,1,110.098625,80.3550537
6400,0,,,
6401,0,,,
6402,0,,,
6403,0,,,
6404,0,,,
6405,0,,,
6406,1,0,77.7438225,119.36117
6407,0,,,
6408,0,,,
6409,0,,,
6410,1,1,78.6712345,66.7990555
6411,2,1,79.6760257,105.996815
6412,1,0,62.4033461,70.8941123
6413,0,,,
6414,0,,,
6415,0,,,
6416,0,,,
6417,0,,,
6418,0,,,
6419,0,,,
6420,1,1,121.46141,64.8909058
6421,0,,,
6422,1,1,127.334049,65.1768613
6423,1,1,80.6803149,96.8672757
6424,0,,,
6425,1,0,127.912197,65.8736905
6426,0,,,
6427,0,,,
6428,0,,,
6429,0,,,
6430,0,,,
6431,1,1,115.673971,80.6770497
6432,0,,,
6433,0,,,
6434,0,,,
6435,0,,,
6436,0,,,
6437,1,0,118.294751,58.8199687
6438,0,,,
6439,1,0,66.1204152,79.7530351
6440,0,,,
6441,2,1,297.115022,71.5425616
6442,0,,,
6443,1,0,111.51167,99.1459385
6444,0,,,
6445,1,0,81.2475739,85.1132116
6446,1,1,79.6763576,99.1480599
6447,1,1,69.1288577,138.124975
6448,1,0,82.0589608,110.337983
6449,1,0,109.076119,70.7058349
6450,0,,,
6451,1,0,138.137925,85.6615222
6452,0,,,
6453,1,0,189.050644,163.222781
6454,1,0,152.481307,88.502359
6455,0,,,
6456,0,,,
6457,1,0,118.105332,102.336333
6458,0,,,
6459,0,,,
6460,0,,,
6461,0,,,
6462,1,1,137.789332,73.6356284
6463,0,,,
6464,1,0,108.315812,61.1506272
6465,0,,,
6466,0,,,
6467,1,0,132.011741,59.6608109
6468,0,,,
6469,1,1,96.5320273,63.5292855
6470,2,0,77.8338989,87.752569
6471,1,0,141.101345,53.3873485
6472,0,,,
6473,0,,,
6474,0,,,
6475,1,0,115.433045,80.766705
6476,2,1,288.692892,82.7430332
6477,0,,,
6478,2,1,74.879549,107.467001
6479,1,0,83.7559221,74.1090031
6480,1,1,114.928727,51.4730141
6481,0,,,
6482,0,,,
6483,1,1,116.078254,95.8101002
6484,2,0,124.506078,48.5266008
6485,0,,,
6486,0,,,
6487,1,1,113.877585,95.7193269
6488,1,0,55.8255957,81.1181418
6489,0,,,
6490,0,,,
6491,0,,,
6492,0,,,
6493,0,,,
6494,0,,,
6495,0,,,
6496,1,0,101.92387,72.5977374
6497,1,0,118.704776,81.3729913
6498,0,,,
6499,0,,,
6500,1,0,132.282136,74.0993384
6501,0,,,
6502,0,,,
6503,1,1,71.1229499,62.3179146
6504,0,,,
6505,0,,,
6506,0,,,
6507,0,,,
6508,0,,,
6509,0,,,
6510,0,,,
6511,1,1,80.9061568,76.2723388
6512,0,,,
6513,1,1,54.8057237,82.0512544
6514,1,1,121.982682,117.320051
6515,1,0,126.598591,64.4108249
6516,0,,,
6517,1,1,129.016991,100.339778
6518,0,,,
6519,0,,,
6520,0,,,
6521,1,0,118.670682,86.3538705
6522,1,1,96.6574485,62.2290029
6523,0,,,
6524,0,,,
6525,0,,,
6526,0,,,
6527,0,,,
6528,0,,,
6529,2,0,118.994913,91.1257438
6530,0,,,
6531,0,,,
6532,1,0,134.138808,80.8380583
6533,0,,,
6534,1,0,79.2064864,101.618868
6535,0,,,
6536,1,1,149.413524,64.8140966
6537,0,,,
6538,1,1,135.525914,73.5758167
6539,1,1,79.9757026,67.0534112
6540,0,,,
6541,1,1,47.5517117,70.5210711
6542,0,,,
6543,0,,,
6544,0,,,
6545,0,,,
6546,0,,,
6547,2,0,100.347812,75.9699134
6548,0,,,
6549,1,0,160.090245,163.389295
6550,1,1,94.1108128,63.8055899
6551,0,,,
6552,1,0,134.667701,69.6387574
6553,0,,,
6554,1,1,96.3722552,88.0607107
6555,0,,,
6556,1,0,71.014489,88.6944003
6557,0,,,
6558,0,,,
6559,0,,,
6560,0,,,
6561,0,,,
6562,1,1,125.645269,44.3064474
6563,0,,,
6564,0,,,
6565,0,,,
6566,1,1,127.080665,84.2566526
6567,0,,,
6568,1,0,308.129819,150.922745
6569,2,1,91.9903295,121.756239
6570,0,,,
6571,0,,,
6572,0,,,
6573,0,,,
6574,0,,,
6575,0,,,
6576,0,,,
6577,0,,,
6578,2,0,112.565184,59.3425176
6579,1,0,82.370186,67.4238884
6580,1,0,77.8167621,53.3620572
6581,1,0,80.5842787,51.2293041
6582,0,,,
6583,0,,,
6584,0,,,
6585,0,,,
6586,2,0,88.8471782,80.5404218
6587,0,,,
6588,1,1,320.937621,160.207954
6589,1,0,113.555045,87.7628546
6590,1,0,213.989884,162.818513
6591,2,1,119.726972,78.2614477
6592,1,0,82.4226379,82.5673453
6593,0,,,
6594,1,1,132.829219,103.620691
6595,0,,,
6596,0,,,
6597,0,,,
6598,0,,,
6599,0,,,
6600,1,1,137.429336,78.709501
6601,2,0,214.091183,79.6392648
6602,1,1,108.255346,97.3588837
6603,0,,,
6604,0,,,
6605,0,,,
6606,1,1,73.0141317,129.656171
6607,0,,,
6608,1,1,86.1017061,70.7450739
6609,2,1,79.7440986,87.1010094
6610,0,,,
6611,0,,,
6612,1,0,109.415339,65.194992
6613,1,0,83.3806604,105.280866
6614,0,,,
6615,0,,,
6616,1,1,120.143727,58.8571798
6617,1,0,105.463393,64.2804527
6618,1,1,104.2986,56.1540165
6619,0,,,
6620,1,0,126.034487,82.9524587
6621,0,,,
6622,1,0,87.603337,82.011274
6623,0,,,
6624,1,0,96.7129415,91.6561131
6625,0,,,
6626,0,,,
6627,0,,,
6628,1,0,94.6205783,68.0782451
6629,1,0,141.94262,103.666068
6630,0,,,
6631,1,1,128.744904,56.693986
6632,2,0,103.517068,112.828156
6633,1,1,128.255315,70.5984981
6634,0,,,
6635,0,,,
6636,0,,,
6637,0,,,
6638,1,1,91.1412584,107.016554
6639,0,,,
6640,1,1,110.111955,45.2996624
6641,0,,,
6642,0,,,
6643,0,,,
6644,0,,,
6645,0,,,
6646,1,0,362.602384,237.147926
6647,1,1,140.766052,78.284577
6648,0,,,
6649,0,,,
6650,0,,,
6651,0,,,
6652,0,,,
6653,0,,,
6654,0,,,
6655,1,0,110.510489,50.0819023
6656,0,,,
6657,0,,,
6658,1,0,110.465174,56.4690203
6659,1,1,55.8520976,61.4096337
6660,0,,,
6661,0,,,
6662,0,,,
6663,0,,,
6664,2,1,145.033812,49.7798643
6665,1,1,111.995392,80.4799852
6666,1,0,75.8563869,71.2835467
6667,1,1,97.0323194,127.011285
6668,0,,,
6669,1,1,158.103106,86.4505583
6670,0,,,
6671,0,,,
6672,0,,,
6673,0,,,
6674,0,,,
6675,0,,,
6676,1,1,128.846839,77.021404
6677,0,,,
6678,0,,,
6679,0,,,
6680,1,1,102.163857,79.4275892
6681,0,,,
6682,1,1,91.9123622,123.220037
6683,0,,,
6684,0,,,
6685,1,1,70.9515089,94.6467329
6686,1,0,90.767778,115.986159
6687,1,0,148.961814,66.6494829
6688,1,1,103.974436,59.8038573
6689,1,0,74.7436917,93.1643626
6690,1,1,130.808255,74.2258331
6691,1,1,69.2884084,92.1800802
6692,0,,,
6693,0,,,
6694,0,,,
6695,0,,,
6696,0,,,
6697,1,0,92.369054,74.0941028
6698,1,1,129.360506,66.235135
6699,1,0,88.8540587,84.9234833
6700,0,,,
6701,1,1,119.500012,80.9454843
6702,0,,,
6703,0,,,
6704,1,0,67.1507896,87.9166973
6705,0,,,
6706,2,1,89.0651944,86.8384907
6707,1,1,144.013995,112.304538
6708,0,,,
6709,1,0,76.9876834,53.6868029
6710,1,0,103.251147,62.3697093
6711,1,0,113.520811,71.9296261
6712,1,1,73.165691,76.2611009
6713,0,,,
6714,0,,,
6715,0,,,
6716,1,1,77.0717153,99.493936
6717,1,1,114.670522,56.1066371
6718,0,,,
6719,1,0,77.7092897,84.1255127
6720,0,,,
6721,1,0,83.0618454,92.4140268
6722,1,1,80.7255491,78.5291622
6723,0,,,
6724,0,,,
6725,0,,,
6726,1,0,109.480219,35.5798958
6727,0,,,
6728,0,,,
6729,0,,,
6730,1,0,54.949988,79.1356095
6731,1,0,113.008173,96.8542373
6732,1,0,85.1480975,103.579501
6733,1,0,180.536788,98.3115557
6734,0,,,
6735,0,,,
6736,0,,,
6737,1,0,66.9675271,101.520861
6738,0,,,
6739,1,1,118.395376,69.716563
6740,1,1,76.3184394,74.2326645
6741,0,,,
6742,1,1,89.7785609,75.786977
6743,1,1,107.594942,67.4118096
6744,0,,,
6745,0,,,
6746,0,,,
6747,1,0,105.025484,84.3597736
6748,0,,,
6749,0,,,
6750,0,,,
6751,1,0,69.3251353,63.7395547
6752,0,,,
6753,0,,,
6754,0,,,
6755,1,1,120.101661,35.1812773
6756,0,,,
6757,1,0,233.22219,78.2209185
6758,1,1,88.0722759,108.457873
6759,0,,,
6760,0,,,
6761,1,0,118.061868,62.6794968
6762,0,,,
6763,0,,,
6764,0,,,
6765,0,,,
6766,1,1,114.453445,81.2905152
6767,0,,,
6768,0,,,
6769,0,,,
6770,1,0,122.302641,68.9198425
6771,0,,,
6772,1,1,112.925706,69.4829952
6773,0,,,
6774,0,,,
6775,2,1,112.07736,99.0271119
6776,0,,,
6777,0,,,
6778,0,,,
6779,2,0,118.702906,70.8529245
6780,0,,,
6781,0,,,
6782,1,1,79.3651366,85.1382419
6783,1,0,76.5077857,63.0144689
6784,0,,,
6785,0,,,
6786,1,1,81.6500426,77.096642
6787,0,,,
6788,0,,,
6789,1,0,99.2393193,82.4868264
6790,0,,,
6791,1,0,124.694595,85.2539619
6792,0,,,
6793,0,,,
6794,0,,,
6795,0,,,
6796,1,1,128.131761,90.5052135
6797,1,1,103.78795,79.9891659
6798,1,1,129.22428,65.0321771
6799,0,,,
6800,1,0,111.030594,111.482001
6801,0,,,
6802,1,1,82.8106737,98.524119
6803,1,0,113.406034,74.5638026
6804,0,,,
6805,0,,,
6806,0,,,
6807,0,,,
6808,0,,,
6809,0,,,
6810,1,1,107.778914,77.8496712
6811,1,1,113.706409,110.53237
6812,2,0,122.33202,95.8962746
6813,0,,,
6814,1,0,111.578296,73.7105043
6815,1,1,97.8241691,102.009287
6816,1,1,117.20188,59.2780003
6817,0,,,
6818,0,,,
6819,0,,,
6820,1,0,124.441228,78.5729637
6821,0,,,
6822,0,,,
6823,1,1,95.0338181,77.6524149
6824,0,,,
6825,0,,,
6826,1,0,69.9330551,113.534941
6827,1,0,114.574887,110.747845
6828,0,,,
6829,2,0,143.966992,58.6890126
6830,1,1,91.6274324,74.9269823
6831,1,1,111.487759,83.8882743
6832,0,,,
6833,1,0,73.5650208,98.7760573
6834,1,1,123.391096,80.0216904
6835,1,0,101.534356,76.3619339
6836,0,,,
6837,0,,,
6838,1,0,133.378061,69.8608294
6839,0,,,
6840,1,0,164.567971,82.9895152
6841,2,0,52.4164615,82.8280299
6842,0,,,
6843,0,,,
6844,0,,,
6845,1,1,138.688509,78.0773449
6846,2,1,136.572673,67.2091805
6847,0,,,
6848,1,0,156.733323,111.46527
6849,0,,,
6850,0,,,
6851,0,,,
6852,0,,,
6853,1,0,69.779887,103.460491
6854,0,,,
6855,0,,,
6856,0,,,
6857,0,,,
6858,1,1,144.838399,35.042119
6859,0,,,
6860,0,,,
6861,0,,,
6862,0,,,
6863,1,1,60.9112095,103.700781
6864,0,,,
6865,0,,,
6866,0,,,
6867,1,1,86.8458149,59.8409317
6868,0,,,
6869,1,1,73.6353386,87.5190048
6870,0,,,
6871,0,,,
6872,0,,,
6873,1,0,70.4180112,102.972999
6874,0,,,
6875,0,,,
6876,1,1,100.02216,94.089129
6877,1,1,80.3770191,100.716912
6878,0,,,
6879,1,1,104.074243,97.9579318
6880,0,,,
6881,1,1,77.4956043,55.2424766
6882,0,,,
6883,0,,,
6884,1,1,110.843338,93.4228761
6885,0,,,
6886,2,0,69.2881624,52.4774415
6887,0,,,
6888,1,1,120.861914,91.4650455
6889,2,0,102.557049,95.3303153
6890,1,1,62.1460001,50.9233872
6891,1,0,138.301205,42.3015647
6892,0,,,
6893,0,,,
6894,0,,,
6895,1,0,123.227624,71.9204412
6896,1,1,133.787165,81.2377651
6897,0,,,
6898,2,1,146.617224,94.5673393
6899,1,0,97.4796913,74.5543149
6900,1,1,79.8966248,78.6233538
6901,1,1,153.099847,121.34721
6902,0,,,
6903,0,,,
6904,0,,,
6905,0,,,
6906,0,,,
6907,1,0,87.8802098,86.2236437
6908,1,1,74.4545697,64.7677089
6909,0,,,
6910,2,1,115.374957,87.1734787
6911,0,,,
6912,1,0,93.6635746,80.0996124
6913,0,,,
6914,0,,,
6915,0,,,
6916,0,,,
6917,0,,,
6918,0,,,
6919,0,,,
6920,1,0,85.2839699,97.7053391
6921,1,1,104.378824,75.218338
6922,0,,,
6923,1,1,321.024874,84.2453662
6924,0,,,
6925,1,0,65.070192,77.2148404
6926,1,0,111.212691,88.7278856
6927,1,1,107.229881,99.7141768
6928,0,,,
6929,1,1,134.507363,118.677293
6930,1,1,116.334518,73.1149155
6931,0,,,
6932,0,,,
6933,0,,,
6934,1,1,84.4150027,134.423789
6935,0,,,
6936,0,,,
6937,0,,,
6938,1,1,85.305164,80.8905327
6939,1,1,82.4672714,65.8688161
6940,0,,,
6941,1,1,155.57122,70.7578693
6942,0,,,
6943,0,,,
6944,0,,,
6945,1,0,84.5829683,67.2954037
6946,2,1,110.504055,74.3831992
6947,1,1,119.03592,76.0543434
6948,0,,,
6949,0,,,
6950,0,,,
6951,0,,,
6952,0,,,
6953,0,,,
6954,0,,,
6955,0,,,
6956,1,0,143.601776,47.6610195
6957,0,,,
6958,1,0,117.828299,66.5327732
6959,0,,,
6960,0,,,
6961,1,1,134.807607,71.0105972
6962,1,0,96.7921122,77.809683
6963,0,,,
6964,0,,,
6965,1,0,137.733308,74.8050778
6966,0,,,
6967,0,,,
6968,1,1,123.543397,75.7300339
6969,0,,,
6970,0,,,
6971,0,,,
6972,0,,,
6973,1,0,145.285525,27.9448913
6974,1,1,82.1598705,116.494244
6975,1,0,128.365117,110.280583
6976,0,,,
6977,0,,,
6978,0,,,
6979,0,,,
6980,0,,,
6981,2,0,121.372637,72.6762123
6982,0,,,
6983,0,,,
6984,1,0,78.6359191,69.4639954
6985,1,0,136.968874,73.5668377
6986,1,0,79.1261799,122.764286
6987,0,,,
6988,0,,,
6989,0,,,
6990,0,,,
6991,0,,,
6992,0,,,
6993,0,,,
6994,0,,,
6995,0,,,
6996,0,,,
6997,1,0,88.2357105,95.9864632
6998,2,1,111.385471,66.8943265
6999,0,,,
7000,0,,,
7001,0,,,
7002,2,1,92.5558618,118.209922
7003,0,,,
7004,1,1,154.869714,81.6659095
7005,0,,,
7006,0,,,
7007,0,,,
7008,0,,,
7009,2,1,83.8155812,74.4265433
7010,0,,,
7011,0,,,
7012,0,,,
7013,1,0,135.589228,76.2007752
7014,0,,,
7015,1,1,90.5239145,65.991452
7016,0,,,
7017,1,1,185.438411,68.7184562
7018,0,,,
7019,0,,,
7020,1,0,153.814479,80.8850689
7021,1,0,75.1558337,62.8746949
7022,0,,,
7023,1,1,101.711087,83.3053514
7024,1,1,149.228037,97.8296677
7025,1,0,245.369951,128.041996
7026,0,,,
7027,0,,,
7028,1,1,118.169322,92.8427992
7029,1,1,126.199244,74.7333747
7030,0,,,
7031,2,1,48.7421332,72.8702783
7032,0,,,
7033,0,,,
7034,0,,,
7035,0,,,
7036,0,,,
7037,0,,,
7038,1,0,109.578451,81.9607502
7039,1,1,124.910944,92.6272722
7040,0,,,
7041,0,,,
7042,0,,,
7043,0,,,
7044,1,1,116.164768,75.7851496
7045,0,,,
7046,2,0,139.088965,69.1012845
7047,0,,,
7048,1,0,83.604383,81.4787071
7049,0,,,
7050,1,0,95.5210648,80.4908453
7051,1,1,133.458903,72.4014418
7052,1,1,97.6114592,71.58151
7053,0,,,
7054,0,,,
7055,0,,,
7056,1,1,56.7780141,81.3154711
7057,0,,,
7058,0,,,
7059,0,,,
7060,0,,,
7061,0,,,
7062,1,1,122.959258,95.4941763
7063,1,1,105.927025,77.9458398
7064,0,,,
7065,1,1,136.048571,114.315818
7066,1,0,134.974181,77.1929751
7067,0,,,
7068,0,,,
7069,0,,,
7070,0,,,
7071,1,1,68.2380907,91.2036869
7072,0,,,
7073,0,,,
7074,0,,,
7075,1,1,230.461111,100.307504
7076,1,0,155.139744,75.5922984
7077,0,,,
7078,0,,,
7079,0,,,
7080,1,1,67.1267701,74.7959845
7081,0,,,
7082,1,0,78.4438685,132.455026
7083,1,1,102.551933,60.6556608
7084,1,0,150.747694,52.820757
7085,0,,,
7086,0,,,
7087,1,0,103.759823,58.8765086
7088,0,,,
7089,1,1,112.92655,74.6757711
7090,1,1,125.109676,97.6697566
7091,1,1,142.402053,76.3820007
7092,1,0,102.611858,117.543435
7093,0,,,
7094,0,,,
7095,0,,,
7096,2,1,239.65156,75.4546142
7097,1,0,276.125717,181.205254
7098,0,,,
7099,0,,,
7100,0,,,
7101,1,0,161.498804,104.527622
7102,2,0,160.000205,102.519539
7103,0,,,
7104,0,,,
7105,0,,,
7106,2,1,80.177636,66.6037827
7107,1,1,86.494745,63.2347893
7108,0,,,
7109,0,,,
7110,1,0,125.256396,76.6327809
7111,0,,,
7112,1,1,230.96713,140.499029
7113,0,,,
7114,0,,,
7115,1,1,123.689637,65.6948549
7116,2,1,76.5473892,74.1629037
7117,0,,,
7118,0,,,
7119,0,,,
7120,1,0,73.7367176,95.3599161
7121,0,,,
7122,0,,,
7123,0,,,
7124,0,,,
7125,0,,,
7126,1,1,144.735855,44.2260109
7127,0,,,
7128,0,,,
7129,0,,,
7130,0,,,
7131,0,,,
7132,0,,,
7133,0,,,
7134,1,0,74.7415806,76.1757299
7135,2,0,138.468203,80.3900742
7136,0,,,
7137,0,,,
7138,1,1,102.46525,79.4885122
7139,1,1,113.857254,62.5220943
7140,0,,,
7141,0,,,
7142,0,,,
7143,1,0,176.575801,143.021875
7144,1,0,69.7734042,28.6905646
7145,1,1,101.442548,65.1578723
7146,1,0,78.5246741,85.5493704
7147,0,,,
7148,0,,,
7149,1,0,112.549634,62.3094604
7150,1,1,112.487452,70.1581255
7151,0,,,
7152,1,0,66.9809444,83.2604406
7153,0,,,
7154,1,0,106.506477,76.12144
7155,0,,,
7156,1,1,165.193401,78.8320813
7157,1,0,136.347351,46.5435812
7158,1,0,139.620498,81.5221331
7159,0,,,
7160,0,,,
7161,0,,,
7162,1,1,85.1735281,67.8987244
7163,0,,,
7164,0,,,
7165,1,0,117.745042,59.3756647
7166,0,,,
7167,1,1,124.894566,121.054552
7168,1,0,124.894038,98.4618122
7169,0,,,
7170,0,,,
7171,1,1,77.4462053,100.181453
7172,0,,,
7173,0,,,
7174,1,0,58.4551487,83.1685485
7175,1,1,107.263638,89.1287174
7176,1,0,64.082091,76.6637329
7177,0,,,
7178,0,,,
7179,1,0,116.863251,81.9541156
7180,0,,,
7181,1,0,81.9678443,97.7844738
7182,0,,,
7183,0,,,
7184,0,,,
7185,0,,,
7186,1,0,141.02035,69.7446164
7187,1,1,214.956925,123.427408
7188,1,1,111.984829,91.7425776
7189,0,,,
7190,1,1,101.214901,66.7141322
7191,0,,,
7192,0,,,
7193,1,1,74.1695631,41.8619692
7194,0,,,
7195,0,,,
7196,1,0,71.943662,88.9970482
7197,1,0,169.220191,63.1191696
7198,0,,,
7199,0,,,
7200,0,,,
7201,1,1,103.564387,68.3790104
7202,0,,,
7203,0,,,
7204,1,0,62.4249331,68.8488432
7205,0,,,
7206,0,,,
7207,1,1,83.9408805,94.3845326
7208,0,,,
7209,1,0,125.656737,72.1222715
7210,0,,,
7211,0,,,
7212,1,1,102.655082,54.5320494
7213,1,1,130.03678,68.2456574
7214,1,0,82.3845412,76.2297638
7215,1,0,85.8302633,80.0124718
7216,1,0,113.422221,92.4621394
7217,0,,,
7218,1,0,77.9767123,62.4778546
7219,2,1,81.3294553,82.7866673
7220,0,,,
7221,1,1,120.04939,64.7908276
7222,0,,,
7223,0,,,
7224,0,,,
7225,0,,,
7226,0,,,
7227,0,,,
7228,0,,,
7229,0,,,
7230,0,,,
7231,0,,,
7232,0,,,
7233,0,,,
7234,0,,,
7235,0,,,
7236,0,,,
7237,1,1,81.0469943,68.5513053
7238,0,,,
7239,1,1,137.548807,96.395229
7240,1,0,80.584757,29.3113841
7241,1,1,301.886116,80.0017726
7242,0,,,
7243,0,,,
7244,0,,,
7245,0,,,
7246,1,0,88.7502674,98.7079733
7247,1,1,100.445576,57.6674222
7248,2,0,101.254488,67.4794304
7249,0,,,
7250,0,,,
7251,1,0,80.9614321,90.3289796
7252,0,,,
7253,0,,,
7254,1,1,93.2717125,78.7895484
7255,0,,,
7256,0,,,
7257,0,,,
7258,0,,,
7259,0,,,
7260,0,,,
7261,1,1,123.524207,74.6266611
7262,0,,,
7263,1,1,57.8872977,78.5894856
7264,0,,,
7265,0,,,
7266,0,,,
7267,0,,,
7268,0,,,
7269,2,1,160.519253,82.3187527
7270,1,0,130.836112,76.4610506
7271,1,0,81.6299295,70.1139667
7272,1,1,113.244219,106.658188
7273,0,,,
7274,1,0,141.57944,73.3847697
7275,0,,,
7276,1,1,124.74453,81.2193824
7277,1,0,92.2796581,63.8155829
7278,1,0,137.35827,79.9593198
7279,0,,,
7280,1,1,57.8198125,73.8269075
7281,1,0,68.023135,82.6200465
7282,1,0,166.376821,59.5678945
7283,0,,,
7284,0,,,
7285,0,,,
7286,1,0,110.397627,84.4752038
7287,0,,,
7288,1,1,124.812421,167.045664
7289,1,0,117.8865,150.993083
7290,0,,,
7291,0,,,
7292,1,1,180.996253,73.9147868
7293,0,,,
7294,0,,,
7295,0,,,
7296,1,0,113.435431,83.0985887
7297,0,,,
7298,0,,,
7299,1,1,107.563186,63.528624
7300,1,0,130.865006,90.0223621
7301,0,,,
7302,1,0,243.318655,78.4153111
7303,0,,,
7304,0,,,
7305,0,,,
7306,1,1,76.3083293,76.080963
7307,0,,,
7308,0,,,
7309,0,,,
7310,1,1,119.604826,68.9681076
7311,0,,,
7312,1,0,88.8094775,105.258623
7313,0,,,
7314,0,,,
7315,0,,,
7316,0,,,
7317,0,,,
7318,0,,,
7319,0,,,
7320,2,1,76.1329782,58.1378286
7321,0,,,
7322,0,,,
7323,1,0,148.921572,271.653071
7324,1,0,143.189191,64.4741865
7325,1,0,103.049899,66.7990168
7326,1,1,123.409672,99.6990627
7327,0,,,
7328,0,,,
7329,1,0,173.945503,78.7008589
7330,1,0,118.201662,67.5057119
7331,0,,,
7332,1,1,29.2715884,76.1754079
7333,1,1,86.7169327,69.6738404
7334,0,,,
7335,0,,,
7336,0,,,
7337,1,1,91.7721339,73.3421416
7338,1,1,84.6538793,80.9245288
7339,0,,,
7340,1,1,136.183872,74.3028173
7341,1,1,125.20968,76.3476758
7342,0,,,
7343,0,,,
7344,2,1,102.921923,61.0705109
7345,2,0,64.3576088,84.2825624
7346,0,,,
7347,0,,,
7348,1,1,118.57288,73.2700006
7349,1,0,108.171555,115.296127
7350,1,1,306.571823,180.23001
7351,1,0,134.727026,85.2536607
7352,0,,,
7353,1,0,124.131798,78.4497708
7354,0,,,
7355,0,,,
7356,1,0,109.186973,63.8262067
7357,0,,,
7358,0,,,
7359,1,1,82.3342606,80.6469413
7360,1,0,113.803158,84.3427343
7361,0,,,
7362,0,,,
7363,0,,,
7364,1,0,128.609672,75.2149782
7365,1,0,56.3573878,108.713731
7366,0,,,
7367,1,1,80.4505327,65.5274648
7368,0,,,
7369,0,,,
7370,0,,,
7371,0,,,
7372,2,0,85.0090812,99.2828464
7373,2,0,74.8769626,84.8767555
7374,1,0,134.409699,74.4737149
7375,0,,,
7376,0,,,
7377,0,,,
7378,0,,,
7379,0,,,
7380,0,,,
7381,0,,,
7382,0,,,
7383,0,,,
7384,0,,,
7385,0,,,
7386,1,0,142.284749,66.415647
7387,0,,,
7388,0,,,
7389,0,,,
7390,1,1,94.2668535,119.93217
7391,0,,,
7392,0,,,
7393,0,,,
7394,0,,,
7395,0,,,
7396,0,,,
7397,1,0,137.008317,82.5372244
7398,0,,,
7399,0,,,
7400,1,1,133.355136,75.8160351
7401,0,,,
7402,0,,,
7403,0,,,
7404,0,,,
7405,1,1,135.410375,70.2594025
7406,0,,,
7407,1,1,68.8815764,81.8672932
7408,0,,,
7409,1,0,89.8503732,88.4692028
7410,0,,,
7411,0,,,
7412,0,,,
7413,0,,,
7414,0,,,
7415,0,,,
7416,0,,,
7417,0,,,
7418,1,0,121.588343,68.1719265
7419,2,0,107.830144,100.783317
7420,1,1,106.97623,64.2064677
7421,0,,,
7422,0,,,
7423,0,,,
7424,0,,,
7425,0,,,
7426,0,,,
7427,0,,,
7428,0,,,
7429,1,0,93.2981209,73.9997139
7430,1,0,75.3576637,90.2540628
7431,1,1,198.567994,77.376466
7432,1,1,94.7465361,62.4164097
7433,1,1,104.322549,67.8672286
7434,0,,,
7435,1,0,98.059734,103.953967
7436,0,,,
7437,0,,,
7438,0,,,
7439,1,1,71.891177,87.2217156
7440,1,1,81.2438652,108.231125
7441,0,,,
7442,1,0,91.4428016,74.9945705
7443,0,,,
7444,0,,,
7445,0,,,
7446,1,0,79.2558897,78.271353
7447,0,,,
7448,0,,,
7449,0,,,
7450,0,,,
7451,0,,,
7452,1,0,94.3738299,112.83366
7453,0,,,
7454,0,,,
7455,0,,,
7456,1,0,120.606733,62.0640922
7457,1,1,138.141248,81.9636621
7458,0,,,
7459,0,,,
7460,0,,,
7461,1,0,75.2599014,93.177556
7462,1,0,76.2267014,77.9926841
7463,0,,,
7464,1,0,93.1479921,112.883404
7465,0,,,
7466,0,,,
7467,1,0,114.058593,89.9939998
7468,1,0,125.940318,75.8478478
7469,0,,,
7470,0,,,
7471,0,,,
7472,1,0,95.0676068,104.529371
7473,0,,,
7474,0,,,
7475,1,1,115.625437,98.9990431
7476,0,,,
7477,1,1,87.2455217,70.6450449
7478,0,,,
7479,0,,,
7480,1,0,114.425395,83.4015152
7481,1,0,83.04898,80.733667
7482,0,,,
7483,0,,,
7484,1,0,90.9311573,72.3717025
7485,0,,,
7486,1,0,130.278096,78.2792822
7487,1,1,126.641341,77.3583634
7488,1,1,122.894951,75.7282329
7489,1,0,85.1318354,70.3812093
7490,0,,,
7491,0,,,
7492,1,1,45.9749854,116.260913
7493,1,1,125.553621,64.3109748
7494,0,,,
7495,1,1,81.5212384,117.134913
7496,1,0,89.3923679,67.4214584
7497,0,,,
7498,0,,,
7499,0,,,
7500,1,0,86.7226635,82.2859373
7501,1,1,76.5027783,109.427515
7502,0,,,
7503,0,,,
7504,1,0,77.4406496,61.1318756
7505,1,1,78.129054,106.411791
7506,0,,,
7507,1,1,100.84432,70.7186127
7508,2,1,96.0907217,81.506887
7509,0,,,
7510,0,,,
7511,0,,,
7512,1,1,98.6757832,86.0429829
7513,0,,,
7514,1,0,86.4885344,90.133908
7515,0,,,
7516,0,,,
7517,0,,,
7518,0,,,
7519,1,0,145.83647,78.3377911
7520,1,0,96.6664854,76.9182819
7521,0,,,
7522,1,0,83.0847361,93.580566
7523,0,,,
7524,0,,,
7525,1,0,113.231963,61.1914999
7526,1,0,111.143456,126.117815
7527,0,,,
7528,0,,,
7529,0,,,
7530,1,1,80.5880882,55.8521964
7531,1,1,95.8308855,71.1983427
7532,1,1,78.1391815,120.382813
7533,1,1,116.776241,73.1516145
7534,0,,,
7535,1,0,97.5098906,76.8538791
7536,0,,,
7537,0,,,
7538,1,1,84.3688662,112.239974
7539,1,1,97.654476,87.0522357
7540,0,,,
7541,1,1,136.266871,74.8384061
7542,0,,,
7543,1,0,117.011053,79.268952
7544,1,0,97.5129315,77.1920613
7545,0,,,
7546,1,0,80.5844309,80.8617341
7547,1,1,109.45017,70.7727638
7548,1,1,96.8191394,70.2013315
7549,0,,,
7550,1,0,93.515312,74.8287938
7551,1,0,85.6936807,69.1998023
7552,0,,,
7553,0,,,
7554,1,1,129.710645,84.2471548
7555,1,1,147.895276,49.6330342
7556,2,1,250.320268,162.5006
7557,1,0,144.472144,74.3461542
7558,0,,,
7559,1,1,134.270621,81.0410166
7560,2,1,73.0854267,96.286071
7561,1,1,80.9727735,70.3116283
7562,1,1,198.147795,72.0127573
7563,2,0,68.3749209,81.976644
7564,1,1,123.382821,55.3170692
7565,0,,,
7566,1,1,36.8320459,82.2430875
7567,0,,,
7568,1,0,62.6847996,89.7060843
7569,1,1,112.071052,101.960831
7570,0,,,
7571,1,0,58.8996985,76.8077599
7572,0,,,
7573,0,,,
7574,1,0,75.0400785,77.0537781
7575,0,,,
7576,1,1,125.637069,101.408936
7577,1,1,178.036073,117.716037
7578,0,,,
7579,1,1,132.758095,96.1503525
7580,0,,,
7581,0,,,
7582,0,,,
7583,1,0,64.8494147,110.742788
7584,2,0,105.988283,78.7126611
7585,1,0,245.308827,147.315301
7586,1,1,130.0336,111.251849
7587,1,0,140.911979,75.7637417
7588,0,,,
7589,2,0,77.8528418,49.6968842
7590,1,0,119.132295,54.2011308
7591,2,0,128.965989,66.6965009
7592,1,1,102.967892,68.552503
7593,0,,,
7594,1,1,110.749144,70.7495413
7595,1,0,94.9796025,87.7342197
7596,0,,,
7597,2,1,125.925934,58.1167801
7598,0,,,
7599,1,0,121.921967,118.671414
7600,0,,,
7601,0,,,
7602,1,1,122.528102,65.8663322
7603,2,0,74.4656835,91.1487462
7604,1,0,98.8160206,83.6674969
7605,0,,,
7606,0,,,
7607,0,,,
7608,1,0,72.9629038,54.2347652
7609,0,,,
7610,1,0,78.5381219,83.6220684
7611,0,,,
7612,1,0,133.460767,78.9340091
7613,0,,,
7614,0,,,
7615,1,0,61.6803362,97.8372564
7616,2,1,122.666822,80.3593031
7617,0,,,
7618,1,0,75.6980147,106.081534
7619,0,,,
7620,0,,,
7621,0,,,
7622,0,,,
7623,1,0,94.2276662,121.950946
7624,1,0,191.725932,153.987415
7625,0,,,
7626,0,,,
7627,0,,,
7628,0,,,
7629,0,,,
7630,1,0,110.963045,81.8990691
7631,0,,,
7632,1,0,99.2808716,73.7235999
7633,0,,,
7634,0,,,
7635,0,,,
7636,0,,,
7637,0,,,
7638,0,,,
7639,0,,,
7640,0,,,
7641,1,1,112.251285,44.1517784
7642,2,1,112.973471,96.4797993
7643,0,,,
7644,0,,,
7645,1,0,105.510486,71.319666
7646,0,,,
7647,0,,,
7648,0,,,
7649,0,,,
7650,0,,,
7651,1,0,129.513862,78.1057311
7652,0,,,
7653,0,,,
7654,1,1,82.7654056,74.6820818
7655,0,,,
7656,1,1,70.0741097,58.3530911
7657,0,,,
7658,0,,,
7659,1,1,82.9866533,67.6745054
7660,0,,,
7661,2,1,92.5498894,114.794279
7662,1,1,120.954487,102.087834
7663,1,0,79.9688547,98.0528084
7664,1,0,146.538532,78.0412808
7665,1,0,120.869347,69.1533347
7666,0,,,
7667,0,,,
7668,0,,,
7669,1,1,207.246238,71.153197
7670,1,0,124.411681,81.1010822
7671,2,0,124.958612,89.640914
7672,0,,,
7673,0,,,
7674,0,,,
7675,1,0,119.296685,82.7519394
7676,0,,,
7677,0,,,
7678,0,,,
7679,0,,,
7680,0,,,
7681,1,0,119.105945,80.4093696
7682,0,,,
7683,1,0,138.21037,69.0790244
7684,0,,,
7685,1,1,114.2342,77.6649569
7686,0,,,
7687,0,,,
7688,0,,,
7689,0,,,
7690,0,,,
7691,1,1,111.111218,69.5241454
7692,1,0,105.667837,83.4619963
7693,1,0,85.922576,64.4459959
7694,1,1,129.056327,93.3279526
7695,0,,,
7696,1,0,92.4473013,52.8878748
7697,0,,,
7698,0,,,
7699,1,0,141.159528,57.9921534
7700,1,0,149.597564,94.2855162
7701,1,0,74.3714896,71.9249631
7702,1,1,181.515545,66.2027311
7703,0,,,
7704,0,,,
7705,0,,,
7706,0,,,
7707,2,0,131.971542,92.9149478
7708,0,,,
7709,1,0,83.0215659,54.1936366
7710,1,0,99.6937876,115.030708
7711,0,,,
7712,1,0,100.626882,198.421264
7713,1,1,78.7428585,84.5820447
7714,0,,,
7715,0,,,
7716,0,,,
7717,0,,,
7718,0,,,
7719,0,,,
7720,0,,,
7721,0,,,
7722,0,,,
7723,0,,,
7724,0,,,
7725,0,,,
7726,0,,,
7727,0,,,
7728,1,0,157.705654,98.7419781
7729,1,1,75.5991388,97.0640236
7730,0,,,
7731,1,0,86.818976,82.6406276
7732,0,,,
7733,0,,,
7734,0,,,
7735,0,,,
7736,1,1,112.223787,100.227016
7737,2,1,138.00246,108.139817
7738,1,0,142.015096,126.626901
7739,0,,,
7740,0,,,
7741,1,1,80.5032432,72.3767328
7742,0,,,
7743,0,,,
7744,0,,,
7745,1,0,107.416007,102.337334
7746,1,0,82.5148238,111.967263
7747,0,,,
7748,1,0,105.79747,75.6431517
7749,0,,,
7750,0,,,
7751,0,,,
7752,1,0,85.5918638,111.788223
7753,1,0,93.8637276,68.1895972
7754,0,,,
7755,0,,,
7756,0,,,
7757,1,1,85.7548155,80.5975551
7758,1,1,124.775759,71.6374156
7759,1,1,88.2276268,75.1151327
7760,1,1,108.44879,76.5284284
7761,0,,,
7762,2,0,120.316088,72.4000349
7763,0,,,
7764,0,,,
7765,0,,,
7766,0,,,
7767,0,,,
7768,1,0,119.064912,66.4569526
7769,1,1,105.234728,69.9004728
7770,1,1,132.000387,74.8755031
7771,0,,,
7772,0,,,
7773,1,1,112.61499,81.2913203
7774,1,1,95.4335809,66.2931234
7775,1,0,84.1471202,54.7722722
7776,1,1,69.9557228,87.0620741
7777,1,1,84.6955425,122.345542
7778,0,,,
7779,0,,,
7780,1,0,47.5174191,71.0344878
7781,0,,,
7782,1,0,92.1136334,92.2839193
7783,1,1,106.990616,101.343537
7784,0,,,
7785,2,1,110.22704,78.2123963
7786,0,,,
7787,1,1,108.378419,82.2353249
7788,0,,,
7789,1,1,85.5407435,83.8150896
7790,0,,,
7791,1,0,78.0170457,161.611652
7792,0,,,
7793,1,0,136.373182,34.6975134
7794,1,1,80.2391831,78.782306
7795,0,,,
7796,0,,,
7797,1,0,168.525023,152.143276
7798,1,0,94.4004032,109.819083
7799,0,,,
7800,0,,,
7801,0,,,
7802,1,1,112.258691,89.539714
7803,2,0,117.890723,62.9163104
7804,1,0,91.1345942,74.8967255
7805,1,1,85.9371073,185.516908
7806,1,0,69.3640231,73.7395184
7807,0,,,
7808,0,,,
7809,1,0,109.519348,94.2879121
7810,1,0,129.945001,72.5257045
7811,0,,,
7812,2,0,115.130986,80.2126617
7813,1,0,78.9820569,88.7190486
7814,0,,,
7815,0,,,
7816,0,,,
7817,0,,,
7818,1,1,79.079026,131.339809
7819,1,1,171.436487,117.002677
7820,1,1,127.976158,82.411621
7821,1,0,180.447905,69.1447139
7822,1,0,77.4232406,90.0588646
7823,1,0,90.4378383,77.9366384
7824,0,,,
7825,0,,,
7826,0,,,
7827,1,1,70.3434527,81.4013432
7828,0,,,
7829,1,1,105.100805,118.615036
7830,1,1,104.216295,81.1364784
7831,0,,,
7832,0,,,
7833,2,0,126.636149,69.8783213
7834,0,,,
7835,2,1,150.698109,80.5048405
7836,0,,,
7837,0,,,
7838,2,0,82.126862,122.716412
7839,0,,,
7840,0,,,
7841,1,0,122.879834,86.7027032
7842,0,,,
7843,1,1,138.456364,55.3018899
7844,0,,,
7845,1,1,126.440147,78.2370102
7846,1,1,173.995985,102.249997
7847,1,0,118.667653,84.2927037
7848,1,1,94.7641027,79.1805127
7849,1,0,89.437285,61.0999356
7850,1,0,85.546246,79.3070501
7851,1,1,76.6542394,43.9598996
7852,1,0,82.6507413,70.0890579
7853,0,,,
7854,1,1,97.5379248,80.1009156
7855,1,0,72.8342361,86.3891545
7856,0,,,
7857,0,,,
7858,0,,,
7859,0,,,
7860,0,,,
7861,0,,,
7862,0,,,
7863,1,1,232.015176,118.476332
7864,0,,,
7865,0,,,
7866,1,0,87.6652826,73.2217399
7867,1,1,107.027699,84.3123027
7868,0,,,
7869,0,,,
7870,1,0,118.540507,83.2422198
7871,1,1,116.163853,95.5328635
7872,0,,,
7873,1,0,73.1642078,91.3191485
7874,0,,,
7875,0,,,
7876,0,,,
7877,1,0,92.2392325,63.0732974
7878,1,0,76.0519028,95.8188165
7879,0,,,
7880,1,1,67.2474297,94.3223409
7881,1,1,109.580039,90.8197708
7882,0,,,
7883,0,,,
7884,0,,,
7885,1,0,97.7986326,108.157094
7886,1,1,112.79165,105.280468
7887,0,,,
7888,0,,,
7889,0,,,
7890,0,,,
7891,0,,,
7892,0,,,
7893,2,1,97.2892046,71.1245383
7894,1,0,82.4334469,85.2266608
7895,0,,,
7896,1,1,115.967152,77.9702855
7897,0,,,
7898,2,1,104.679414,85.2282198
7899,0,,,
7900,0,,,
7901,1,1,83.7600042,89.2062392
7902,0,,,
7903,0,,,
7904,0,,,
7905,1,0,139.708111,48.9590472
7906,1,0,88.6281971,107.293205
7907,1,0,93.4611158,66.3372218
7908,1,0,97.0856528,105.411464
7909,0,,,
7910,1,0,96.1951253,75.1117428
7911,0,,,
7912,0,,,
7913,2,0,76.7123517,72.5137861
7914,0,,,
7915,1,1,93.3648144,96.2077931
7916,1,1,130.17605,132.804616
7917,0,,,
7918,1,1,132.84481,54.108014
7919,0,,,
7920,0,,,
7921,0,,,
7922,0,,,
7923,0,,,
7924,0,,,
7925,0,,,
7926,2,0,126.127135,75.12331
7927,0,,,
7928,1,1,104.021642,77.874831
7929,0,,,
7930,0,,,
7931,1,1,125.721801,77.3213936
7932,0,,,
7933,0,,,
7934,1,0,131.437459,85.6261291
7935,1,0,263.128883,47.5609101
7936,0,,,
7937,1,0,141.723736,82.1424291
7938,0,,,
7939,0,,,
7940,0,,,
7941,0,,,
7942,0,,,
7943,0,,,
7944,0,,,
7945,0,,,
7946,0,,,
7947,0,,,
7948,2,1,75.4609806,78.45315
7949,1,1,123.224536,201.14192
7950,0,,,
7951,1,0,212.88559,109.670591
7952,0,,,
7953,1,1,102.004994,69.1210962
7954,1,1,114.343434,94.5797805
7955,0,,,
7956,0,,,
7957,0,,,
7958,0,,,
7959,0,,,
7960,1,0,151.622792,67.1128738
7961,1,0,120.453986,94.4363658
7962,0,,,
7963,1,0,124.440801,67.8574031
7964,0,,,
7965,0,,,
7966,2,1,134.153953,74.7165218
7967,0,,,
7968,2,0,115.142206,87.2866734
7969,0,,,
7970,2,1,99.2401628,61.1895681
7971,0,,,
7972,0,,,
7973,0,,,
7974,1,0,102.715918,71.0609172
7975,0,,,
7976,0,,,
7977,0,,,
7978,0,,,
7979,0,,,
7980,1,0,88.3639166,83.8462808
7981,0,,,
7982,0,,,
7983,0,,,
7984,1,1,279.553754,191.053322
7985,0,,,
7986,0,,,
7987,0,,,
7988,0,,,
7989,0,,,
7990,0,,,
7991,0,,,
7992,0,,,
7993,0,,,
7994,1,0,96.9899904,102.632924
7995,1,0,138.12302,49.1610249
7996,0,,,
7997,0,,,
7998,1,1,149.985113,55.6470229
7999,0,,,
8000,0,,,
8001,0,,,
8002,0,,,
8003,0,,,
8004,1,1,72.7498062,73.3543997
8005,0,,,
8006,0,,,
8007,0,,,
8008,1,1,138.95052,82.8850926
8009,0,,,
8010,0,,,
8011,1,0,127.16604,86.7432752
8012,0,,,
8013,1,0,64.1341276,98.0866509
8014,0,,,
8015,0,,,
8016,1,0,257.296306,101.840597
8017,0,,,
8018,1,0,81.8664961,119.599074
8019,1,0,152.563539,57.6912807
8020,0,,,
8021,0,,,
8022,0,,,
8023,0,,,
8024,0,,,
8025,1,1,99.8859475,72.6463528
8026,0,,,
8027,1,1,84.1023668,77.0756314
8028,0,,,
8029,0,,,
8030,1,1,106.513373,75.3143716
8031,0,,,
8032,1,0,122.658838,93.0058743
8033,0,,,
8034,1,0,65.8152023,81.528387
8035,0,,,
8036,0,,,
8037,0,,,
8038,0,,,
8039,1,1,93.9128712,46.9177293
8040,1,0,169.483913,93.2838876
8041,1,0,118.230982,78.5308489
8042,1,1,122.192477,67.1667397
8043,0,,,
8044,1,0,56.3420814,62.1533581
8045,0,,,
8046,1,1,237.275371,53.0289018
8047,0,,,
8048,0,,,
8049,1,1,127.857972,74.3245827
8050,1,1,127.215682,79.1164254
8051,0,,,
8052,0,,,
8053,0,,,
8054,0,,,
8055,0,,,
8056,0,,,
8057,0,,,
8058,0,,,
8059,0,,,
8060,0,,,
8061,0,,,
8062,1,1,59.939172,79.3832417
8063,0,,,
8064,0,,,
8065,0,,,
8066,1,0,141.029409,58.0355134
8067,0,,,
8068,1,1,106.573816,78.6829557
8069,1,0,115.834826,68.2618648
8070,1,1,126.677311,45.0001907
8071,0,,,
8072,0,,,
8073,0,,,
8074,1,0,93.2002253,69.6181583
8075,1,1,72.8140503,98.9476927
8076,0,,,
8077,1,0,86.9224159,109.640952
8078,1,1,132.453881,79.386919
8079,2,0,103.04295,61.1414627
8080,0,,,
8081,1,1,105.533848,90.7070543
8082,0,,,
8083,1,0,249.684275,180.785146
8084,1,0,121.243198,113.702085
8085,1,1,97.4655846,83.7440977
8086,1,1,85.5327277,94.4241143
8087,1,1,140.669652,84.0364389
8088,0,,,
8089,1,1,121.158749,83.0487423
8090,1,0,106.689961,93.2927752
8091,1,1,81.2987985,106.292772
8092,0,,,
8093,1,0,123.263395,91.0114176
8094,0,,,
8095,0,,,
8096,0,,,
8097,0,,,
8098,0,,,
8099,0,,,
8100,0,,,
8101,0,,,
8102,0,,,
8103,2,0,113.924149,79.6326579
8104,1,1,108.560424,80.8409251
8105,0,,,
8106,1,0,189.186707,135.272586
8107,0,,,
8108,1,1,85.3669952,73.6982668
8109,1,0,81.2893636,61.9897464
8110,1,0,91.4035266,113.00813
8111,0,,,
8112,0,,,
8113,0,,,
8114,0,,,
8115,0,,,
8116,1,0,78.9905345,74.8033787
8117,0,,,
8118,1,1,69.0931489,114.482253
8119,1,0,82.3211454,81.1585331
8120,0,,,
8121,1,1,89.2444107,74.1990543
8122,2,0,138.64378,37.7609945
8123,0,,,
8124,0,,,
8125,0,,,
8126,0,,,
8127,0,,,
8128,0,,,
8129,0,,,
8130,2,1,178.993059,96.8146854
8131,1,1,128.69037,88.0948753
8132,1,1,63.4523665,57.8516312
8133,0,,,
8134,1,1,79.8994159,87.8955744
8135,0,,,
8136,1,0,129.861379,68.0202806
8137,1,0,91.4799734,81.7405327
8138,0,,,
8139,1,0,56.9749389,61.3271452
8140,1,1,107.70203,70.3677484
8141,0,,,
8142,1,1,64.2172896,88.8545211
8143,1,1,73.8651128,60.7066517
8144,1,0,147.509056,84.5813918
8145,1,1,87.7394098,52.5083333
8146,0,,,
8147,0,,,
8148,1,1,112.691774,74.3504635
8149,1,0,97.6637541,86.079806
8150,1,1,134.663815,79.6651688
8151,1,1,117.942502,66.441609
8152,0,,,
8153,1,0,167.498566,61.0357228
8154,0,,,
8155,1,0,72.9341796,80.4561006
8156,0,,,
8157,2,1,93.5117783,115.984225
8158,1,1,77.5264699,122.447493
8159,1,0,89.1636641,66.1890672
8160,0,,,
8161,1,1,62.2897919,78.2388335
8162,0,,,
8163,0,,,
8164,0,,,
8165,0,,,
8166,0,,,
8167,1,0,117.961424,65.3108787
8168,0,,,
8169,0,,,
8170,1,0,80.4769228,94.1579459
8171,0,,,
8172,0,,,
8173,0,,,
8174,0,,,
8175,0,,,
8176,1,1,124.711569,76.7161158
8177,0,,,
8178,0,,,
8179,0,,,
8180,0,,,
8181,0,,,
8182,1,1,129.748751,79.3520719
8183,0,,,
8184,0,,,
8185,0,,,
8186,1,1,128.950249,87.5428852
8187,0,,,
8188,1,1,67.8380138,76.92738
8189,0,,,
8190,0,,,
8191,1,0,141.823526,86.6775527
8192,1,0,80.6843187,100.202184
8193,0,,,
8194,1,0,139.796946,75.2229385
8195,0,,,
8196,0,,,
8197,0,,,
8198,0,,,
8199,0,,,
8200,0,,,
8201,0,,,
8202,0,,,
8203,0,,,
8204,0,,,
8205,0,,,
8206,1,1,85.1275089,88.95297
8207,0,,,
8208,1,1,70.5563194,82.5647293
8209,0,,,
8210,1,1,79.141756,86.2838864
8211,0,,,
8212,0,,,
8213,0,,,
8214,1,0,127.542329,33.8526253
8215,0,,,
8216,1,1,123.289237,79.2797507
8217,0,,,
8218,1,0,123.064691,73.6233633
8219,0,,,
8220,0,,,
8221,2,1,145.786358,86.8758111
8222,1,1,85.7668235,53.7698636
8223,1,0,117.375065,91.4297173
8224,0,,,
8225,1,1,116.743952,105.167469
8226,1,1,100.846403,102.487069
8227,0,,,
8228,1,1,160.761385,101.513503
8229,1,1,122.407197,72.5021577
8230,1,1,126.248288,71.686326
8231,0,,,
8232,2,1,118.213216,81.3348187
8233,0,,,
8234,1,0,140.740661,72.8543239
8235,0,,,
8236,2,1,108.6065,66.4682929
8237,1,0,81.6063223,75.1237936
8238,0,,,
8239,1,1,123.079073,59.3367105
8240,1,0,116.511053,70.2700491
8241,0,,,
8242,0,,,
8243,1,0,109.347976,57.553348
8244,1,1,75.6312102,70.3904272
8245,0,,,
8246,0,,,
8247,0,,,
8248,1,0,156.936328,176.200375
8249,0,,,
8250,0,,,
8251,0,,,
8252,0,,,
8253,1,0,126.062421,86.241167
8254,1,1,135.312977,71.6923288
8255,0,,,
8256,1,1,123.212286,118.285281
8257,1,1,147.026305,52.7447612
8258,0,,,
8259,0,,,
8260,1,0,91.1147874,143.414631
8261,0,,,
8262,1,1,180.291297,101.324128
8263,0,,,
8264,1,0,120.467925,80.2081885
8265,1,1,77.823034,85.8216915
8266,1,0,124.679866,81.7396358
8267,0,,,
8268,0,,,
8269,1,0,127.907589,77.469753
8270,0,,,
8271,0,,,
8272,0,,,
8273,0,,,
8274,1,0,70.8506927,69.1524715
8275,1,1,135.97747,59.4668863
8276,0,,,
8277,0,,,
8278,0,,,
8279,0,,,
8280,0,,,
8281,0,,,
8282,1,1,201.660378,186.736749
8283,1,0,70.4778017,70.7747824
8284,0,,,
8285,1,0,128.814761,75.6234369
8286,1,1,155.726089,131.549788
8287,1,0,124.279664,64.2358715
8288,0,,,
8289,0,,,
8290,1,0,71.8645921,78.402303
8291,0,,,
8292,0,,,
8293,0,,,
8294,0,,,
8295,0,,,
8296,0,,,
8297,0,,,
8298,0,,,
8299,2,0,72.3076357,86.8753372
8300,1,1,110.472378,70.339718
8301,0,,,
8302,0,,,
8303,0,,,
8304,0,,,
8305,1,1,75.2506389,51.8406162
8306,1,1,260.823979,172.858977
8307,0,,,
8308,0,,,
8309,0,,,
8310,1,1,138.527433,99.4556796
8311,0,,,
8312,0,,,
8313,2,1,66.2091337,94.1048103
8314,0,,,
8315,0,,,
8316,0,,,
8317,1,0,88.4316817,62.1392512
8318,1,0,88.4721619,99.0478219
8319,0,,,
8320,1,0,105.833033,83.6543008
8321,1,1,71.0928605,86.0949735
8322,1,1,96.7355303,83.4094521
8323,1,0,61.8710483,81.1500837
8324,2,0,103.318946,95.2451031
8325,0,,,
8326,1,1,76.7386966,123.600855
8327,1,0,66.0627799,73.1808884
8328,0,,,
8329,1,0,98.1598758,68.8694961
8330,0,,,
8331,0,,,
8332,0,,,
8333,0,,,
8334,1,1,64.3338313,71.8226998
8335,0,,,
8336,0,,,
8337,0,,,
8338,0,,,
8339,0,,,
8340,0,,,
8341,1,0,115.218233,109.245659
8342,0,,,
8343,2,1,78.5051807,71.2759461
8344,0,,,
8345,1,0,150.051414,92.2297726
8346,0,,,
8347,1,0,113.982788,83.7284278
8348,1,1,82.8557546,85.7138655
8349,1,1,225.36755,55.2392149
8350,0,,,
8351,0,,,
8352,0,,,
8353,1,0,66.4282542,81.9899507
8354,0,,,
8355,0,,,
8356,1,1,110.889266,92.6638164
8357,0,,,
8358,1,1,112.734489,84.7120105
8359,0,,,
8360,0,,,
8361,1,0,53.5537737,64.6362758
8362,0,,,
8363,2,1,85.3115846,111.254851
8364,0,,,
8365,0,,,
8366,1,1,81.6944383,84.8275023
8367,0,,,
8368,0,,,
8369,1,0,127.093997,78.1164758
8370,1,1,83.2822417,76.5227706
8371,0,,,
8372,0,,,
8373,1,0,131.519899,80.3664054
8374,0,,,
8375,1,0,118.25122,82.6581032
8376,0,,,
8377,0,,,
8378,2,0,83.9127717,130.634002
8379,0,,,
8380,1,0,134.360701,115.766589
8381,0,,,
8382,0,,,
8383,0,,,
8384,0,,,
8385,0,,,
8386,0,,,
8387,0,,,
8388,1,1,86.183111,117.628781
8389,0,,,
8390,2,0,57.3099726,82.2907945
8391,0,,,
8392,1,1,79.7171773,123.086153
8393,0,,,
8394,0,,,
8395,0,,,
8396,0,,,
8397,0,,,
8398,0,,,
8399,0,,,
8400,0,,,
8401,1,1,75.9590643,112.843454
8402,0,,,
8403,2,0,74.4341594,56.2322501
8404,0,,,
8405,0,,,
8406,1,1,151.12908,75.9380719
8407,1,1,119.669241,85.2184035
8408,1,0,130.288141,139.050407
8409,1,1,109.936044,84.89105
8410,1,0,78.35283,82.6930416
8411,0,,,
8412,1,0,97.4217518,67.7219623
8413,0,,,
8414,1,0,273.015811,161.827577
8415,0,,,
8416,1,1,135.681857,73.8842506
8417,0,,,
8418,0,,,
8419,0,,,
8420,1,0,72.4348642,68.6162917
8421,0,,,
8422,1,0,114.557991,111.10226
8423,1,1,101.395622,71.0940781
8424,1,0,82.3263449,83.7810421
8425,0,,,
8426,1,0,115.31558,77.8656943
8427,0,,,
8428,1,1,85.4112657,121.092291
8429,0,,,
8430,0,,,
8431,0,,,
8432,0,,,
8433,1,1,111.672364,82.451779
8434,0,,,
8435,0,,,
8436,0,,,
8437,0,,,
8438,0,,,
8439,0,,,
8440,0,,,
8441,1,0,107.320394,129.78665
8442,1,0,141.605627,84.4364257
8443,1,1,82.4754549,66.3883796
8444,0,,,
8445,1,1,84.0035417,116.680384
8446,0,,,
8447,0,,,
8448,1,1,102.631928,59.6211927
8449,0,,,
8450,1,0,61.9369224,63.6175501
8451,0,,,
8452,0,,,
8453,0,,,
8454,0,,,
8455,1,1,77.4890142,81.9157407
8456,1,0,82.709056,101.677975
8457,0,,,
8458,0,,,
8459,1,1,94.1042416,60.8520155
8460,0,,,
8461,2,0,137.848265,82.4261977
8462,0,,,
8463,1,1,101.15755,72.1038885
8464,0,,,
8465,1,0,118.02043,85.1691085
8466,1,0,114.313071,72.884089
8467,1,0,126.634745,90.0193034
8468,0,,,
8469,0,,,
8470,0,,,
8471,1,0,129.426554,73.2900527
8472,1,0,383.04912,80.9486689
8473,0,,,
8474,0,,,
8475,1,0,136.639014,104.322284
8476,1,0,92.8135279,75.6048634
8477,1,1,100.13621,75.0022987
8478,0,,,
8479,0,,,
8480,0,,,
8481,0,,,
8482,0,,,
8483,1,0,89.5476133,76.6728579
8484,1,1,72.5996528,95.1210043
8485,0,,,
8486,1,1,96.1276757,90.7803346
8487,1,0,148.660559,61.9303286
8488,2,0,123.144043,72.2923478
8489,0,,,
8490,0,,,
8491,0,,,
8492,0,,,
8493,1,0,99.2238959,68.6989764
8494,0,,,
8495,0,,,
8496,2,0,110.119861,107.639286
8497,0,,,
8498,0,,,
8499,1,1,79.8637977,38.5100548
8500,0,,,
8501,0,,,
8502,0,,,
8503,0,,,
8504,1,0,84.038664,80.4333976
8505,0,,,
8506,0,,,
8507,0,,,
8508,0,,,
8509,0,,,
8510,0,,,
8511,1,0,180.240816,65.454791
8512,0,,,
8513,0,,,
8514,0,,,
8515,0,,,
8516,1,0,112.539011,93.633313
8517,1,1,106.864939,69.4507559
8518,0,,,
8519,0,,,
8520,0,,,
8521,0,,,
8522,0,,,
8523,0,,,
8524,1,1,73.011212,83.3793057
8525,0,,,
8526,2,1,105.743087,78.3594697
8527,1,0,135.803167,46.5965525
8528,1,0,114.942614,78.1039436
8529,0,,,
8530,0,,,
8531,0,,,
8532,2,0,77.5127412,103.53071
8533,0,,,
8534,0,,,
8535,0,,,
8536,0,,,
8537,0,,,
8538,0,,,
8539,0,,,
8540,0,,,
8541,1,1,182.180159,103.802044
8542,0,,,
8543,0,,,
8544,0,,,
8545,1,1,82.7270055,81.218008
8546,0,,,
8547,0,,,
8548,0,,,
8549,0,,,
8550,0,,,
8551,0,,,
8552,0,,,
8553,0,,,
8554,1,0,114.772918,89.5211797
8555,1,1,136.649855,62.4476607
8556,0,,,
8557,0,,,
8558,0,,,
8559,1,0,141.930524,85.6679186
8560,1,0,91.4500607,111.193756
8561,1,0,114.280517,53.4455684
8562,0,,,
8563,1,0,83.9086567,115.04136
8564,0,,,
8565,0,,,
8566,1,1,79.5549315,58.3486685
8567,1,0,75.0366812,60.043549
8568,1,1,119.152417,74.8430294
8569,0,,,
8570,0,,,
8571,0,,,
8572,1,1,134.454414,93.0907996
8573,1,0,143.84362,74.9784801
8574,0,,,
8575,0,,,
8576,0,,,
8577,2,1,78.8399363,60.2420815
8578,0,,,
8579,0,,,
8580,0,,,
8581,0,,,
8582,1,0,95.8995175,76.203664
8583,0,,,
8584,0,,,
8585,0,,,
8586,1,0,79.4530148,109.915178
8587,0,,,
8588,1,0,93.1391432,62.5038933
8589,1,0,101.509425,74.0013955
8590,0,,,
8591,0,,,
8592,2,1,102.114982,96.0147039
8593,0,,,
8594,1,0,245.049157,67.0254577
8595,0,,,
8596,0,,,
8597,1,0,92.1319217,104.174376
8598,0,,,
8599,0,,,
8600,1,0,108.094637,79.3861513
8601,0,,,
8602,1,0,122.973555,83.2751733
8603,0,,,
8604,0,,,
8605,1,1,78.5585208,108.826288
8606,0,,,
8607,1,1,69.9049451,75.8004077
8608,0,,,
8609,1,1,121.019126,80.0389807
8610,1,1,76.2133553,38.71172
8611,0,,,
8612,0,,,
8613,0,,,
8614,0,,,
8615,1,1,143.171049,40.1014638
8616,0,,,
8617,0,,,
8618,1,1,109.829872,127.58199
8619,0,,,
8620,0,,,
8621,0,,,
8622,2,1,105.830531,67.1133343
8623,0,,,
8624,1,1,99.5050656,84.9693003
8625,0,,,
8626,0,,,
8627,1,1,87.0214352,94.6448223
8628,0,,,
8629,1,0,116.089914,82.0625571
8630,1,1,85.8043915,130.77616
8631,0,,,
8632,0,,,
8633,1,0,108.699266,81.6244102
8634,0,,,
8635,0,,,
8636,1,1,132.969365,78.4567336
8637,1,1,121.588099,83.2901934
8638,1,0,49.6535312,78.0818361
8639,0,,,
8640,1,0,83.8453594,85.5845955
8641,1,1,127.488856,57.4178137
8642,1,0,77.1786164,70.9588025
8643,0,,,
8644,0,,,
8645,1,0,71.0200308,76.5099976
8646,0,,,
8647,1,0,96.5269046,73.1111461
8648,0,,,
8649,0,,,
8650,0,,,
8651,1,1,107.326912,57.5744979
8652,1,0,116.867949,87.5190829
8653,0,,,
8654,0,,,
8655,0,,,
8656,0,,,
8657,1,0,74.7200004,82.783741
8658,1,0,80.4028949,101.236224
8659,1,1,78.0027779,101.562176
8660,2,0,117.202492,97.2292217
8661,0,,,
8662,0,,,
8663,0,,,
8664,0,,,
8665,0,,,
8666,0,,,
8667,0,,,
8668,2,0,124.895252,73.9299761
8669,1,1,176.54133,153.576786
8670,0,,,
8671,0,,,
8672,1,1,72.4190141,70.8110765
8673,0,,,
8674,1,1,87.5087286,71.6074527
8675,0,,,
8676,0,,,
8677,0,,,
8678,0,,,
8679,0,,,
8680,0,,,
8681,0,,,
8682,0,,,
8683,0,,,
8684,1,1,73.9169118,121.749223
8685,0,,,
8686,0,,,
8687,1,1,65.6002372,111.352448
8688,1,0,156.209615,103.466258
8689,0,,,
8690,1,0,77.3194557,75.1545042
8691,0,,,
8692,0,,,
8693,0,,,
8694,1,1,86.4403706,66.2566495
8695,1,1,127.92485,77.2839694
8696,0,,,
8697,1,0,126.894,82.1499105
8698,1,1,115.008801,48.1475325
8699,0,,,
8700,1,1,123.355063,77.0208765
8701,0,,,
8702,0,,,
8703,0,,,
8704,1,0,84.0840317,121.884874
8705,1,1,123.270721,81.1992464
8706,0,,,
8707,0,,,
8708,1,0,84.0397129,118.203995
8709,0,,,
8710,0,,,
8711,0,,,
8712,0,,,
8713,1,1,82.1595317,97.9620087
8714,0,,,
8715,0,,,
8716,0,,,
8717,1,0,80.9194235,80.7261565
8718,1,0,88.8129545,67.1826294
8719,2,1,80.0879554,122.956547
8720,1,1,82.5550148,81.1437463
8721,1,0,115.708855,70.7905176
8722,1,0,90.7457348,98.1884439
8723,0,,,
8724,0,,,
8725,1,0,58.9112429,90.1244299
8726,0,,,
8727,0,,,
8728,1,0,128.277977,79.1121973
8729,1,1,75.6732367,92.646393
8730,0,,,
8731,0,,,
8732,0,,,
8733,1,0,95.2383383,60.7284067
8734,0,,,
8735,0,,,
8736,0,,,
8737,1,0,75.7271895,97.5923662
8738,1,1,80.5773065,86.6435607
8739,2,1,166.805748,102.858705
8740,0,,,
8741,0,,,
8742,0,,,
8743,1,0,119.570121,73.0611294
8744,1,1,83.2737507,132.697045
8745,0,,,
8746,1,1,135.770171,71.2417222
8747,0,,,
8748,0,,,
8749,0,,,
8750,0,,,
8751,1,0,49.8545442,76.4430377
8752,1,1,80.7297607,36.4651023
8753,0,,,
8754,0,,,
8755,0,,,
8756,1,1,70.5414614,74.3533293
8757,1,1,118.709002,72.4324885
8758,0,,,
8759,0,,,
8760,1,1,108.799133,48.7196698
8761,0,,,
8762,0,,,
8763,1,0,64.1493136,80.1038079
8764,0,,,
8765,0,,,
8766,0,,,
8767,0,,,
8768,0,,,
8769,1,1,85.25546,78.1556209
8770,1,1,129.283076,71.0661143
8771,0,,,
8772,0,,,
8773,0,,,
8774,1,0,148.379624,150.187813
8775,0,,,
8776,0,,,
8777,0,,,
8778,2,1,123.796395,64.540096
8779,0,,,
8780,1,0,109.195555,77.6799014
8781,0,,,
8782,0,,,
8783,0,,,
8784,0,,,
8785,0,,,
8786,1,1,87.1695892,34.6981892
8787,1,0,77.9921953,80.6880766
8788,0,,,
8789,0,,,
8790,0,,,
8791,0,,,
8792,0,,,
8793,0,,,
8794,0,,,
8795,0,,,
8796,0,,,
8797,1,0,108.670545,91.7193544
8798,0,,,
8799,1,0,72.026039,81.6245528
8800,1,1,81.9048624,60.8312861
8801,1,1,78.8931554,98.8158966
8802,0,,,
8803,1,1,76.4015395,44.0702473
8804,0,,,
8805,0,,,
8806,0,,,
8807,0,,,
8808,1,0,121.199528,87.1473194
8809,0,,,
8810,1,0,200.822417,113.046247
8811,1,1,129.96805,81.349972
8812,0,,,
8813,0,,,
8814,1,1,122.533791,82.736526
8815,0,,,
8816,1,1,132.207647,100.72252
8817,1,1,71.3046192,102.750903
8818,1,1,89.4314358,80.832003
8819,1,0,282.204643,124.204208
8820,1,0,125.496912,88.7879926
8821,1,0,81.8757195,87.5671839
8822,0,,,
8823,1,1,123.052371,76.8053289
8824,1,1,93.9422549,79.1116702
8825,0,,,
8826,1,0,118.079,147.379937
8827,1,1,134.932753,59.1213504
8828,1,0,109.459063,83.1663686
8829,0,,,
8830,0,,,
8831,0,,,
8832,1,1,148.090316,81.1351859
8833,1,0,128.163756,88.920939
8834,0,,,
8835,1,0,144.703611,72.3277056
8836,0,,,
8837,0,,,
8838,1,0,105.237946,109.449758
8839,0,,,
8840,0,,,
8841,1,0,82.4429633,84.9270636
8842,1,1,140.354658,56.4553959
8843,0,,,
8844,1,0,122.08744,84.7494293
8845,1,0,98.4135838,79.5675676
8846,1,1,109.038818,72.3186703
8847,0,,,
8848,0,,,
8849,1,1,141.860781,77.1093794
8850,0,,,
8851,0,,,
8852,1,0,73.2267045,73.4620984
8853,1,1,115.139115,112.872808
8854,0,,,
8855,0,,,
8856,1,1,73.126713,105.152004
8857,1,0,128.052449,36.761607
8858,1,0,109.206654,80.165551
8859,2,0,66.824924,67.8308897
8860,1,0,106.814368,102.495534
8861,0,,,
8862,0,,,
8863,1,0,82.1658583,83.4904418
8864,1,0,115.307307,69.1224511
8865,1,0,180.02915,81.5679479
8866,1,0,159.58505,84.4740751
8867,0,,,
8868,0,,,
8869,1,1,139.917333,93.9912375
8870,1,1,138.158136,83.2806446
8871,1,0,84.6163937,84.9799149
8872,0,,,
8873,0,,,
8874,1,1,66.5013829,84.1581134
8875,0,,,
8876,0,,,
8877,1,0,101.483279,101.251161
8878,0,,,
8879,0,,,
8880,1,1,98.7649594,76.1172756
8881,0,,,
8882,0,,,
8883,0,,,
8884,0,,,
8885,0,,,
8886,1,1,78.1052236,87.6028334
8887,1,1,115.792958,91.7546383
8888,1,1,71.9283721,78.078335
8889,1,1,105.572039,75.3585951
8890,0,,,
8891,1,0,120.815581,68.3036398
8892,0,,,
8893,0,,,
8894,1,0,111.91967,73.3427567
8895,0,,,
8896,0,,,
8897,1,1,101.504755,82.0282269
8898,2,0,125.387314,69.6435885
8899,0,,,
8900,0,,,
8901,0,,,
8902,1,0,65.5079824,78.7606625
8903,1,1,128.995586,82.296451
8904,1,1,81.9415356,111.667892
8905,0,,,
8906,0,,,
8907,0,,,
8908,0,,,
8909,0,,,
8910,1,0,107.826118,82.08774
8911,1,1,156.292342,101.441001
8912,0,,,
8913,0,,,
8914,0,,,
8915,2,0,106.858676,77.0413078
8916,0,,,
8917,0,,,
8918,2,1,139.629988,64.8907206
8919,0,,,
8920,0,,,
8921,2,0,130.558351,81.2196526
8922,0,,,
8923,0,,,
8924,0,,,
8925,0,,,
8926,1,0,121.59504,79.6352092
8927,0,,,
8928,0,,,
8929,1,0,80.1913964,66.8901096
8930,0,,,
8931,1,0,82.0669781,89.786668
8932,0,,,
8933,0,,,
8934,1,0,109.89012,67.1872814
8935,0,,,
8936,1,0,131.335,73.1679233
8937,1,1,103.766981,79.0015348
8938,0,,,
8939,0,,,
8940,1,0,139.229507,76.7639246
8941,0,,,
8942,0,,,
8943,1,1,141.297975,54.6156691
8944,2,1,96.5689197,84.2207454
8945,0,,,
8946,1,0,116.242499,65.2068445
8947,0,,,
8948,1,1,236.7552,101.406569
8949,0,,,
8950,0,,,
8951,0,,,
8952,1,1,106.298335,112.32269
8953,0,,,
8954,1,0,78.7615092,104.880059
8955,1,0,123.450127,76.8857792
8956,0,,,
8957,0,,,
8958,1,1,81.1179858,80.4441767
8959,0,,,
8960,0,,,
8961,1,0,125.023153,76.7897865
8962,0,,,
8963,1,0,88.583494,86.4571268
8964,0,,,
8965,0,,,
8966,0,,,
8967,1,1,59.2696769,84.6785095
8968,2,1,81.003338,110.008744
8969,1,0,139.680086,58.9109121
8970,0,,,
8971,1,0,79.0456571,77.1744707
8972,0,,,
8973,0,,,
8974,2,1,97.750789,74.1402265
8975,0,,,
8976,0,,,
8977,1,1,104.229785,87.7815174
8978,0,,,
8979,1,1,88.4800944,110.700874
8980,0,,,
8981,1,1,98.216566,93.0996167
8982,0,,,
8983,1,1,123.953032,65.334741
8984,0,,,
8985,1,1,108.023015,79.7354317
8986,0,,,
8987,0,,,
8988,0,,,
8989,0,,,
8990,0,,,
8991,1,0,83.4005129,120.199174
8992,1,0,107.319029,84.9249706
8993,2,1,107.372665,66.5363275
8994,1,0,85.1398418,67.5531345
8995,0,,,
8996,1,0,73.1959829,84.5497963
8997,1,1,77.3864838,93.9841251
8998,1,0,91.3119277,73.7138704
8999,0,,,
9000,1,1,84.8657708,65.5449949
9001,0,,,
9002,0,,,
9003,2,1,95.953258,107.491171
9004,0,,,
9005,0,,,
9006,1,0,125.820765,56.3248717
9007,1,1,112.529368,77.6797984
9008,0,,,
9009,1,0,62.4411932,81.5594414
9010,1,1,142.64525,79.1125812
9011,1,1,45.2430788,78.4759706
9012,0,,,
9013,0,,,
9014,1,1,88.9573875,85.1596304
9015,0,,,
9016,0,,,
9017,0,,,
9018,0,,,
9019,0,,,
9020,0,,,
9021,0,,,
9022,1,1,69.5919296,83.2278768
9023,1,0,126.18786,113.981432
9024,0,,,
9025,0,,,
9026,0,,,
9027,0,,,
9028,1,1,79.6393023,68.1946395
9029,1,1,150.391348,84.8989449
9030,0,,,
9031,0,,,
9032,0,,,
9033,1,0,367.08742,127.009681
9034,0,,,
9035,0,,,
9036,0,,,
9037,1,0,37.6908141,63.9488883
9038,0,,,
9039,1,0,130.913848,65.1614393
9040,1,0,108.538748,111.115968
9041,1,0,91.404572,137.586531
9042,1,1,79.1332515,64.1769342
9043,1,0,69.9233129,105.452836
9044,0,,,
9045,0,,,
9046,1,0,98.9933498,102.544287
9047,0,,,
9048,1,0,79.7193908,99.352232
9049,0,,,
9050,0,,,
9051,0,,,
9052,1,1,120.780804,91.1339474
9053,1,0,135.873507,49.8414573
9054,0,,,
9055,1,1,47.8395667,52.4455806
9056,2,0,125.024928,62.0772772
9057,1,1,97.0265377,60.1597644
9058,0,,,
9059,0,,,
9060,0,,,
9061,1,0,139.680081,75.2886152
9062,0,,,
9063,0,,,
9064,1,0,123.302429,126.303102
9065,1,1,119.135262,89.1077073
9066,1,0,122.514447,87.9707877
9067,0,,,
9068,0,,,
9069,2,1,119.906184,79.7210663
9070,1,1,132.098022,83.1915195
9071,1,1,152.435171,30.570168
9072,1,0,83.5572475,71.7495428
9073,1,0,198.210726,118.083913
9074,2,1,142.163485,71.8795186
9075,0,,,
9076,1,0,82.6200755,93.9910497
9077,0,,,
9078,0,,,
9079,0,,,
9080,0,,,
9081,1,1,148.340712,90.2335382
9082,0,,,
9083,1,0,99.0859117,102.979716
9084,0,,,
9085,1,0,101.965569,48.6492133
9086,1,0,126.720312,61.8692237
9087,1,1,119.152366,75.1047114
9088,1,0,188.634082,102.018083
9089,1,0,120.609313,46.8222148
9090,0,,,
9091,0,,,
9092,0,,,
9093,1,1,72.4114766,82.1270056
9094,1,1,73.0533946,74.4187697
9095,1,0,80.4554377,78.6328983
9096,1,1,96.5646566,94.7835038
9097,0,,,
9098,1,1,196.84986,52.2710859
9099,0,,,
9100,0,,,
9101,1,1,101.697586,124.481459
9102,0,,,
9103,0,,,
9104,1,1,128.162647,60.5045214
9105,1,1,81.2106885,82.7362007
9106,0,,,
9107,0,,,
9108,0,,,
9109,1,1,141.066595,79.7041747
9110,1,1,78.442459,75.6594126
9111,0,,,
9112,0,,,
9113,1,0,84.7594251,78.7699129
9114,0,,,
9115,0,,,
9116,2,0,105.570497,65.773565
9117,0,,,
9118,1,1,101.633114,77.7911017
9119,0,,,
9120,1,1,130.599274,82.6881293
9121,0,,,
9122,0,,,
9123,1,1,98.8326618,69.7764168
9124,0,,,
9125,0,,,
9126,0,,,
9127,0,,,
9128,1,1,118.033832,84.658727
9129,0,,,
9130,1,1,127.168054,86.0024986
9131,0,,,
9132,0,,,
9133,1,1,126.270918,63.8413957
9134,1,1,91.9630682,90.7838903
9135,1,1,46.8897493,69.0006727
9136,1,0,84.0042162,57.4554
9137,1,0,119.472737,68.7345497
9138,0,,,
9139,1,0,78.8257752,95.6946891
9140,2,1,120.593752,54.043092
9141,1,0,176.601793,80.1722828
9142,0,,,
9143,0,,,
9144,1,0,139.868519,75.7157244
9145,1,1,140.561056,78.4258181
9146,0,,,
9147,1,0,104.673293,65.8421596
9148,1,1,78.8976349,106.979845
9149,1,1,134.183294,70.3417888
9150,0,,,
9151,2,1,114.269166,79.236211
9152,0,,,
9153,1,1,137.202691,69.3956951
9154,0,,,
9155,1,1,94.5435,80.9528973
9156,0,,,
9157,0,,,
9158,1,0,83.2156059,107.397774
9159,0,,,
9160,0,,,
9161,1,1,91.8679008,71.3906569
9162,1,1,95.8924941,118.220452
9163,0,,,
9164,1,0,130.632291,75.3084812
9165,1,0,58.9313012,57.8177097
9166,1,0,124.708683,82.1034833
9167,0,,,
9168,1,1,190.957975,77.4150712
9169,1,0,130.048189,76.9274698
9170,1,0,163.677093,125.09012
9171,0,,,
9172,0,,,
9173,1,1,59.8587481,53.8278399
9174,1,1,104.860969,82.8508566
9175,1,0,69.9945804,73.4325451
9176,0,,,
9177,0,,,
9178,1,1,65.883649,82.3098205
9179,0,,,
9180,1,1,114.946797,74.2473936
9181,0,,,
9182,1,0,65.4357741,93.2288261
9183,0,,,
9184,1,0,124.431596,73.6253542
9185,0,,,
9186,0,,,
9187,1,0,129.649856,71.6790789
9188,0,,,
9189,1,0,86.4315333,37.3394994
9190,0,,,
9191,0,,,
9192,1,0,80.4686429,117.084584
9193,2,0,63.8933775,68.1815881
9194,0,,,
9195,0,,,
9196,0,,,
9197,0,,,
9198,0,,,
9199,0,,,
9200,0,,,
9201,0,,,
9202,0,,,
9203,0,,,
9204,1,0,117.54264,108.694586
9205,0,,,
9206,1,1,86.4533941,56.3430439
9207,0,,,
9208,0,,,
9209,0,,,
9210,0,,,
9211,0,,,
9212,0,,,
9213,0,,,
9214,0,,,
9215,1,0,64.1359213,73.8760009
9216,2,1,127.516853,86.7296481
9217,0,,,
9218,1,1,50.6012747,56.3957256
9219,0,,,
9220,0,,,
9221,1,0,133.710854,59.4262327
9222,0,,,
9223,0,,,
9224,1,0,88.9024574,82.2979751
9225,0,,,
9226,0,,,
9227,0,,,
9228,0,,,
9229,1,1,124.013473,86.0040613
9230,0,,,
9231,1,1,54.6361302,86.075082
9232,0,,,
9233,0,,,
9234,0,,,
9235,0,,,
9236,1,1,150.923118,86.452628
9237,0,,,
9238,1,1,86.7637971,123.626206
9239,0,,,
9240,1,0,122.26655,78.6475387
9241,0,,,
9242,0,,,
9243,0,,,
9244,1,1,107.213641,77.6134176
9245,0,,,
9246,1,0,116.741373,67.3872489
9247,1,1,114.347257,98.429396
9248,0,,,
9249,2,1,110.632063,103.814747
9250,0,,,
9251,2,0,87.0181313,72.2658417
9252,0,,,
9253,1,1,146.132325,161.826879
9254,0,,,
9255,0,,,
9256,0,,,
9257,0,,,
9258,0,,,
9259,1,0,137.911539,80.1451526
9260,0,,,
9261,0,,,
9262,0,,,
9263,0,,,
9264,0,,,
9265,1,0,69.6534648,54.2684197
9266,0,,,
9267,0,,,
9268,0,,,
9269,0,,,
9270,2,1,90.809365,114.953091
9271,0,,,
9272,2,1,137.255609,53.6413799
9273,0,,,
9274,0,,,
9275,1,0,135.584298,87.9313513
9276,0,,,
9277,0,,,
9278,0,,,
9279,0,,,
9280,0,,,
9281,0,,,
9282,1,1,104.071535,76.1105634
9283,1,1,152.162987,91.9184307
9284,0,,,
9285,0,,,
9286,0,,,
9287,1,0,147.270336,72.4202178
9288,2,0,61.809649,51.7751284
9289,0,,,
9290,1,1,71.759201,86.6413592
9291,0,,,
9292,0,,,
9293,1,0,117.678896,75.0884394
9294,0,,,
9295,0,,,
9296,0,,,
9297,0,,,
9298,1,1,138.858215,71.7874907
9299,0,,,
9300,0,,,
9301,0,,,
9302,0,,,
9303,0,,,
9304,0,,,
9305,2,0,59.7520218,75.7232549
9306,1,0,112.264408,101.93788
9307,1,1,102.102247,75.2079715
9308,0,,,
9309,0,,,
9310,1,1,139.813204,68.6293976
9311,0,,,
9312,0,,,
9313,0,,,
9314,1,1,94.9303139,46.7501971
9315,0,,,
9316,1,0,90.338051,109.517149
9317,0,,,
9318,0,,,
9319,1,0,81.3360067,84.2724666
9320,0,,,
9321,1,0,121.143103,68.2810227
9322,0,,,
9323,1,1,148.908032,75.0625348
9324,1,0,104.272551,125.981057
9325,1,0,79.374704,82.8738246
9326,0,,,
9327,0,,,
9328,0,,,
9329,2,0,81.1078367,116.410211
9330,1,0,137.401476,93.6701804
9331,1,0,60.0320894,56.4605894
9332,1,0,110.221457,69.5880859
9333,1,0,99.6752585,56.7960516
9334,0,,,
9335,0,,,
9336,1,1,124.001623,72.838466
9337,0,,,
9338,0,,,
9339,0,,,
9340,1,1,125.63604,57.8863472
9341,1,1,110.78151,65.6948219
9342,1,1,71.255549,103.502903
9343,0,,,
9344,0,,,
9345,0,,,
9346,1,1,121.064834,80.0046628
9347,1,0,133.839245,49.0790422
9348,0,,,
9349,0,,,
9350,1,0,108.512477,58.5480098
9351,1,1,123.078429,62.045928
9352,1,1,92.2220979,88.628427
9353,0,,,
9354,0,,,
9355,1,1,107.310451,81.1193537
9356,0,,,
9357,0,,,
9358,0,,,
9359,0,,,
9360,1,0,110.370602,64.5935719
9361,0,,,
9362,0,,,
9363,1,1,113.204753,83.8085852
9364,1,1,86.3305833,127.463752
9365,2,1,105.312362,63.5774503
9366,1,1,173.435679,120.918939
9367,0,,,
9368,0,,,
9369,0,,,
9370,0,,,
9371,1,1,131.031111,63.1636547
9372,2,1,121.042968,103.92773
9373,0,,,
9374,0,,,
9375,0,,,
9376,1,1,108.509167,78.6680813
9377,0,,,
9378,0,,,
9379,1,1,201.732235,70.350199
9380,1,0,65.5205327,61.861586
9381,0,,,
9382,1,1,118.237085,77.3023074
9383,0,,,
9384,0,,,
9385,0,,,
9386,1,1,81.7527998,72.6350235
9387,0,,,
9388,0,,,
9389,0,,,
9390,2,1,139.611252,76.2352006
9391,1,1,37.8168245,75.7626589
9392,0,,,
9393,0,,,
9394,0,,,
9395,1,1,90.107189,64.750868
9396,0,,,
9397,0,,,
9398,0,,,
9399,1,0,111.897199,65.6140759
9400,1,0,98.995092,86.8377466
9401,2,0,75.527341,78.6745605
9402,0,,,
9403,0,,,
9404,0,,,
9405,1,0,70.2023265,122.62598
9406,2,0,127.514202,78.8209971
9407,0,,,
9408,0,,,
9409,0,,,
9410,0,,,
9411,0,,,
9412,0,,,
9413,1,1,142.795861,83.3732306
9414,0,,,
9415,0,,,
9416,0,,,
9417,0,,,
9418,0,,,
9419,0,,,
9420,0,,,
9421,0,,,
9422,0,,,
9423,0,,,
9424,0,,,
9425,0,,,
9426,1,1,113.629023,72.1696717
9427,0,,,
9428,0,,,
9429,0,,,
9430,1,1,84.7582808,69.6610176
9431,0,,,
9432,0,,,
9433,0,,,
9434,0,,,
9435,0,,,
9436,0,,,
9437,0,,,
9438,0,,,
9439,0,,,
9440,1,0,81.6366583,105.641576
9441,1,1,138.027808,82.8556384
9442,0,,,
9443,0,,,
9444,0,,,
9445,0,,,
9446,0,,,
9447,0,,,
9448,0,,,
9449,1,1,147.938886,50.8601534
9450,0,,,
9451,1,1,80.746425,93.7560889
9452,0,,,
9453,0,,,
9454,1,1,97.1078769,81.7366212
9455,0,,,
9456,0,,,
9457,0,,,
9458,0,,,
9459,1,1,97.318813,83.3181428
9460,0,,,
9461,1,0,112.481078,91.3322696
9462,0,,,
9463,1,1,88.2718974,76.4840197
9464,0,,,
9465,1,1,83.7853413,111.319631
9466,0,,,
9467,0,,,
9468,2,0,83.7329093,52.6462286
9469,0,,,
9470,1,1,102.706121,76.0402254
9471,0,,,
9472,1,0,133.962653,78.7360174
9473,0,,,
9474,0,,,
9475,0,,,
9476,0,,,
9477,0,,,
9478,0,,,
9479,1,0,114.895401,82.1873879
9480,0,,,
9481,0,,,
9482,1,0,98.3092713,73.007657
9483,0,,,
9484,0,,,
9485,1,1,62.1667377,113.919875
9486,1,1,115.574834,89.7152926
9487,1,0,81.8204634,64.255008
9488,0,,,
9489,1,1,127.782906,76.4252743
9490,0,,,
9491,0,,,
9492,1,0,97.7986231,63.676645
9493,1,1,162.116262,103.406007
9494,0,,,
9495,0,,,
9496,1,1,75.4646152,74.7130441
9497,1,0,119.359374,76.7950426
9498,0,,,
9499,0,,,
9500,1,1,118.868913,94.824512
9501,1,0,82.2760122,81.972864
9502,0,,,
9503,0,,,
9504,0,,,
9505,0,,,
9506,0,,,
9507,0,,,
9508,0,,,
9509,0,,,
9510,1,1,122.057999,74.7693811
9511,1,1,122.678114,71.6265179
9512,0,,,
9513,1,1,113.837434,67.3466007
9514,2,1,76.0990579,81.7099815
9515,0,,,
9516,0,,,
9517,0,,,
9518,1,1,76.9558381,69.3380942
9519,0,,,
9520,0,,,
9521,0,,,
9522,0,,,
9523,0,,,
9524,0,,,
9525,1,1,81.9833678,72.5734385
9526,0,,,
9527,0,,,
9528,1,0,127.828321,71.3249577
9529,1,1,55.2991759,77.6337277
9530,0,,,
9531,0,,,
9532,0,,,
9533,1,0,81.487662,85.8169289
9534,0,,,
9535,1,1,112.710539,92.73461
9536,1,1,101.521122,78.7396984
9537,0,,,
9538,1,0,151.499069,76.7678405
9539,2,0,196.373784,87.8195224
9540,0,,,
9541,1,1,163.125241,95.6760429
9542,1,0,82.7875784,64.3969003
9543,1,0,135.25059,176.778696
9544,1,1,79.3751497,85.9257016
9545,0,,,
9546,0,,,
9547,1,0,92.0235518,48.3749568
9548,0,,,
9549,0,,,
9550,1,0,71.0374695,87.3608774
9551,0,,,
9552,1,1,117.546555,98.4026972
9553,2,0,126.532582,79.3646902
9554,0,,,
9555,0,,,
9556,0,,,
9557,0,,,
9558,1,1,107.597998,89.0413724
9559,0,,,
9560,0,,,
9561,1,0,110.142406,102.569549
9562,1,0,89.9959131,98.9054945
9563,0,,,
9564,1,0,91.00129,105.891081
9565,1,1,125.23769,99.9320816
9566,0,,,
9567,1,1,90.4239547,108.432666
9568,0,,,
9569,0,,,
9570,0,,,
9571,0,,,
9572,0,,,
9573,0,,,
9574,0,,,
9575,0,,,
9576,0,,,
9577,0,,,
9578,1,1,81.8616549,104.514237
9579,0,,,
9580,0,,,
9581,0,,,
9582,0,,,
9583,0,,,
9584,0,,,
9585,1,0,104.889817,64.5632628
9586,1,1,82.5149518,110.769211
9587,0,,,
9588,0,,,
9589,0,,,
9590,0,,,
9591,1,1,88.3840156,121.467005
9592,2,1,72.4790524,80.2962757
9593,1,0,142.808294,77.4034373
9594,0,,,
9595,0,,,
9596,0,,,
9597,2,1,86.3223217,124.456601
9598,0,,,
9599,1,0,94.0617058,85.6857436
9600,0,,,
9601,0,,,
9602,0,,,
9603,1,0,126.305475,99.9722166
9604,0,,,
9605,0,,,
9606,0,,,
9607,1,0,77.5095457,99.3067573
9608,0,,,
9609,0,,,
9610,0,,,
9611,0,,,
9612,0,,,
9613,0,,,
9614,1,1,66.6045349,58.8500787
9615,1,1,135.129904,83.8261797
9616,1,1,77.2194945,68.7734879
9617,1,0,97.5475412,79.3534611
9618,0,,,
9619,0,,,
9620,0,,,
9621,0,,,
9622,2,0,79.4469954,125.196586
9623,0,,,
9624,0,,,
9625,1,1,41.9972205,65.6338401
9626,0,,,
9627,1,0,150.843303,76.0452986
9628,0,,,
9629,1,1,145.898024,98.3260939
9630,2,1,218.185257,77.7821568
9631,2,1,82.3368098,90.797417
9632,0,,,
9633,0,,,
9634,1,1,128.783929,79.0254333
9635,0,,,
9636,0,,,
9637,0,,,
9638,0,,,
9639,1,1,105.458949,77.5414809
9640,0,,,
9641,0,,,
9642,0,,,
9643,1,0,113.281445,67.0686807
9644,1,1,174.719414,94.787464
9645,1,0,83.3325876,69.0144706
9646,0,,,
9647,0,,,
9648,1,0,122.295701,95.8627374
9649,1,1,72.7267775,142.991554
9650,0,,,
9651,0,,,
9652,0,,,
9653,1,1,84.5933523,124.004002
9654,0,,,
9655,0,,,
9656,1,0,82.6099492,92.4518938
9657,0,,,
9658,1,1,130.681637,66.3670391
9659,0,,,
9660,1,1,125.090564,49.8375697
9661,0,,,
9662,0,,,
9663,0,,,
9664,0,,,
9665,0,,,
9666,0,,,
9667,0,,,
9668,0,,,
9669,1,0,125.866876,214.364066
9670,0,,,
9671,0,,,
9672,2,0,65.5206666,71.4598612
9673,1,1,74.4807429,41.6017246
9674,0,,,
9675,1,1,124.072074,77.8567674
9676,1,1,125.036179,72.4083853
9677,0,,,
9678,0,,,
9679,0,,,
9680,0,,,
9681,1,1,146.856742,73.1815184
9682,1,0,122.365955,87.0487976
9683,1,0,85.7767402,56.0123438
9684,0,,,
9685,0,,,
9686,0,,,
9687,0,,,
9688,0,,,
9689,0,,,
9690,0,,,
9691,2,0,115.800094,89.1122827
9692,0,,,
9693,0,,,
9694,1,1,109.408829,101.868499
9695,1,0,227.304415,118.960742
9696,0,,,
9697,0,,,
9698,1,0,124.171752,89.5645639
9699,0,,,
9700,1,0,73.8772237,86.1136149
9701,0,,,
9702,1,0,74.4377415,79.9531064
9703,1,0,166.139531,60.9967882
9704,0,,,
9705,1,0,188.538317,64.9391734
9706,0,,,
9707,1,1,68.5202731,111.36056
9708,0,,,
9709,2,1,123.597002,75.8307716
9710,0,,,
9711,0,,,
9712,1,0,122.764769,79.809864
9713,1,1,76.5410248,103.551684
9714,1,1,105.353138,77.8263901
9715,0,,,
9716,0,,,
9717,1,1,114.975744,92.9117709
9718,0,,,
9719,0,,,
9720,2,1,59.2847379,75.3936736
9721,0,,,
9722,0,,,
9723,0,,,
9724,1,0,121.325269,81.3054663
9725,0,,,
9726,0,,,
9727,0,,,
9728,2,0,97.1944545,71.9306232
9729,1,1,185.667553,111.812718
9730,0,,,
9731,1,0,151.514148,81.2866607
9732,0,,,
9733,1,0,74.4324569,87.1652451
9734,0,,,
9735,0,,,
9736,1,0,121.352601,50.9469261
9737,0,,,
9738,0,,,
9739,0,,,
9740,2,1,73.2475341,82.0542907
9741,1,1,98.6076739,112.583657
9742,0,,,
9743,2,1,85.3528805,95.6743157
9744,2,0,55.7729045,76.8323499
9745,0,,,
9746,0,,,
9747,1,0,249.307756,186.168062
9748,0,,,
9749,0,,,
9750,1,0,123.802598,83.4977952
9751,0,,,
9752,0,,,
9753,0,,,
9754,1,0,80.1595276,72.1637738
9755,0,,,
9756,0,,,
9757,1,1,128.406675,31.1985637
9758,2,0,150.208556,48.7708297
9759,0,,,
9760,0,,,
9761,0,,,
9762,0,,,
9763,0,,,
9764,0,,,
9765,0,,,
9766,0,,,
9767,0,,,
9768,0,,,
9769,0,,,
9770,0,,,
9771,2,1,124.250702,66.2123202
9772,0,,,
9773,0,,,
9774,0,,,
9775,1,1,135.773852,76.085175
9776,1,1,93.8809197,70.6548733
9777,2,0,136.034492,78.0106056
9778,0,,,
9779,0,,,
9780,1,0,110.432508,84.1943344
9781,1,0,91.2464063,124.679512
9782,0,,,
9783,0,,,
9784,0,,,
9785,1,1,70.5359854,112.932584
9786,0,,,
9787,1,0,111.057948,77.3139885
9788,0,,,
9789,0,,,
9790,0,,,
9791,1,1,142.288599,72.0214454
9792,0,,,
9793,0,,,
9794,2,1,119.956579,79.2152199
9795,0,,,
9796,0,,,
9797,0,,,
9798,1,0,96.2669947,88.0803718
9799,0,,,
9800,0,,,
9801,1,0,145.983573,38.2299467
9802,1,1,78.1285244,67.3250104
9803,0,,,
9804,1,1,127.122889,60.5250492
9805,0,,,
9806,1,0,177.779727,150.569034
9807,0,,,
9808,1,1,146.942441,90.1796562
9809,0,,,
9810,0,,,
9811,0,,,
9812,1,0,179.283534,82.9578425
9813,0,,,
9814,1,1,75.8873378,103.469248
9815,0,,,
9816,0,,,
9817,2,0,93.7810862,75.4773859
9818,0,,,
9819,0,,,
9820,0,,,
9821,1,0,109.285131,72.888869
9822,0,,,
9823,1,0,133.548136,94.3092537
9824,0,,,
9825,1,1,67.3555057,90.3105933
9826,2,0,117.412138,85.7728366
9827,0,,,
9828,0,,,
9829,0,,,
9830,1,0,76.7005816,77.1199511
9831,2,1,110.011651,77.6670876
9832,1,0,72.6041756,79.9558011
9833,0,,,
9834,2,1,121.599733,60.6612691
9835,0,,,
9836,0,,,
9837,0,,,
9838,1,1,84.7495954,89.2319097
9839,0,,,
9840,0,,,
9841,1,1,87.5591617,81.617031
9842,0,,,
9843,0,,,
9844,0,,,
9845,1,1,89.5041261,99.8498831
9846,0,,,
9847,0,,,
9848,1,0,122.082057,96.7984369
9849,1,0,77.2059614,74.4967176
9850,0,,,
9851,1,0,195.748739,199.068149
9852,0,,,
9853,0,,,
9854,1,1,83.2242345,46.9396448
9855,2,1,94.9847099,122.460686
9856,0,,,
9857,0,,,
9858,1,0,120.041269,86.7390638
9859,0,,,
9860,0,,,
9861,1,1,128.033333,76.302482
9862,0,,,
9863,0,,,
9864,0,,,
9865,0,,,
9866,1,1,110.494059,68.3620956
9867,0,,,
9868,0,,,
9869,1,0,103.823365,84.9036265
9870,0,,,
9871,1,1,83.9966747,90.6807214
9872,1,1,82.8221627,90.7917336
9873,0,,,
9874,1,0,89.3987272,124.377808
9875,0,,,
9876,0,,,
9877,1,0,151.16679,42.1497628
9878,0,,,
9879,0,,,
9880,1,0,138.361216,76.4629265
9881,1,1,112.572173,64.5387682
9882,0,,,
9883,1,1,99.5250719,75.1289156
9884,1,1,124.649121,79.3271646
9885,1,1,57.5964465,98.4472237
9886,1,1,54.2586372,82.9711651
9887,1,0,123.664459,81.9637827
9888,2,1,82.128158,66.372029
9889,1,0,101.39048,161.64593
9890,0,,,
9891,1,0,134.036433,53.4988765
9892,0,,,
9893,0,,,
9894,0,,,
9895,0,,,
9896,0,,,
9897,1,0,127.288984,42.4629982
9898,1,1,80.4254882,79.4288936
9899,0,,,
9900,2,1,68.5709569,73.0361213
9901,1,1,114.742475,62.254949
9902,2,0,69.3617549,74.0186444
9903,0,,,
9904,1,1,117.843997,80.2175823
9905,0,,,
9906,0,,,
9907,0,,,
9908,0,,,
9909,1,0,122.99585,81.5998793
9910,0,,,
9911,0,,,
9912,0,,,
9913,0,,,
9914,0,,,
9915,0,,,
9916,1,0,65.5930481,56.6563196
9917,0,,,
9918,0,,,
9919,0,,,
9920,0,,,
9921,0,,,
9922,2,1,113.965041,82.7832229
9923,0,,,
9924,1,0,92.3955499,94.1463244
9925,1,1,606.865612,124.189027
9926,1,1,75.9570381,47.3302189
9927,0,,,
9928,0,,,
9929,1,1,88.199495,99.4958073
9930,0,,,
9931,0,,,
9932,1,1,97.9407134,75.3728716
9933,0,,,
9934,1,0,133.834965,117.503165
9935,0,,,
9936,0,,,
9937,1,0,90.3047077,72.9292115
9938,1,0,125.012056,91.1174274
9939,0,,,
9940,0,,,
9941,1,1,58.6219731,46.6825104
9942,1,1,199.452225,176.072092
9943,0,,,
9944,1,0,106.204451,84.9422724
9945,0,,,
9946,0,,,
9947,1,1,133.006012,55.8029453
9948,2,0,122.619634,77.6455802
9949,1,1,121.923059,59.558171
9950,0,,,
9951,0,,,
9952,1,1,107.925849,64.266482
9953,0,,,
9954,0,,,
9955,0,,,
9956,1,1,111.9998,96.2747204
9957,1,1,82.2538857,84.3917312
9958,0,,,
9959,0,,,
9960,0,,,
9961,1,0,102.337442,136.124882
9962,1,1,142.199723,54.1325276
9963,1,1,133.219979,62.2636669
9964,0,,,
9965,0,,,
9966,1,1,81.4403973,113.126485
9967,0,,,
9968,0,,,
9969,0,,,
9970,1,0,117.503864,103.617647
9971,1,1,132.798223,75.7051491
9972,0,,,
9973,1,1,116.812403,87.3899625
9974,1,1,78.5436966,76.4510001
9975,2,0,104.419582,85.7496806
9976,1,0,105.661662,77.8895593
9977,0,,,
9978,1,0,126.083567,69.7506646
9979,1,1,106.032707,95.8830316
9980,1,0,76.5370541,63.448515
9981,0,,,
9982,1,0,112.726355,83.6559903
9983,0,,,
9984,0,,,
9985,1,0,125.292858,64.2091241
9986,0,,,
9987,0,,,
9988,0,,,
9989,1,1,86.8052117,77.2216853
9990,1,1,130.862148,105.45204
9991,0,,,
9992,1,1,113.278403,69.82721
9993,0,,,
9994,0,,,
9995,1,1,79.5432296,113.122099
9996,0,,,
9997,0,,,
9998,1,1,93.5377568,82.8748547
9999,0,,,
