event_index,n_gen_triplet,leading_truth_triplet_slot,leading_truth_triplet_mass
0,0,,
1,0,,
2,1,0,166.50969
3,0,,
4,0,,
5,0,,
6,0,,
7,0,,
8,1,0,142.004423
9,1,1,172.35984
10,1,0,167.925493
11,1,0,158.160081
12,0,,
13,1,0,155.070144
14,1,1,135.221866
15,0,,
16,1,0,166.396125
17,1,1,179.44802
18,0,,
19,1,0,162.37976
20,1,1,182.506042
21,0,,
22,0,,
23,0,,
24,1,1,168.349853
25,0,,
26,2,0,159.999094
27,0,,
28,0,,
29,0,,
30,1,1,106.498274
31,2,0,158.999524
32,0,,
33,1,0,155.630306
34,1,0,191.111543
35,1,1,164.676597
36,1,1,167.546039
37,0,,
38,1,0,230.404929
39,1,1,157.919378
40,0,,
41,0,,
42,0,,
43,0,,
44,0,,
45,1,0,174.69738
46,0,,
47,0,,
48,0,,
49,1,1,142.912456
50,0,,
51,1,1,180.901209
52,1,1,174.781605
53,0,,
54,0,,
55,0,,
56,0,,
57,0,,
58,1,1,141.947593
59,1,1,148.513924
60,0,,
61,0,,
62,1,0,162.505062
63,1,1,171.476824
64,1,1,146.161544
65,1,0,128.25701
66,0,,
67,0,,
68,0,,
69,1,1,167.759358
70,0,,
71,0,,
72,1,0,170.926381
73,1,0,166.466148
74,0,,
75,1,1,156.143008
76,1,1,131.921015
77,1,0,153.998944
78,1,0,175.430913
79,0,,
80,0,,
81,1,1,171.050562
82,0,,
83,1,0,160.909512
84,0,,
85,1,1,154.380891
86,1,0,191.620707
87,0,,
88,2,1,176.946051
89,0,,
90,2,1,188.672518
91,1,1,482.161609
92,0,,
93,0,,
94,0,,
95,0,,
96,0,,
97,1,1,160.909493
98,0,,
99,0,,
100,0,,
101,0,,
102,0,,
103,0,,
104,0,,
105,1,0,357.535676
106,0,,
107,2,1,144.979368
108,0,,
109,0,,
110,1,1,167.735914
111,1,1,247.533731
112,1,1,170.947693
113,1,0,151.132815
114,1,0,141.12534
115,1,0,163.877557
116,0,,
117,1,0,168.935775
118,0,,
119,0,,
120,2,1,164.927821
121,1,1,164.426366
122,2,1,169.505153
123,1,1,208.959253
124,0,,
125,0,,
126,1,0,156.944261
127,0,,
128,0,,
129,0,,
130,0,,
131,0,,
132,1,1,159.49619
133,1,1,159.225148
134,0,,
135,0,,
136,0,,
137,0,,
138,0,,
139,0,,
140,1,1,171.167419
141,0,,
142,1,0,155.796483
143,0,,
144,2,1,175.932916
145,0,,
146,1,0,181.736827
147,1,1,165.435323
148,1,0,151.892904
149,1,0,153.632471
150,0,,
151,1,0,140.303418
152,0,,
153,0,,
154,1,0,167.575938
155,1,1,171.472908
156,0,,
157,0,,
158,1,1,153.166248
159,0,,
160,0,,
161,0,,
162,0,,
163,1,0,192.361515
164,1,0,169.184329
165,1,0,144.134195
166,1,0,156.529845
167,0,,
168,0,,
169,1,1,245.770247
170,0,,
171,0,,
172,0,,
173,1,1,179.479473
174,0,,
175,0,,
176,1,1,177.009563
177,0,,
178,1,0,178.87077
179,0,,
180,1,0,217.067498
181,1,0,177.266521
182,1,1,130.096529
183,0,,
184,0,,
185,0,,
186,0,,
187,0,,
188,1,0,170.216185
189,0,,
190,0,,
191,1,1,149.040172
192,1,1,229.36518
193,0,,
194,1,0,211.434814
195,0,,
196,1,0,165.43354
197,0,,
198,0,,
199,1,0,158.246135
200,0,,
201,0,,
202,0,,
203,0,,
204,1,0,142.828354
205,1,1,163.52517
206,0,,
207,1,1,140.145064
208,0,,
209,0,,
210,0,,
211,1,0,151.309834
212,0,,
213,1,0,159.619306
214,1,0,166.087007
215,0,,
216,1,1,166.681728
217,0,,
218,0,,
219,2,0,177.129791
220,1,1,173.506356
221,0,,
222,1,0,196.569943
223,1,0,160.617812
224,0,,
225,1,0,182.762755
226,0,,
227,0,,
228,1,0,166.202231
229,1,1,175.562601
230,1,0,227.426267
231,0,,
232,0,,
233,0,,
234,0,,
235,1,1,168.518794
236,1,1,169.151325
237,0,,
238,2,0,139.849837
239,0,,
240,0,,
241,1,0,173.831566
242,0,,
243,1,1,153.802107
244,1,0,246.082761
245,1,1,166.783296
246,1,1,162.377077
247,1,1,182.118555
248,1,1,172.469607
249,0,,
250,1,0,151.66542
251,0,,
252,0,,
253,0,,
254,0,,
255,0,,
256,1,1,167.42305
257,0,,
258,0,,
259,0,,
260,0,,
261,0,,
262,0,,
263,0,,
264,0,,
265,0,,
266,0,,
267,0,,
268,1,1,261.608652
269,0,,
270,1,0,156.741087
271,0,,
272,0,,
273,0,,
274,0,,
275,0,,
276,1,0,165.733567
277,0,,
278,1,1,176.43039
279,1,0,162.666601
280,2,0,175.270321
281,0,,
282,1,0,125.160292
283,0,,
284,0,,
285,0,,
286,0,,
287,1,0,176.394009
288,1,1,159.304781
289,0,,
290,0,,
291,0,,
292,0,,
293,0,,
294,0,,
295,0,,
296,0,,
297,0,,
298,1,0,158.644242
299,0,,
300,0,,
301,0,,
302,1,1,143.178893
303,1,1,147.827606
304,0,,
305,1,0,209.119372
306,0,,
307,1,1,170.818855
308,0,,
309,0,,
310,0,,
311,0,,
312,1,0,173.224521
313,0,,
314,1,0,147.70843
315,0,,
316,1,0,173.386045
317,0,,
318,0,,
319,0,,
320,1,1,161.514331
321,1,1,154.959484
322,1,0,166.428202
323,1,1,170.151491
324,1,0,153.590623
325,0,,
326,0,,
327,0,,
328,1,1,177.612626
329,0,,
330,0,,
331,1,1,199.8723
332,0,,
333,0,,
334,1,1,137.06283
335,1,0,194.657024
336,1,1,170.015713
337,0,,
338,0,,
339,2,1,218.520529
340,1,1,179.022641
341,0,,
342,0,,
343,1,1,155.555499
344,1,1,413.010318
345,0,,
346,2,1,147.990628
347,0,,
348,1,0,162.58476
349,0,,
350,0,,
351,0,,
352,0,,
353,1,1,159.224049
354,0,,
355,0,,
356,0,,
357,0,,
358,0,,
359,0,,
360,1,0,181.73819
361,0,,
362,1,0,165.973426
363,1,0,171.704322
364,0,,
365,0,,
366,1,1,142.452145
367,1,0,135.158499
368,0,,
369,0,,
370,0,,
371,0,,
372,0,,
373,0,,
374,0,,
375,1,0,150.789252
376,0,,
377,0,,
378,0,,
379,0,,
380,1,0,182.35124
381,0,,
382,0,,
383,1,1,408.512477
384,0,,
385,0,,
386,0,,
387,0,,
388,0,,
389,1,0,165.802969
390,0,,
391,2,1,125.20673
392,0,,
393,1,0,167.55594
394,1,0,164.646099
395,1,0,158.38894
396,1,1,147.227427
397,0,,
398,0,,
399,0,,
400,1,1,165.221543
401,1,0,156.588801
402,1,1,163.976144
403,1,1,163.557618
404,0,,
405,0,,
406,0,,
407,0,,
408,1,1,153.835758
409,1,1,180.671026
410,1,0,148.12173
411,1,1,131.675793
412,0,,
413,1,1,136.659256
414,0,,
415,2,1,165.715904
416,1,0,149.630072
417,1,1,164.884099
418,0,,
419,0,,
420,1,0,155.080236
421,1,1,210.336474
422,0,,
423,0,,
424,0,,
425,0,,
426,1,0,182.5011
427,1,1,144.108008
428,1,1,177.362504
429,0,,
430,1,0,145.851813
431,0,,
432,0,,
433,2,0,155.794392
434,1,1,155.386218
435,1,0,156.238985
436,0,,
437,1,1,152.010307
438,1,0,140.18939
439,1,0,173.230721
440,0,,
441,0,,
442,0,,
443,1,0,134.088382
444,2,0,180.097348
445,2,0,181.39866
446,0,,
447,0,,
448,0,,
449,0,,
450,1,0,152.116384
451,0,,
452,0,,
453,0,,
454,0,,
455,0,,
456,0,,
457,1,0,155.032392
458,1,0,147.398151
459,1,1,157.514762
460,1,0,166.449089
461,1,1,170.935987
462,0,,
463,1,1,166.446332
464,0,,
465,1,1,139.830293
466,2,0,159.668149
467,0,,
468,1,0,174.390076
469,0,,
470,1,0,212.52768
471,0,,
472,0,,
473,0,,
474,0,,
475,0,,
476,1,0,255.57184
477,1,0,158.876307
478,1,0,155.93776
479,1,0,121.509094
480,0,,
481,0,,
482,0,,
483,0,,
484,1,1,145.529233
485,0,,
486,0,,
487,0,,
488,0,,
489,1,0,171.593697
490,0,,
491,1,0,112.202435
492,0,,
493,0,,
494,0,,
495,0,,
496,1,0,189.500545
497,0,,
498,0,,
499,0,,
500,1,0,158.780192
501,0,,
502,1,1,158.100612
503,0,,
504,1,0,238.976525
505,0,,
506,0,,
507,0,,
508,0,,
509,0,,
510,1,0,165.901732
511,0,,
512,1,1,178.470419
513,0,,
514,2,1,163.092878
515,0,,
516,0,,
517,0,,
518,0,,
519,0,,
520,1,1,143.007705
521,1,1,167.323739
522,0,,
523,0,,
524,0,,
525,0,,
526,1,1,141.809608
527,0,,
528,0,,
529,0,,
530,0,,
531,0,,
532,0,,
533,1,1,178.235874
534,0,,
535,1,1,168.576556
536,0,,
537,0,,
538,1,0,152.634881
539,1,1,158.688973
540,1,1,160.860504
541,0,,
542,0,,
543,1,0,139.779865
544,1,1,210.330212
545,0,,
546,1,1,165.890312
547,1,1,163.030346
548,1,0,179.971513
549,1,0,242.392147
550,0,,
551,0,,
552,0,,
553,1,1,145.824446
554,0,,
555,0,,
556,1,1,154.162378
557,1,1,162.229756
558,1,1,140.898466
559,1,1,173.064264
560,0,,
561,0,,
562,1,0,154.178179
563,0,,
564,0,,
565,0,,
566,2,1,155.962614
567,1,1,139.089702
568,1,0,163.788924
569,0,,
570,1,1,168.465724
571,0,,
572,1,1,180.001727
573,0,,
574,0,,
575,1,0,154.101641
576,1,1,126.150538
577,0,,
578,0,,
579,0,,
580,1,0,157.248976
581,1,0,164.908402
582,0,,
583,0,,
584,0,,
585,0,,
586,0,,
587,0,,
588,1,1,186.087033
589,0,,
590,1,0,125.300991
591,0,,
592,2,1,138.44157
593,1,0,166.94894
594,0,,
595,0,,
596,0,,
597,2,1,165.583434
598,1,1,145.458558
599,1,1,154.362429
600,0,,
601,0,,
602,0,,
603,1,0,146.462078
604,0,,
605,1,0,146.824775
606,0,,
607,0,,
608,1,0,125.914944
609,0,,
610,1,1,146.073887
611,0,,
612,2,1,168.759184
613,0,,
614,0,,
615,2,0,147.375247
616,0,,
617,0,,
618,0,,
619,0,,
620,0,,
621,0,,
622,2,1,150.26874
623,0,,
624,0,,
625,0,,
626,0,,
627,0,,
628,0,,
629,0,,
630,1,0,175.094199
631,0,,
632,0,,
633,0,,
634,0,,
635,1,0,160.995702
636,0,,
637,1,0,155.963961
638,0,,
639,0,,
640,0,,
641,0,,
642,1,1,136.509722
643,0,,
644,1,1,163.245576
645,0,,
646,0,,
647,2,0,174.713915
648,2,1,210.588369
649,1,0,170.393252
650,1,1,156.521511
651,1,1,173.601819
652,0,,
653,0,,
654,0,,
655,1,0,147.273828
656,1,0,189.1352
657,0,,
658,0,,
659,0,,
660,1,1,164.83716
661,2,0,171.464734
662,1,1,168.926741
663,0,,
664,0,,
665,1,0,164.001685
666,1,1,169.481452
667,1,1,165.266608
668,0,,
669,2,1,171.595413
670,1,0,172.948458
671,0,,
672,1,0,163.175125
673,1,0,174.474061
674,0,,
675,1,1,163.044912
676,0,,
677,0,,
678,0,,
679,0,,
680,0,,
681,0,,
682,0,,
683,0,,
684,1,1,150.020457
685,1,1,173.093803
686,1,1,312.379755
687,2,0,138.259601
688,1,1,158.511976
689,1,1,174.472937
690,1,1,170.099158
691,0,,
692,0,,
693,0,,
694,1,1,182.842377
695,0,,
696,0,,
697,1,0,176.134715
698,1,1,168.271873
699,1,0,147.182616
700,0,,
701,0,,
702,0,,
703,0,,
704,1,0,154.516129
705,0,,
706,0,,
707,1,0,177.677703
708,0,,
709,2,1,164.924316
710,0,,
711,1,1,171.628832
712,0,,
713,0,,
714,2,0,172.747418
715,0,,
716,0,,
717,0,,
718,0,,
719,0,,
720,1,1,182.912901
721,0,,
722,1,1,162.029652
723,1,1,155.525459
724,1,0,148.676757
725,1,0,150.593752
726,2,1,149.450708
727,0,,
728,0,,
729,0,,
730,0,,
731,1,0,139.254513
732,0,,
733,0,,
734,0,,
735,1,1,151.319094
736,0,,
737,0,,
738,0,,
739,1,1,161.3984
740,0,,
741,0,,
742,1,0,160.019711
743,0,,
744,1,0,177.7428
745,1,1,146.656771
746,0,,
747,0,,
748,1,0,163.978388
749,0,,
750,2,0,158.676669
751,1,0,190.948087
752,0,,
753,1,1,138.090794
754,1,0,157.134554
755,0,,
756,0,,
757,0,,
758,1,1,170.632401
759,0,,
760,0,,
761,1,1,312.680704
762,0,,
763,0,,
764,0,,
765,1,0,192.2728
766,1,1,518.12217
767,1,0,170.831187
768,0,,
769,0,,
770,0,,
771,0,,
772,0,,
773,1,1,179.265196
774,1,1,163.305466
775,1,1,337.807159
776,0,,
777,1,1,128.219144
778,1,0,250.673081
779,0,,
780,1,0,141.874234
781,0,,
782,1,1,157.284953
783,0,,
784,1,1,169.630683
785,0,,
786,0,,
787,0,,
788,0,,
789,1,1,173.910119
790,0,,
791,0,,
792,1,1,167.739507
793,1,0,156.984804
794,1,1,239.633913
795,0,,
796,0,,
797,0,,
798,1,1,165.694961
799,1,0,170.27338
800,0,,
801,0,,
802,0,,
803,1,1,173.920081
804,1,0,200.97314
805,0,,
806,0,,
807,0,,
808,0,,
809,0,,
810,0,,
811,0,,
812,0,,
813,1,1,146.676692
814,1,0,161.079574
815,1,0,169.41095
816,0,,
817,1,1,157.26534
818,0,,
819,1,1,199.026932
820,0,,
821,0,,
822,0,,
823,0,,
824,0,,
825,1,1,154.854652
826,0,,
827,0,,
828,2,1,160.47316
829,1,0,181.444328
830,0,,
831,0,,
832,2,0,177.764671
833,2,1,235.205256
834,0,,
835,1,0,154.512887
836,1,0,142.492462
837,1,0,154.480848
838,2,0,151.919135
839,0,,
840,0,,
841,0,,
842,1,0,174.83127
843,1,1,115.441617
844,0,,
845,1,0,166.180449
846,1,1,152.056429
847,1,1,171.917571
848,1,1,168.385169
849,0,,
850,0,,
851,0,,
852,1,0,143.262061
853,0,,
854,0,,
855,0,,
856,1,0,124.944723
857,0,,
858,0,,
859,1,0,142.152703
860,0,,
861,0,,
862,0,,
863,2,0,131.141596
864,1,0,188.65906
865,2,1,159.42758
866,1,1,140.788228
867,0,,
868,0,,
869,0,,
870,0,,
871,1,0,293.855896
872,1,1,161.542056
873,0,,
874,1,1,162.817452
875,1,0,152.175052
876,0,,
877,0,,
878,0,,
879,0,,
880,0,,
881,0,,
882,1,1,152.529664
883,1,1,167.453072
884,1,1,169.748264
885,0,,
886,0,,
887,1,0,219.722346
888,1,1,189.605159
889,0,,
890,1,0,159.209881
891,2,0,159.186213
892,0,,
893,0,,
894,1,1,144.016482
895,1,1,168.635751
896,1,0,151.772113
897,0,,
898,1,0,179.02923
899,0,,
900,2,0,164.121072
901,2,0,174.627828
902,0,,
903,1,1,179.681749
904,1,1,154.097287
905,0,,
906,0,,
907,1,0,169.635797
908,1,0,167.106785
909,1,0,154.475837
910,0,,
911,1,0,186.301786
912,1,1,162.920818
913,1,0,143.128673
914,2,1,182.531215
915,0,,
916,1,1,169.164821
917,0,,
918,1,0,138.97633
919,0,,
920,1,1,224.542283
921,0,,
922,0,,
923,0,,
924,1,0,144.751275
925,2,1,179.85218
926,1,1,114.382258
927,0,,
928,0,,
929,1,0,314.871776
930,1,1,176.788186
931,1,1,130.118998
932,0,,
933,0,,
934,1,1,152.548356
935,1,1,154.317909
936,1,0,143.970836
937,1,0,176.263642
938,1,0,167.411514
939,1,1,187.927599
940,1,0,291.117558
941,1,0,153.609012
942,1,0,174.45561
943,0,,
944,1,1,164.913022
945,0,,
946,0,,
947,1,0,247.698348
948,0,,
949,0,,
950,0,,
951,1,0,139.291436
952,0,,
953,1,1,141.973091
954,1,0,155.165841
955,1,1,150.249755
956,0,,
957,2,1,173.86365
958,1,1,221.524993
959,0,,
960,1,0,171.459999
961,1,0,154.280756
962,0,,
963,0,,
964,1,1,158.948523
965,0,,
966,1,0,170.38144
967,1,0,176.491003
968,0,,
969,0,,
970,0,,
971,1,0,167.11915
972,1,0,149.701011
973,1,0,169.938374
974,1,1,157.964297
975,0,,
976,0,,
977,1,1,146.906453
978,0,,
979,1,1,174.529252
980,1,1,148.098652
981,0,,
982,0,,
983,0,,
984,0,,
985,1,0,135.391196
986,1,0,155.978273
987,1,0,169.79013
988,0,,
989,1,0,169.882452
990,0,,
991,2,1,166.491922
992,1,1,131.80344
993,0,,
994,0,,
995,0,,
996,1,0,147.522613
997,1,0,231.221127
998,0,,
999,0,,
1000,0,,
1001,1,1,114.259133
1002,0,,
1003,1,1,156.367026
1004,0,,
1005,1,0,165.903625
1006,0,,
1007,2,0,248.943106
1008,0,,
1009,1,1,157.781322
1010,1,0,159.791589
1011,1,1,158.124381
1012,1,0,205.421724
1013,0,,
1014,1,1,174.141696
1015,0,,
1016,0,,
1017,0,,
1018,0,,
1019,0,,
1020,0,,
1021,1,0,149.136917
1022,1,0,162.430131
1023,0,,
1024,0,,
1025,0,,
1026,0,,
1027,1,0,152.606173
1028,0,,
1029,0,,
1030,0,,
1031,1,0,225.965528
1032,0,,
1033,0,,
1034,2,0,148.032166
1035,0,,
1036,0,,
1037,0,,
1038,1,1,153.763684
1039,0,,
1040,0,,
1041,0,,
1042,1,0,158.019906
1043,0,,
1044,1,0,156.377056
1045,1,0,141.912874
1046,1,0,193.839959
1047,0,,
1048,2,0,176.089125
1049,0,,
1050,1,1,155.899733
1051,2,1,165.189565
1052,0,,
1053,1,1,140.363165
1054,1,0,168.979238
1055,1,1,173.658299
1056,0,,
1057,0,,
1058,1,0,184.847109
1059,0,,
1060,0,,
1061,0,,
1062,1,0,166.80938
1063,0,,
1064,0,,
1065,1,1,171.807733
1066,0,,
1067,0,,
1068,1,1,197.150675
1069,0,,
1070,0,,
1071,1,0,177.746544
1072,1,0,151.078595
1073,0,,
1074,0,,
1075,0,,
1076,0,,
1077,0,,
1078,0,,
1079,1,1,157.118274
1080,0,,
1081,0,,
1082,0,,
1083,1,0,183.717456
1084,0,,
1085,2,0,175.226899
1086,0,,
1087,0,,
1088,0,,
1089,1,1,162.900505
1090,1,1,160.327893
1091,1,1,164.779462
1092,0,,
1093,1,0,135.016139
1094,0,,
1095,0,,
1096,1,1,130.609186
1097,0,,
1098,1,1,174.655609
1099,2,0,168.066485
1100,1,0,138.421711
1101,1,0,162.503752
1102,0,,
1103,0,,
1104,0,,
1105,1,1,156.051859
1106,1,0,154.86984
1107,0,,
1108,0,,
1109,0,,
1110,0,,
1111,0,,
1112,0,,
1113,0,,
1114,1,0,147.493497
1115,1,1,146.717314
1116,1,0,171.03982
1117,0,,
1118,1,1,145.824454
1119,0,,
1120,0,,
1121,1,1,175.641466
1122,1,0,141.191435
1123,1,1,157.328023
1124,0,,
1125,0,,
1126,1,1,169.534068
1127,0,,
1128,1,1,172.832732
1129,1,1,170.367097
1130,0,,
1131,1,0,210.150637
1132,1,1,148.583332
1133,1,0,168.042368
1134,1,1,148.824036
1135,0,,
1136,0,,
1137,1,1,185.428534
1138,1,1,161.738899
1139,0,,
1140,0,,
1141,2,0,150.629211
1142,0,,
1143,0,,
1144,0,,
1145,1,1,157.050092
1146,1,0,162.193195
1147,1,0,138.573595
1148,0,,
1149,0,,
1150,0,,
1151,0,,
1152,1,1,164.217096
1153,0,,
1154,0,,
1155,0,,
1156,0,,
1157,0,,
1158,1,1,203.220559
1159,0,,
1160,0,,
1161,0,,
1162,0,,
1163,0,,
1164,0,,
1165,0,,
1166,0,,
1167,0,,
1168,0,,
1169,0,,
1170,0,,
1171,0,,
1172,1,0,148.190942
1173,1,1,162.524439
1174,0,,
1175,0,,
1176,0,,
1177,1,0,286.421213
1178,0,,
1179,0,,
1180,1,0,290.379649
1181,0,,
1182,0,,
1183,1,1,159.317905
1184,0,,
1185,0,,
1186,0,,
1187,0,,
1188,2,0,153.990255
1189,0,,
1190,1,0,177.744163
1191,0,,
1192,0,,
1193,1,1,157.730101
1194,0,,
1195,0,,
1196,1,1,146.95607
1197,0,,
1198,0,,
1199,0,,
1200,1,1,170.386231
1201,1,0,220.12976
1202,0,,
1203,0,,
1204,0,,
1205,1,1,211.267264
1206,2,0,163.357535
1207,1,0,156.429495
1208,0,,
1209,0,,
1210,0,,
1211,1,1,169.959052
1212,2,1,165.993237
1213,0,,
1214,1,0,139.683762
1215,0,,
1216,0,,
1217,1,1,171.540445
1218,0,,
1219,0,,
1220,0,,
1221,0,,
1222,0,,
1223,1,1,142.203393
1224,0,,
1225,0,,
1226,0,,
1227,0,,
1228,0,,
1229,1,0,164.575515
1230,1,1,139.41049
1231,0,,
1232,0,,
1233,0,,
1234,0,,
1235,0,,
1236,1,0,194.067938
1237,0,,
1238,1,0,172.401269
1239,1,0,186.418284
1240,0,,
1241,1,0,146.178123
1242,1,1,198.347322
1243,0,,
1244,0,,
1245,0,,
1246,1,0,166.146782
1247,0,,
1248,0,,
1249,0,,
1250,1,0,166.297372
1251,0,,
1252,0,,
1253,0,,
1254,0,,
1255,0,,
1256,0,,
1257,0,,
1258,0,,
1259,0,,
1260,0,,
1261,1,0,153.246528
1262,0,,
1263,0,,
1264,1,1,131.734806
1265,0,,
1266,1,0,204.698344
1267,0,,
1268,0,,
1269,0,,
1270,0,,
1271,0,,
1272,0,,
1273,0,,
1274,0,,
1275,0,,
1276,1,0,187.42614
1277,0,,
1278,1,1,162.51129
1279,0,,
1280,0,,
1281,0,,
1282,0,,
1283,0,,
1284,1,0,161.463356
1285,1,0,149.374851
1286,1,1,161.671232
1287,0,,
1288,0,,
1289,1,1,262.961989
1290,1,1,165.229282
1291,0,,
1292,1,1,154.478221
1293,1,1,169.139719
1294,0,,
1295,0,,
1296,0,,
1297,0,,
1298,0,,
1299,0,,
1300,0,,
1301,0,,
1302,0,,
1303,0,,
1304,0,,
1305,0,,
1306,0,,
1307,0,,
1308,1,0,221.757151
1309,1,0,137.33459
1310,0,,
1311,1,0,287.520533
1312,0,,
1313,0,,
1314,0,,
1315,0,,
1316,0,,
1317,0,,
1318,1,1,169.842137
1319,2,1,158.564236
1320,2,1,145.735701
1321,1,1,154.922128
1322,0,,
1323,0,,
1324,1,1,172.216007
1325,1,0,216.66605
1326,0,,
1327,0,,
1328,0,,
1329,0,,
1330,0,,
1331,0,,
1332,0,,
1333,1,0,151.260389
1334,1,1,160.156442
1335,0,,
1336,0,,
1337,0,,
1338,0,,
1339,1,0,178.008766
1340,0,,
1341,1,0,194.367626
1342,0,,
1343,2,0,144.561306
1344,0,,
1345,0,,
1346,1,0,175.061501
1347,0,,
1348,1,1,205.312124
1349,0,,
1350,0,,
1351,0,,
1352,0,,
1353,1,0,176.115586
1354,2,1,198.746629
1355,0,,
1356,0,,
1357,1,0,168.749669
1358,0,,
1359,0,,
1360,0,,
1361,0,,
1362,0,,
1363,1,1,159.363321
1364,0,,
1365,0,,
1366,0,,
1367,2,1,163.785482
1368,1,1,154.369536
1369,1,0,152.757618
1370,0,,
1371,1,0,170.474791
1372,0,,
1373,0,,
1374,0,,
1375,0,,
1376,1,0,168.630844
1377,0,,
1378,0,,
1379,0,,
1380,0,,
1381,0,,
1382,0,,
1383,1,1,140.638331
1384,1,1,159.116177
1385,2,1,171.037923
1386,0,,
1387,0,,
1388,1,1,176.148252
1389,1,0,152.769709
1390,0,,
1391,2,0,152.509567
1392,0,,
1393,2,0,168.169236
1394,0,,
1395,1,1,176.878697
1396,0,,
1397,0,,
1398,2,1,163.85677
1399,0,,
1400,0,,
1401,0,,
1402,0,,
1403,1,0,150.812661
1404,1,0,181.364009
1405,1,1,163.255862
1406,0,,
1407,1,1,148.558257
1408,0,,
1409,0,,
1410,1,0,245.880376
1411,0,,
1412,1,1,243.143089
1413,0,,
1414,0,,
1415,0,,
1416,0,,
1417,1,0,169.733553
1418,0,,
1419,0,,
1420,1,0,246.381133
1421,1,1,220.543468
1422,0,,
1423,0,,
1424,1,0,161.542819
1425,0,,
1426,0,,
1427,0,,
1428,0,,
1429,0,,
1430,0,,
1431,0,,
1432,2,1,144.027887
1433,0,,
1434,1,1,137.640137
1435,0,,
1436,0,,
1437,1,0,141.06076
1438,0,,
1439,0,,
1440,0,,
1441,0,,
1442,0,,
1443,0,,
1444,0,,
1445,1,0,166.816064
1446,1,1,140.570151
1447,0,,
1448,1,0,208.471125
1449,0,,
1450,2,0,169.331813
1451,0,,
1452,1,0,190.052993
1453,0,,
1454,0,,
1455,0,,
1456,0,,
1457,1,0,161.894269
1458,0,,
1459,1,1,150.655305
1460,0,,
1461,1,1,154.194538
1462,1,0,138.534127
1463,0,,
1464,0,,
1465,0,,
1466,1,0,148.36888
1467,0,,
1468,1,1,168.749848
1469,0,,
1470,0,,
1471,0,,
1472,0,,
1473,1,0,172.689298
1474,0,,
1475,1,1,210.7163
1476,2,1,145.037871
1477,1,0,141.353275
1478,1,0,175.16869
1479,1,1,168.061407
1480,1,0,158.091195
1481,0,,
1482,1,0,177.150829
1483,1,0,160.727574
1484,0,,
1485,0,,
1486,0,,
1487,0,,
1488,1,1,166.450564
1489,0,,
1490,0,,
1491,1,1,173.510705
1492,0,,
1493,0,,
1494,0,,
1495,0,,
1496,1,0,156.696469
1497,0,,
1498,0,,
1499,0,,
1500,0,,
1501,1,0,113.059393
1502,0,,
1503,0,,
1504,1,0,158.286431
1505,0,,
1506,0,,
1507,0,,
1508,1,1,133.723192
1509,0,,
1510,0,,
1511,1,0,176.48122
1512,1,0,185.239747
1513,1,0,143.874314
1514,0,,
1515,1,0,338.906156
1516,1,1,155.774726
1517,0,,
1518,0,,
1519,1,0,176.371503
1520,1,0,150.218127
1521,1,0,167.152127
1522,0,,
1523,0,,
1524,0,,
1525,0,,
1526,2,0,172.780237
1527,0,,
1528,1,1,157.702124
1529,0,,
1530,0,,
1531,0,,
1532,1,0,151.13608
1533,1,0,233.248546
1534,0,,
1535,0,,
1536,0,,
1537,0,,
1538,1,0,160.252653
1539,1,0,171.741547
1540,1,1,121.215023
1541,0,,
1542,1,1,173.947164
1543,0,,
1544,0,,
1545,0,,
1546,0,,
1547,0,,
1548,1,1,156.277503
1549,1,0,148.478718
1550,1,1,171.981886
1551,1,1,173.471725
1552,0,,
1553,1,1,124.618335
1554,0,,
1555,0,,
1556,0,,
1557,0,,
1558,1,1,166.862532
1559,1,1,174.857318
1560,0,,
1561,1,0,141.801438
1562,0,,
1563,1,0,164.464575
1564,1,1,243.395443
1565,0,,
1566,0,,
1567,0,,
1568,0,,
1569,0,,
1570,0,,
1571,0,,
1572,0,,
1573,1,0,167.121134
1574,1,0,398.394364
1575,1,1,170.327012
1576,0,,
1577,1,0,166.711035
1578,0,,
1579,0,,
1580,1,1,149.987202
1581,0,,
1582,1,0,178.827513
1583,0,,
1584,0,,
1585,0,,
1586,0,,
1587,1,0,163.513091
1588,0,,
1589,0,,
1590,1,1,151.651958
1591,0,,
1592,0,,
1593,0,,
1594,0,,
1595,0,,
1596,1,0,173.204216
1597,1,1,173.432371
1598,0,,
1599,1,1,151.64002
1600,1,1,183.090196
1601,0,,
1602,0,,
1603,0,,
1604,1,1,169.060346
1605,0,,
1606,0,,
1607,0,,
1608,0,,
1609,0,,
1610,1,1,194.453434
1611,1,0,161.765902
1612,0,,
1613,0,,
1614,1,0,172.324889
1615,0,,
1616,0,,
1617,0,,
1618,1,1,191.454914
1619,0,,
1620,1,0,214.250747
1621,0,,
1622,0,,
1623,0,,
1624,0,,
1625,0,,
1626,0,,
1627,0,,
1628,0,,
1629,1,1,173.140276
1630,0,,
1631,1,1,169.698185
1632,0,,
1633,1,0,171.569393
1634,0,,
1635,2,1,161.683614
1636,2,1,186.038684
1637,1,1,168.691132
1638,0,,
1639,1,0,187.734298
1640,1,0,267.732306
1641,0,,
1642,0,,
1643,1,1,161.931912
1644,0,,
1645,0,,
1646,0,,
1647,0,,
1648,1,1,166.629753
1649,0,,
1650,0,,
1651,1,0,164.466155
1652,0,,
1653,1,0,186.404484
1654,0,,
1655,1,1,194.741124
1656,0,,
1657,1,0,159.516834
1658,1,0,166.243775
1659,1,1,182.264048
1660,0,,
1661,2,1,172.449405
1662,1,0,175.682897
1663,1,0,124.498892
1664,1,1,135.658169
1665,0,,
1666,0,,
1667,0,,
1668,0,,
1669,0,,
1670,0,,
1671,0,,
1672,2,1,183.15882
1673,0,,
1674,0,,
1675,1,0,146.440013
1676,1,0,164.666684
1677,1,0,169.832548
1678,0,,
1679,0,,
1680,0,,
1681,0,,
1682,0,,
1683,1,0,153.944079
1684,2,1,193.849092
1685,2,1,197.494533
1686,1,0,172.81647
1687,0,,
1688,0,,
1689,1,1,145.570514
1690,0,,
1691,0,,
1692,0,,
1693,1,1,170.348429
1694,0,,
1695,0,,
1696,2,1,157.890475
1697,1,1,136.459205
1698,0,,
1699,0,,
1700,1,0,168.630582
1701,0,,
1702,0,,
1703,0,,
1704,1,1,166.67274
1705,1,1,304.272095
1706,0,,
1707,0,,
1708,0,,
1709,1,1,161.490401
1710,1,0,163.047341
1711,0,,
1712,0,,
1713,1,1,170.211441
1714,1,1,166.250865
1715,0,,
1716,1,0,197.076065
1717,0,,
1718,0,,
1719,1,0,168.751647
1720,1,1,154.978474
1721,0,,
1722,0,,
1723,1,1,198.538579
1724,0,,
1725,0,,
1726,0,,
1727,2,1,149.673718
1728,0,,
1729,1,0,150.378086
1730,0,,
1731,1,0,156.92803
1732,0,,
1733,0,,
1734,1,0,175.629949
1735,0,,
1736,0,,
1737,0,,
1738,0,,
1739,0,,
1740,1,0,141.974712
1741,0,,
1742,1,0,171.337168
1743,0,,
1744,0,,
1745,0,,
1746,0,,
1747,1,0,173.940366
1748,0,,
1749,0,,
1750,1,1,165.656218
1751,1,1,172.336243
1752,1,1,235.003412
1753,1,0,171.138028
1754,1,1,193.507341
1755,0,,
1756,1,0,230.505899
1757,1,0,165.304716
1758,0,,
1759,1,0,166.953145
1760,1,0,139.7491
1761,0,,
1762,0,,
1763,0,,
1764,0,,
1765,1,0,225.749105
1766,0,,
1767,0,,
1768,2,1,158.031806
1769,0,,
1770,1,0,174.942742
1771,0,,
1772,0,,
1773,0,,
1774,0,,
1775,1,0,161.476393
1776,1,0,173.981894
1777,1,0,177.331453
1778,0,,
1779,1,1,178.04763
1780,0,,
1781,0,,
1782,1,0,165.46094
1783,1,0,170.280466
1784,0,,
1785,1,0,148.096373
1786,0,,
1787,0,,
1788,0,,
1789,0,,
1790,1,1,156.975379
1791,1,1,194.223286
1792,0,,
1793,0,,
1794,0,,
1795,1,1,171.300636
1796,0,,
1797,0,,
1798,0,,
1799,0,,
1800,0,,
1801,2,1,177.15178
1802,0,,
1803,0,,
1804,0,,
1805,1,0,137.324069
1806,1,0,170.85686
1807,0,,
1808,1,0,160.195546
1809,1,1,166.370926
1810,0,,
1811,0,,
1812,1,1,168.64578
1813,0,,
1814,1,1,173.47955
1815,0,,
1816,0,,
1817,1,0,156.255956
1818,0,,
1819,0,,
1820,0,,
1821,1,0,170.743669
1822,0,,
1823,0,,
1824,0,,
1825,1,0,293.644551
1826,1,1,161.76363
1827,1,1,150.333159
1828,1,0,158.600693
1829,0,,
1830,0,,
1831,0,,
1832,0,,
1833,1,0,208.870202
1834,0,,
1835,0,,
1836,1,1,194.898124
1837,1,0,152.63355
1838,0,,
1839,0,,
1840,0,,
1841,0,,
1842,1,0,258.452128
1843,1,0,212.029849
1844,0,,
1845,1,0,183.323896
1846,1,0,352.406037
1847,0,,
1848,1,1,161.697438
1849,1,1,160.724292
1850,1,1,180.07802
1851,1,0,145.867574
1852,0,,
1853,1,1,169.483639
1854,0,,
1855,0,,
1856,1,0,217.767246
1857,0,,
1858,1,0,152.187263
1859,1,1,151.980242
1860,0,,
1861,1,0,115.742676
1862,1,1,189.481088
1863,0,,
1864,1,1,130.903551
1865,1,0,160.170536
1866,1,0,152.757836
1867,1,1,153.917286
1868,0,,
1869,0,,
1870,1,1,107.660985
1871,0,,
1872,0,,
1873,1,1,162.676305
1874,0,,
1875,0,,
1876,0,,
1877,0,,
1878,0,,
1879,1,1,154.011378
1880,0,,
1881,1,1,113.641533
1882,1,1,160.597389
1883,0,,
1884,1,1,166.842295
1885,1,0,144.968274
1886,1,0,126.911799
1887,0,,
1888,0,,
1889,1,0,209.113197
1890,0,,
1891,0,,
1892,2,1,166.614357
1893,1,1,163.431351
1894,1,1,176.854393
1895,0,,
1896,0,,
1897,1,1,178.734229
1898,1,1,180.27265
1899,0,,
1900,2,1,157.48028
1901,0,,
1902,0,,
1903,0,,
1904,1,1,163.857746
1905,0,,
1906,0,,
1907,1,1,175.665308
1908,1,1,220.432986
1909,0,,
1910,0,,
1911,2,0,161.124836
1912,1,0,124.09983
1913,0,,
1914,0,,
1915,0,,
1916,0,,
1917,1,0,146.463581
1918,1,0,171.68449
1919,0,,
1920,0,,
1921,1,0,171.514976
1922,1,1,158.579583
1923,1,1,292.180905
1924,1,0,178.875102
1925,0,,
1926,0,,
1927,1,0,214.622236
1928,0,,
1929,0,,
1930,0,,
1931,0,,
1932,0,,
1933,2,1,168.812878
1934,0,,
1935,0,,
1936,1,0,146.031887
1937,0,,
1938,1,0,161.190266
1939,1,1,188.455038
1940,0,,
1941,1,0,155.87759
1942,1,1,170.199122
1943,0,,
1944,1,1,186.381345
1945,0,,
1946,0,,
1947,1,1,128.964307
1948,0,,
1949,0,,
1950,0,,
1951,2,1,172.390329
1952,1,1,163.176464
1953,0,,
1954,0,,
1955,1,0,308.622283
1956,0,,
1957,0,,
1958,0,,
1959,1,1,179.905277
1960,1,1,181.13717
1961,1,0,161.963311
1962,1,0,123.576635
1963,0,,
1964,0,,
1965,0,,
1966,1,0,172.683716
1967,1,0,156.553713
1968,1,0,145.904676
1969,0,,
1970,0,,
1971,0,,
1972,0,,
1973,1,0,175.907923
1974,1,0,152.670876
1975,0,,
1976,0,,
1977,0,,
1978,0,,
1979,0,,
1980,0,,
1981,0,,
1982,1,1,226.469223
1983,0,,
1984,0,,
1985,0,,
1986,0,,
1987,0,,
1988,0,,
1989,0,,
1990,1,0,156.5171
1991,0,,
1992,1,0,148.786126
1993,0,,
1994,0,,
1995,0,,
1996,0,,
1997,0,,
1998,0,,
1999,1,1,235.273919
2000,0,,
2001,1,1,136.306754
2002,0,,
2003,2,0,158.253408
2004,0,,
2005,0,,
2006,0,,
2007,0,,
2008,0,,
2009,0,,
2010,1,1,185.868948
2011,1,1,170.130171
2012,0,,
2013,0,,
2014,0,,
2015,0,,
2016,0,,
2017,1,1,169.91611
2018,0,,
2019,1,1,154.61854
2020,0,,
2021,2,0,168.68033
2022,1,1,138.231179
2023,2,0,167.004173
2024,0,,
2025,0,,
2026,1,0,151.176637
2027,1,1,180.931382
2028,0,,
2029,1,0,161.503355
2030,0,,
2031,1,1,174.937929
2032,2,0,157.389235
2033,0,,
2034,1,0,183.151845
2035,1,1,143.261884
2036,0,,
2037,0,,
2038,1,1,244.669773
2039,0,,
2040,1,1,172.366432
2041,1,1,150.125799
2042,1,0,144.893196
2043,1,0,165.669336
2044,0,,
2045,0,,
2046,0,,
2047,0,,
2048,0,,
2049,0,,
2050,0,,
2051,0,,
2052,1,0,160.366272
2053,0,,
2054,1,0,195.179272
2055,0,,
2056,0,,
2057,0,,
2058,1,0,169.666312
2059,0,,
2060,0,,
2061,0,,
2062,1,0,167.031998
2063,0,,
2064,0,,
2065,1,1,165.437297
2066,0,,
2067,0,,
2068,0,,
2069,1,0,162.490871
2070,0,,
2071,0,,
2072,1,0,150.124843
2073,0,,
2074,1,0,251.142823
2075,1,0,205.663496
2076,1,0,183.96978
2077,1,0,166.138339
2078,0,,
2079,0,,
2080,0,,
2081,1,0,167.388112
2082,0,,
2083,1,1,180.308532
2084,0,,
2085,0,,
2086,0,,
2087,0,,
2088,1,0,156.753696
2089,2,1,176.601512
2090,0,,
2091,0,,
2092,1,1,162.383765
2093,0,,
2094,0,,
2095,1,0,169.003264
2096,1,1,173.631135
2097,1,0,168.120068
2098,0,,
2099,1,1,142.36313
2100,0,,
2101,0,,
2102,0,,
2103,1,0,165.805954
2104,0,,
2105,0,,
2106,0,,
2107,0,,
2108,0,,
2109,0,,
2110,0,,
2111,0,,
2112,0,,
2113,0,,
2114,1,0,141.168785
2115,0,,
2116,0,,
2117,0,,
2118,0,,
2119,0,,
2120,0,,
2121,0,,
2122,1,1,260.490889
2123,0,,
2124,0,,
2125,0,,
2126,0,,
2127,1,0,211.52643
2128,1,1,198.138449
2129,0,,
2130,1,0,167.748038
2131,0,,
2132,0,,
2133,1,0,147.674829
2134,0,,
2135,1,0,305.203482
2136,0,,
2137,1,0,146.999855
2138,0,,
2139,1,1,154.295725
2140,0,,
2141,1,0,157.056787
2142,0,,
2143,0,,
2144,1,0,203.647273
2145,0,,
2146,1,1,168.696264
2147,1,0,158.460241
2148,1,1,166.625901
2149,0,,
2150,0,,
2151,0,,
2152,1,1,122.428513
2153,0,,
2154,0,,
2155,0,,
2156,0,,
2157,1,0,160.495005
2158,0,,
2159,0,,
2160,1,0,165.646281
2161,0,,
2162,1,1,181.607888
2163,0,,
2164,1,0,137.849704
2165,2,1,171.144738
2166,1,1,173.282643
2167,1,1,143.630846
2168,1,0,164.812135
2169,1,0,170.019181
2170,0,,
2171,1,0,169.757065
2172,0,,
2173,1,0,199.279764
2174,0,,
2175,1,0,153.52874
2176,0,,
2177,1,1,177.214974
2178,0,,
2179,0,,
2180,1,0,264.336951
2181,0,,
2182,0,,
2183,0,,
2184,1,1,119.185392
2185,0,,
2186,1,0,226.123571
2187,1,0,186.361001
2188,0,,
2189,0,,
2190,1,0,249.665547
2191,0,,
2192,0,,
2193,0,,
2194,0,,
2195,1,1,160.688322
2196,1,1,172.05275
2197,0,,
2198,0,,
2199,0,,
2200,1,0,134.790003
2201,1,1,156.254576
2202,0,,
2203,0,,
2204,0,,
2205,1,1,173.838451
2206,1,0,169.019325
2207,0,,
2208,0,,
2209,0,,
2210,1,0,145.994053
2211,0,,
2212,0,,
2213,1,1,158.448728
2214,0,,
2215,0,,
2216,0,,
2217,0,,
2218,0,,
2219,1,1,142.83692
2220,0,,
2221,1,0,222.563727
2222,0,,
2223,0,,
2224,2,1,184.273024
2225,1,0,143.006787
2226,0,,
2227,0,,
2228,0,,
2229,1,1,147.190266
2230,0,,
2231,0,,
2232,1,1,169.720905
2233,0,,
2234,0,,
2235,1,0,159.622458
2236,1,0,168.237052
2237,1,1,152.196573
2238,0,,
2239,0,,
2240,0,,
2241,0,,
2242,1,0,179.464887
2243,1,0,153.907562
2244,2,0,146.744084
2245,1,1,151.067325
2246,0,,
2247,0,,
2248,0,,
2249,0,,
2250,0,,
2251,0,,
2252,0,,
2253,0,,
2254,1,0,167.061181
2255,2,0,168.748898
2256,0,,
2257,0,,
2258,1,1,167.337257
2259,0,,
2260,0,,
2261,0,,
2262,0,,
2263,0,,
2264,0,,
2265,1,0,130.49425
2266,1,1,160.822877
2267,0,,
2268,0,,
2269,1,0,211.878008
2270,1,0,157.924776
2271,1,1,155.295229
2272,0,,
2273,1,0,177.218511
2274,1,0,150.877037
2275,0,,
2276,1,0,173.005482
2277,1,0,149.260231
2278,0,,
2279,0,,
2280,1,1,166.203511
2281,1,0,140.923772
2282,2,1,170.908452
2283,0,,
2284,1,0,144.446965
2285,0,,
2286,0,,
2287,0,,
2288,0,,
2289,0,,
2290,1,1,153.319116
2291,1,1,161.72946
2292,0,,
2293,0,,
2294,1,1,101.708413
2295,0,,
2296,1,1,166.945561
2297,0,,
2298,0,,
2299,1,0,167.466021
2300,0,,
2301,0,,
2302,1,1,167.788316
2303,0,,
2304,1,1,158.725565
2305,1,0,177.328163
2306,2,0,150.742837
2307,0,,
2308,0,,
2309,0,,
2310,0,,
2311,0,,
2312,0,,
2313,1,0,262.369773
2314,0,,
2315,1,1,131.566352
2316,0,,
2317,0,,
2318,0,,
2319,0,,
2320,0,,
2321,0,,
2322,0,,
2323,1,1,173.040878
2324,1,1,247.522458
2325,1,1,167.91353
2326,2,1,161.282922
2327,0,,
2328,0,,
2329,0,,
2330,0,,
2331,2,1,162.150659
2332,0,,
2333,0,,
2334,1,1,163.543845
2335,1,1,171.513505
2336,1,1,174.005952
2337,0,,
2338,0,,
2339,0,,
2340,1,0,171.032617
2341,0,,
2342,1,0,254.594652
2343,0,,
2344,1,1,185.063358
2345,1,0,134.305783
2346,1,0,137.395892
2347,2,0,169.873014
2348,1,1,146.422836
2349,0,,
2350,0,,
2351,0,,
2352,0,,
2353,1,1,163.620912
2354,1,0,152.578556
2355,0,,
2356,1,1,122.049099
2357,0,,
2358,0,,
2359,1,0,231.185157
2360,0,,
2361,2,1,228.698254
2362,0,,
2363,0,,
2364,1,1,173.521579
2365,0,,
2366,1,0,137.097357
2367,1,1,161.906684
2368,0,,
2369,0,,
2370,0,,
2371,1,0,181.647874
2372,0,,
2373,0,,
2374,1,0,173.739145
2375,0,,
2376,0,,
2377,1,1,162.430387
2378,0,,
2379,1,1,176.069112
2380,0,,
2381,0,,
2382,1,0,144.015016
2383,1,1,144.256668
2384,2,1,170.580909
2385,0,,
2386,1,1,149.124619
2387,1,0,180.724966
2388,1,0,173.674775
2389,2,1,172.91018
2390,0,,
2391,0,,
2392,0,,
2393,1,0,131.530955
2394,0,,
2395,1,0,165.47672
2396,0,,
2397,0,,
2398,0,,
2399,0,,
2400,1,0,168.694516
2401,1,0,150.9012
2402,2,0,147.079572
2403,0,,
2404,0,,
2405,0,,
2406,1,1,176.73537
2407,1,1,197.697955
2408,0,,
2409,1,1,202.114729
2410,0,,
2411,1,1,153.350261
2412,0,,
2413,2,1,171.838342
2414,0,,
2415,0,,
2416,0,,
2417,0,,
2418,2,1,148.405483
2419,0,,
2420,0,,
2421,1,0,191.217793
2422,0,,
2423,0,,
2424,1,1,164.795291
2425,0,,
2426,0,,
2427,1,1,153.701301
2428,0,,
2429,0,,
2430,0,,
2431,1,1,154.877846
2432,0,,
2433,0,,
2434,0,,
2435,0,,
2436,0,,
2437,0,,
2438,1,0,161.313466
2439,0,,
2440,0,,
2441,1,1,157.958803
2442,1,0,164.875781
2443,1,1,215.899415
2444,0,,
2445,0,,
2446,0,,
2447,0,,
2448,0,,
2449,0,,
2450,1,1,169.025312
2451,1,1,172.103279
2452,0,,
2453,1,0,144.728128
2454,1,0,205.92278
2455,0,,
2456,1,1,188.586816
2457,1,0,181.468545
2458,0,,
2459,0,,
2460,1,0,175.005443
2461,1,0,234.613119
2462,0,,
2463,0,,
2464,0,,
2465,0,,
2466,0,,
2467,1,1,183.708936
2468,0,,
2469,0,,
2470,0,,
2471,0,,
2472,2,1,172.336387
2473,0,,
2474,0,,
2475,1,1,151.245543
2476,1,1,172.1113
2477,0,,
2478,1,0,169.980281
2479,1,0,174.238293
2480,0,,
2481,1,0,155.160476
2482,0,,
2483,0,,
2484,0,,
2485,1,0,197.458021
2486,0,,
2487,1,1,150.678008
2488,1,1,171.31595
2489,0,,
2490,0,,
2491,0,,
2492,1,0,170.130159
2493,0,,
2494,1,1,159.86633
2495,1,0,157.112001
2496,1,0,306.774208
2497,1,1,365.923771
2498,1,0,137.269467
2499,1,0,150.118727
2500,1,1,129.776352
2501,1,0,237.895751
2502,0,,
2503,1,1,138.728259
2504,0,,
2505,1,0,190.278149
2506,0,,
2507,0,,
2508,0,,
2509,1,1,163.540687
2510,0,,
2511,0,,
2512,1,0,165.079513
2513,1,0,165.983551
2514,2,0,159.998925
2515,0,,
2516,1,0,142.808876
2517,1,0,153.07746
2518,1,1,155.852028
2519,0,,
2520,1,1,166.784818
2521,0,,
2522,0,,
2523,1,0,295.805933
2524,0,,
2525,0,,
2526,1,1,167.897119
2527,0,,
2528,0,,
2529,1,1,162.802792
2530,0,,
2531,1,0,255.676171
2532,2,0,167.445863
2533,1,1,139.220485
2534,0,,
2535,0,,
2536,1,0,173.51363
2537,0,,
2538,1,1,174.103539
2539,0,,
2540,1,1,151.75945
2541,0,,
2542,1,0,165.711534
2543,0,,
2544,0,,
2545,0,,
2546,0,,
2547,0,,
2548,0,,
2549,1,1,135.546921
2550,0,,
2551,1,0,161.867829
2552,1,1,135.348231
2553,0,,
2554,1,1,142.807775
2555,0,,
2556,0,,
2557,1,1,159.114377
2558,0,,
2559,2,1,169.93108
2560,1,1,170.024354
2561,1,1,165.834161
2562,1,1,171.149588
2563,0,,
2564,1,1,143.349719
2565,2,1,172.888628
2566,0,,
2567,0,,
2568,1,0,270.669355
2569,1,1,173.401449
2570,1,1,161.275612
2571,0,,
2572,1,0,155.695485
2573,0,,
2574,0,,
2575,0,,
2576,0,,
2577,0,,
2578,1,1,238.503095
2579,0,,
2580,0,,
2581,2,1,144.616668
2582,0,,
2583,0,,
2584,0,,
2585,1,0,199.519791
2586,0,,
2587,2,0,173.552999
2588,1,0,173.525738
2589,1,1,174.83226
2590,0,,
2591,0,,
2592,0,,
2593,0,,
2594,1,0,206.670076
2595,0,,
2596,1,1,168.546743
2597,0,,
2598,1,0,145.479088
2599,1,0,162.769948
2600,0,,
2601,1,1,168.288496
2602,1,1,153.441529
2603,0,,
2604,0,,
2605,0,,
2606,0,,
2607,2,1,169.319802
2608,0,,
2609,2,0,173.888051
2610,0,,
2611,0,,
2612,0,,
2613,1,1,148.346585
2614,1,1,171.189875
2615,0,,
2616,1,0,143.484383
2617,1,1,141.569548
2618,1,1,160.481321
2619,1,1,176.364558
2620,2,0,177.795997
2621,0,,
2622,0,,
2623,0,,
2624,0,,
2625,1,0,175.208349
2626,0,,
2627,0,,
2628,0,,
2629,1,1,171.933681
2630,0,,
2631,1,1,208.919176
2632,0,,
2633,1,1,163.228066
2634,0,,
2635,0,,
2636,0,,
2637,1,1,286.133486
2638,0,,
2639,1,0,137.867329
2640,2,1,173.85287
2641,0,,
2642,1,1,158.869211
2643,1,1,208.272127
2644,2,1,148.420086
2645,0,,
2646,0,,
2647,0,,
2648,1,0,167.509668
2649,1,0,135.173407
2650,0,,
2651,0,,
2652,1,0,168.075189
2653,1,1,148.647578
2654,1,1,180.119491
2655,0,,
2656,1,0,240.50087
2657,0,,
2658,1,1,146.239744
2659,0,,
2660,0,,
2661,0,,
2662,1,0,183.931214
2663,0,,
2664,0,,
2665,0,,
2666,0,,
2667,0,,
2668,0,,
2669,0,,
2670,0,,
2671,0,,
2672,0,,
2673,0,,
2674,0,,
2675,0,,
2676,0,,
2677,2,0,140.287469
2678,0,,
2679,1,0,187.699598
2680,0,,
2681,0,,
2682,1,0,154.522716
2683,0,,
2684,1,1,188.188299
2685,0,,
2686,0,,
2687,1,0,168.650038
2688,0,,
2689,0,,
2690,0,,
2691,0,,
2692,0,,
2693,0,,
2694,0,,
2695,0,,
2696,0,,
2697,0,,
2698,0,,
2699,1,1,176.554761
2700,0,,
2701,2,1,176.816059
2702,1,0,181.623702
2703,0,,
2704,1,1,156.470262
2705,0,,
2706,0,,
2707,0,,
2708,1,1,184.55752
2709,0,,
2710,0,,
2711,0,,
2712,0,,
2713,0,,
2714,1,1,171.771015
2715,0,,
2716,1,1,180.799796
2717,0,,
2718,0,,
2719,0,,
2720,1,0,143.68754
2721,1,0,165.33488
2722,0,,
2723,1,1,175.487559
2724,0,,
2725,0,,
2726,0,,
2727,1,1,153.390368
2728,0,,
2729,1,1,168.584056
2730,0,,
2731,1,1,276.646617
2732,0,,
2733,0,,
2734,0,,
2735,1,1,226.474112
2736,2,0,171.320402
2737,1,0,173.361873
2738,0,,
2739,1,0,150.80764
2740,1,0,161.89453
2741,0,,
2742,0,,
2743,0,,
2744,0,,
2745,1,0,157.397144
2746,0,,
2747,0,,
2748,0,,
2749,0,,
2750,0,,
2751,1,1,126.02309
2752,1,1,154.466335
2753,1,0,261.77046
2754,0,,
2755,1,0,142.64939
2756,0,,
2757,0,,
2758,1,1,141.260354
2759,0,,
2760,0,,
2761,1,0,141.619168
2762,1,0,168.123943
2763,1,1,172.560057
2764,0,,
2765,1,1,174.237208
2766,0,,
2767,1,0,173.16395
2768,0,,
2769,1,1,161.519117
2770,0,,
2771,0,,
2772,1,0,208.812395
2773,1,1,144.761319
2774,0,,
2775,0,,
2776,0,,
2777,1,0,176.609631
2778,0,,
2779,0,,
2780,0,,
2781,0,,
2782,0,,
2783,0,,
2784,0,,
2785,0,,
2786,1,0,162.512821
2787,0,,
2788,1,0,168.278663
2789,0,,
2790,1,0,164.45491
2791,0,,
2792,0,,
2793,1,0,168.969089
2794,1,1,183.95402
2795,0,,
2796,1,1,149.639417
2797,1,0,138.065701
2798,0,,
2799,0,,
2800,0,,
2801,1,1,173.126604
2802,1,1,156.531098
2803,0,,
2804,0,,
2805,0,,
2806,0,,
2807,0,,
2808,0,,
2809,1,1,141.66556
2810,0,,
2811,0,,
2812,1,0,197.094425
2813,0,,
2814,0,,
2815,0,,
2816,1,0,151.88432
2817,0,,
2818,0,,
2819,0,,
2820,1,0,143.221603
2821,1,0,168.799665
2822,1,0,175.8427
2823,1,1,145.0708
2824,0,,
2825,0,,
2826,1,1,162.682811
2827,0,,
2828,1,1,162.247482
2829,0,,
2830,0,,
2831,1,1,150.721536
2832,0,,
2833,0,,
2834,1,0,149.573356
2835,0,,
2836,1,0,202.424077
2837,0,,
2838,0,,
2839,0,,
2840,0,,
2841,0,,
2842,1,0,145.112814
2843,0,,
2844,0,,
2845,0,,
2846,0,,
2847,0,,
2848,1,0,167.475123
2849,0,,
2850,1,0,166.200401
2851,2,1,175.186116
2852,0,,
2853,2,1,137.926491
2854,1,0,159.381909
2855,0,,
2856,1,1,160.588459
2857,0,,
2858,0,,
2859,0,,
2860,0,,
2861,0,,
2862,2,0,142.752851
2863,1,0,155.275147
2864,1,0,154.084011
2865,0,,
2866,0,,
2867,1,0,186.802931
2868,2,0,159.77353
2869,0,,
2870,0,,
2871,1,0,175.85536
2872,1,0,162.793231
2873,0,,
2874,1,0,152.433847
2875,0,,
2876,0,,
2877,1,0,150.610783
2878,1,0,168.369249
2879,1,1,144.463296
2880,1,0,151.491934
2881,1,0,174.84511
2882,0,,
2883,1,1,172.759657
2884,1,1,172.321973
2885,1,1,175.790901
2886,0,,
2887,0,,
2888,1,1,153.916653
2889,1,1,171.890688
2890,0,,
2891,0,,
2892,0,,
2893,0,,
2894,0,,
2895,0,,
2896,0,,
2897,1,0,172.938341
2898,0,,
2899,0,,
2900,2,0,144.379119
2901,0,,
2902,1,1,184.409281
2903,0,,
2904,0,,
2905,0,,
2906,0,,
2907,1,1,169.575877
2908,0,,
2909,0,,
2910,0,,
2911,0,,
2912,0,,
2913,1,0,164.174792
2914,1,0,161.468931
2915,0,,
2916,0,,
2917,0,,
2918,0,,
2919,1,1,147.748174
2920,0,,
2921,1,1,230.373286
2922,1,0,171.672413
2923,0,,
2924,0,,
2925,0,,
2926,0,,
2927,1,1,167.258371
2928,0,,
2929,2,0,166.584459
2930,0,,
2931,0,,
2932,1,1,171.325519
2933,0,,
2934,0,,
2935,0,,
2936,1,1,167.506338
2937,1,0,159.831579
2938,0,,
2939,0,,
2940,1,1,149.355825
2941,0,,
2942,0,,
2943,0,,
2944,0,,
2945,0,,
2946,0,,
2947,0,,
2948,1,0,144.708174
2949,0,,
2950,0,,
2951,0,,
2952,1,0,174.21203
2953,0,,
2954,1,1,167.48939
2955,0,,
2956,2,0,180.695137
2957,0,,
2958,1,0,225.709825
2959,0,,
2960,0,,
2961,0,,
2962,1,0,247.645936
2963,0,,
2964,1,1,158.86284
2965,0,,
2966,0,,
2967,1,1,135.997016
2968,1,0,171.48471
2969,1,1,252.372473
2970,0,,
2971,0,,
2972,0,,
2973,1,1,169.524315
2974,0,,
2975,2,1,257.334703
2976,0,,
2977,0,,
2978,2,0,154.590765
2979,0,,
2980,1,0,127.63485
2981,0,,
2982,1,0,178.729309
2983,0,,
2984,0,,
2985,1,0,169.273593
2986,0,,
2987,0,,
2988,0,,
2989,0,,
2990,0,,
2991,1,1,170.718965
2992,0,,
2993,1,0,225.458018
2994,0,,
2995,0,,
2996,0,,
2997,0,,
2998,1,0,149.120132
2999,1,0,173.312672
3000,0,,
3001,0,,
3002,0,,
3003,1,0,133.310611
3004,1,0,260.763401
3005,0,,
3006,0,,
3007,0,,
3008,0,,
3009,2,0,149.459521
3010,0,,
3011,0,,
3012,0,,
3013,1,0,174.926692
3014,0,,
3015,0,,
3016,0,,
3017,1,1,138.043116
3018,0,,
3019,1,0,149.546672
3020,1,0,174.557907
3021,0,,
3022,0,,
3023,1,1,191.541249
3024,1,0,183.221511
3025,2,1,174.088732
3026,0,,
3027,2,1,173.273918
3028,1,1,145.180436
3029,0,,
3030,1,1,145.946518
3031,1,0,170.271785
3032,0,,
3033,0,,
3034,0,,
3035,1,0,148.109331
3036,0,,
3037,0,,
3038,1,1,186.63999
3039,1,0,190.123154
3040,0,,
3041,0,,
3042,0,,
3043,0,,
3044,1,1,250.582969
3045,0,,
3046,0,,
3047,1,0,164.718092
3048,0,,
3049,1,1,169.261722
3050,1,0,160.018997
3051,1,1,163.944993
3052,0,,
3053,0,,
3054,1,0,142.390658
3055,1,1,170.942893
3056,1,1,154.705216
3057,0,,
3058,0,,
3059,0,,
3060,0,,
3061,1,1,181.40118
3062,1,1,182.340723
3063,1,1,182.221295
3064,1,1,162.995479
3065,0,,
3066,0,,
3067,1,1,167.06281
3068,1,0,170.60852
3069,0,,
3070,0,,
3071,0,,
3072,2,0,176.341082
3073,0,,
3074,0,,
3075,0,,
3076,1,1,170.714054
3077,1,0,223.014537
3078,1,1,144.830777
3079,0,,
3080,0,,
3081,0,,
3082,0,,
3083,0,,
3084,1,1,163.245171
3085,1,1,176.065942
3086,0,,
3087,2,0,160.878883
3088,0,,
3089,0,,
3090,1,1,177.039158
3091,0,,
3092,2,1,140.681378
3093,0,,
3094,0,,
3095,1,0,170.671739
3096,1,0,174.970843
3097,1,1,165.342221
3098,2,1,198.965413
3099,1,0,209.86846
3100,0,,
3101,0,,
3102,0,,
3103,0,,
3104,0,,
3105,1,0,153.554018
3106,0,,
3107,0,,
3108,1,0,174.667525
3109,0,,
3110,0,,
3111,1,1,148.926026
3112,1,1,165.148005
3113,0,,
3114,1,1,152.502329
3115,0,,
3116,1,0,170.815654
3117,2,1,171.607517
3118,1,1,141.698633
3119,1,1,160.541513
3120,0,,
3121,1,0,131.716959
3122,0,,
3123,0,,
3124,0,,
3125,2,0,155.756378
3126,0,,
3127,0,,
3128,0,,
3129,0,,
3130,1,1,150.628844
3131,0,,
3132,0,,
3133,0,,
3134,0,,
3135,1,0,159.9336
3136,1,1,152.588562
3137,0,,
3138,0,,
3139,0,,
3140,1,1,159.288412
3141,0,,
3142,0,,
3143,0,,
3144,0,,
3145,0,,
3146,0,,
3147,1,0,166.772556
3148,1,0,150.004341
3149,0,,
3150,0,,
3151,0,,
3152,2,0,140.674951
3153,0,,
3154,0,,
3155,0,,
3156,1,0,174.934593
3157,1,1,157.650726
3158,1,1,160.947931
3159,1,0,176.312891
3160,1,1,154.085809
3161,0,,
3162,0,,
3163,0,,
3164,0,,
3165,1,1,165.733381
3166,1,0,207.465746
3167,0,,
3168,0,,
3169,0,,
3170,0,,
3171,2,0,150.64264
3172,0,,
3173,0,,
3174,0,,
3175,1,0,162.219754
3176,0,,
3177,1,1,177.5037
3178,1,1,169.851427
3179,0,,
3180,0,,
3181,0,,
3182,0,,
3183,1,0,184.306136
3184,0,,
3185,1,1,197.339607
3186,1,1,150.081346
3187,0,,
3188,0,,
3189,1,0,200.223515
3190,0,,
3191,0,,
3192,1,1,135.797485
3193,0,,
3194,0,,
3195,2,0,175.658401
3196,1,1,213.784533
3197,2,0,141.489634
3198,1,0,261.498958
3199,0,,
3200,0,,
3201,0,,
3202,0,,
3203,0,,
3204,1,0,216.540128
3205,2,1,154.897774
3206,1,0,157.35543
3207,0,,
3208,1,0,142.507946
3209,0,,
3210,1,0,166.300889
3211,1,1,171.708963
3212,1,1,147.359095
3213,0,,
3214,2,1,166.745594
3215,0,,
3216,1,0,135.928534
3217,1,0,161.351814
3218,1,0,156.982133
3219,1,0,158.473683
3220,2,0,143.35114
3221,1,0,151.77458
3222,1,1,132.150495
3223,1,0,156.521737
3224,1,0,182.112488
3225,1,0,162.734029
3226,0,,
3227,0,,
3228,0,,
3229,1,1,145.513035
3230,1,1,172.471974
3231,0,,
3232,0,,
3233,0,,
3234,0,,
3235,1,1,168.345774
3236,0,,
3237,1,1,149.187276
3238,1,1,158.80182
3239,1,0,149.017821
3240,0,,
3241,0,,
3242,0,,
3243,0,,
3244,0,,
3245,1,0,173.883906
3246,0,,
3247,0,,
3248,0,,
3249,2,1,172.283415
3250,0,,
3251,0,,
3252,1,1,163.506023
3253,1,0,167.307909
3254,0,,
3255,0,,
3256,0,,
3257,2,0,159.35663
3258,0,,
3259,0,,
3260,0,,
3261,1,1,165.94236
3262,1,0,170.432097
3263,1,0,239.381875
3264,0,,
3265,0,,
3266,0,,
3267,0,,
3268,0,,
3269,1,0,170.864101
3270,2,0,181.743897
3271,1,1,196.207119
3272,1,0,169.436599
3273,1,0,172.35107
3274,1,0,139.89537
3275,2,1,157.069247
3276,1,1,163.986597
3277,0,,
3278,0,,
3279,0,,
3280,0,,
3281,0,,
3282,0,,
3283,1,1,161.689502
3284,0,,
3285,0,,
3286,0,,
3287,1,1,168.970335
3288,0,,
3289,0,,
3290,0,,
3291,0,,
3292,1,0,146.556769
3293,0,,
3294,1,0,151.482731
3295,2,1,221.379677
3296,1,1,151.522105
3297,0,,
3298,2,1,168.588501
3299,0,,
3300,1,1,203.520716
3301,1,1,162.519173
3302,0,,
3303,0,,
3304,0,,
3305,0,,
3306,1,1,167.686492
3307,0,,
3308,1,0,170.695182
3309,0,,
3310,0,,
3311,0,,
3312,0,,
3313,0,,
3314,0,,
3315,0,,
3316,0,,
3317,0,,
3318,0,,
3319,1,0,167.784423
3320,0,,
3321,0,,
3322,0,,
3323,0,,
3324,1,0,163.968459
3325,0,,
3326,1,1,185.790891
3327,0,,
3328,0,,
3329,1,0,175.252154
3330,0,,
3331,0,,
3332,0,,
3333,0,,
3334,1,0,187.833443
3335,0,,
3336,0,,
3337,0,,
3338,1,0,192.929868
3339,0,,
3340,1,1,166.535686
3341,1,0,173.664292
3342,0,,
3343,1,1,129.743796
3344,0,,
3345,0,,
3346,1,1,174.803361
3347,1,0,167.084867
3348,0,,
3349,1,0,169.412484
3350,1,1,217.658078
3351,2,0,178.672706
3352,0,,
3353,0,,
3354,0,,
3355,0,,
3356,0,,
3357,0,,
3358,0,,
3359,0,,
3360,2,1,172.315441
3361,0,,
3362,0,,
3363,0,,
3364,0,,
3365,1,1,168.63445
3366,0,,
3367,1,0,152.895411
3368,0,,
3369,1,1,164.984851
3370,0,,
3371,0,,
3372,0,,
3373,0,,
3374,2,0,161.719845
3375,1,1,176.699589
3376,0,,
3377,0,,
3378,0,,
3379,1,0,164.428825
3380,1,0,169.197385
3381,1,1,163.76528
3382,0,,
3383,1,0,164.931874
3384,1,0,175.242516
3385,0,,
3386,0,,
3387,0,,
3388,1,0,183.937636
3389,2,0,166.435726
3390,0,,
3391,1,0,160.245394
3392,1,0,187.546377
3393,0,,
3394,0,,
3395,0,,
3396,0,,
3397,0,,
3398,1,1,151.611094
3399,0,,
3400,0,,
3401,0,,
3402,0,,
3403,1,1,165.500822
3404,0,,
3405,0,,
3406,1,1,252.635318
3407,1,0,198.933361
3408,1,1,175.883054
3409,0,,
3410,1,0,161.489538
3411,0,,
3412,1,1,192.606124
3413,1,0,163.122851
3414,0,,
3415,1,1,185.131595
3416,1,0,258.120797
3417,1,0,238.097605
3418,1,1,173.602998
3419,1,0,181.964442
3420,1,1,169.38174
3421,0,,
3422,0,,
3423,1,0,179.178513
3424,0,,
3425,0,,
3426,1,0,125.555373
3427,1,0,170.04174
3428,0,,
3429,1,1,141.05551
3430,0,,
3431,0,,
3432,1,0,170.388976
3433,0,,
3434,0,,
3435,0,,
3436,0,,
3437,0,,
3438,1,0,156.391737
3439,0,,
3440,0,,
3441,1,0,175.14752
3442,0,,
3443,1,0,123.914509
3444,0,,
3445,1,0,215.769843
3446,1,0,199.142758
3447,1,1,167.236666
3448,0,,
3449,0,,
3450,0,,
3451,1,0,144.002725
3452,0,,
3453,0,,
3454,0,,
3455,0,,
3456,0,,
3457,1,1,138.174467
3458,1,0,146.86785
3459,1,0,141.795619
3460,1,0,166.280182
3461,0,,
3462,1,0,173.563058
3463,2,1,212.680402
3464,1,1,172.775833
3465,1,0,170.325264
3466,0,,
3467,0,,
3468,0,,
3469,0,,
3470,0,,
3471,0,,
3472,1,0,163.847398
3473,0,,
3474,1,0,149.394066
3475,0,,
3476,2,0,160.607468
3477,0,,
3478,1,1,180.262709
3479,0,,
3480,1,0,150.272702
3481,1,1,141.203614
3482,0,,
3483,0,,
3484,0,,
3485,1,1,155.925057
3486,0,,
3487,1,1,166.016986
3488,1,1,177.682692
3489,2,0,143.003514
3490,0,,
3491,0,,
3492,1,1,156.716672
3493,1,0,165.906608
3494,0,,
3495,0,,
3496,0,,
3497,1,1,169.178369
3498,0,,
3499,0,,
3500,0,,
3501,0,,
3502,0,,
3503,0,,
3504,1,1,177.230724
3505,1,1,160.75517
3506,0,,
3507,0,,
3508,0,,
3509,1,1,172.541654
3510,1,0,166.364092
3511,1,0,156.753874
3512,1,1,206.256866
3513,0,,
3514,0,,
3515,0,,
3516,0,,
3517,0,,
3518,0,,
3519,0,,
3520,0,,
3521,2,1,158.825558
3522,0,,
3523,1,1,152.132413
3524,1,1,158.539256
3525,1,1,141.137788
3526,1,0,152.170354
3527,0,,
3528,1,0,177.773023
3529,0,,
3530,1,1,150.448674
3531,1,0,175.72734
3532,0,,
3533,0,,
3534,0,,
3535,0,,
3536,1,1,156.916999
3537,0,,
3538,0,,
3539,0,,
3540,1,0,209.750353
3541,0,,
3542,0,,
3543,1,0,216.145047
3544,0,,
3545,0,,
3546,0,,
3547,1,0,166.736226
3548,0,,
3549,1,0,233.362622
3550,0,,
3551,1,0,156.931644
3552,0,,
3553,0,,
3554,0,,
3555,2,0,181.0359
3556,1,0,163.380331
3557,0,,
3558,0,,
3559,0,,
3560,1,1,173.627511
3561,0,,
3562,0,,
3563,1,0,158.751634
3564,1,0,166.980022
3565,1,1,168.318198
3566,0,,
3567,0,,
3568,1,1,155.031188
3569,0,,
3570,0,,
3571,0,,
3572,0,,
3573,0,,
3574,0,,
3575,2,0,178.978596
3576,1,1,217.145869
3577,0,,
3578,1,1,168.740854
3579,1,0,235.233985
3580,1,1,132.657375
3581,1,1,170.679582
3582,2,0,301.276649
3583,1,0,153.463519
3584,0,,
3585,1,1,325.776874
3586,1,0,173.519188
3587,0,,
3588,1,1,187.861101
3589,0,,
3590,1,0,151.03373
3591,0,,
3592,0,,
3593,0,,
3594,1,0,168.497704
3595,0,,
3596,0,,
3597,0,,
3598,0,,
3599,0,,
3600,1,0,178.989244
3601,1,1,171.427112
3602,0,,
3603,2,0,166.862954
3604,1,1,238.441371
3605,0,,
3606,0,,
3607,1,0,135.464076
3608,0,,
3609,0,,
3610,1,1,149.49087
3611,1,0,134.599361
3612,0,,
3613,0,,
3614,0,,
3615,0,,
3616,0,,
3617,0,,
3618,0,,
3619,1,0,187.758963
3620,1,0,209.365055
3621,1,0,175.149926
3622,1,0,214.43126
3623,1,1,142.472785
3624,1,1,157.72158
3625,0,,
3626,1,0,286.172358
3627,2,0,182.135491
3628,1,1,172.96488
3629,0,,
3630,0,,
3631,1,1,154.905066
3632,1,1,233.382713
3633,1,0,153.686565
3634,1,0,162.486346
3635,0,,
3636,0,,
3637,1,1,152.693234
3638,1,0,214.592407
3639,2,1,159.951585
3640,0,,
3641,0,,
3642,0,,
3643,1,1,158.98343
3644,0,,
3645,1,1,166.474457
3646,1,0,147.513548
3647,0,,
3648,1,0,186.540655
3649,1,1,152.316245
3650,0,,
3651,0,,
3652,0,,
3653,0,,
3654,0,,
3655,0,,
3656,0,,
3657,1,0,149.756206
3658,0,,
3659,2,0,170.852016
3660,1,1,161.912818
3661,1,0,254.683165
3662,0,,
3663,1,0,209.285063
3664,0,,
3665,0,,
3666,0,,
3667,0,,
3668,1,0,179.283687
3669,0,,
3670,0,,
3671,0,,
3672,0,,
3673,0,,
3674,0,,
3675,0,,
3676,0,,
3677,1,1,130.730927
3678,1,1,171.919657
3679,0,,
3680,1,0,167.405222
3681,0,,
3682,0,,
3683,0,,
3684,0,,
3685,0,,
3686,0,,
3687,1,0,167.273668
3688,0,,
3689,0,,
3690,0,,
3691,0,,
3692,0,,
3693,0,,
3694,0,,
3695,0,,
3696,0,,
3697,0,,
3698,1,0,168.467553
3699,0,,
3700,1,1,167.991457
3701,0,,
3702,1,1,170.172191
3703,0,,
3704,0,,
3705,0,,
3706,1,1,160.772572
3707,1,0,154.202736
3708,1,0,154.511012
3709,0,,
3710,0,,
3711,0,,
3712,0,,
3713,0,,
3714,0,,
3715,0,,
3716,2,0,138.946727
3717,0,,
3718,1,0,126.636478
3719,0,,
3720,0,,
3721,0,,
3722,0,,
3723,1,0,170.220412
3724,0,,
3725,0,,
3726,0,,
3727,0,,
3728,0,,
3729,0,,
3730,0,,
3731,0,,
3732,1,1,163.686989
3733,0,,
3734,0,,
3735,0,,
3736,0,,
3737,0,,
3738,0,,
3739,1,1,158.265697
3740,0,,
3741,0,,
3742,1,0,181.474713
3743,0,,
3744,1,0,152.554268
3745,1,0,161.509165
3746,0,,
3747,0,,
3748,0,,
3749,1,0,174.052601
3750,0,,
3751,1,0,167.574645
3752,2,0,177.300262
3753,0,,
3754,0,,
3755,0,,
3756,2,0,169.025825
3757,0,,
3758,0,,
3759,1,0,150.101767
3760,0,,
3761,0,,
3762,1,1,159.413718
3763,0,,
3764,0,,
3765,0,,
3766,0,,
3767,0,,
3768,0,,
3769,0,,
3770,2,1,152.137936
3771,0,,
3772,0,,
3773,0,,
3774,1,0,220.212828
3775,0,,
3776,0,,
3777,0,,
3778,0,,
3779,1,0,175.324412
3780,1,1,174.288901
3781,1,0,168.335058
3782,0,,
3783,1,1,165.204184
3784,1,0,160.883369
3785,0,,
3786,0,,
3787,1,0,166.0354
3788,1,0,158.578976
3789,1,1,184.032319
3790,1,1,411.699999
3791,1,1,175.784316
3792,0,,
3793,0,,
3794,0,,
3795,1,1,121.091729
3796,0,,
3797,1,1,173.451977
3798,1,1,165.312894
3799,1,0,177.926423
3800,1,1,165.955056
3801,1,0,182.622412
3802,0,,
3803,1,0,162.645701
3804,1,0,136.60655
3805,1,0,127.51957
3806,1,1,157.081315
3807,1,1,178.086463
3808,0,,
3809,0,,
3810,0,,
3811,1,0,170.556599
3812,0,,
3813,0,,
3814,1,0,181.5726
3815,1,1,132.85574
3816,1,0,124.703573
3817,0,,
3818,0,,
3819,0,,
3820,0,,
3821,1,0,143.739729
3822,2,1,160.183191
3823,0,,
3824,0,,
3825,1,0,131.593477
3826,1,0,161.107679
3827,1,1,154.951311
3828,0,,
3829,1,0,172.608962
3830,0,,
3831,0,,
3832,0,,
3833,0,,
3834,0,,
3835,1,0,157.559921
3836,0,,
3837,0,,
3838,2,0,138.459734
3839,0,,
3840,1,1,273.930771
3841,1,1,168.688615
3842,1,0,284.06277
3843,0,,
3844,0,,
3845,0,,
3846,0,,
3847,1,1,285.064936
3848,1,1,159.860149
3849,1,0,168.431178
3850,0,,
3851,0,,
3852,1,0,174.372005
3853,1,1,162.566717
3854,1,1,172.951643
3855,1,0,157.730171
3856,1,0,162.583427
3857,1,1,190.446354
3858,0,,
3859,0,,
3860,0,,
3861,0,,
3862,1,1,137.154284
3863,0,,
3864,1,1,188.839049
3865,0,,
3866,2,0,165.801087
3867,0,,
3868,0,,
3869,0,,
3870,0,,
3871,1,1,171.451031
3872,1,1,160.36379
3873,0,,
3874,0,,
3875,2,0,188.080369
3876,0,,
3877,0,,
3878,0,,
3879,0,,
3880,1,1,156.682415
3881,2,0,187.340474
3882,0,,
3883,1,0,171.843133
3884,0,,
3885,1,0,174.256199
3886,0,,
3887,0,,
3888,1,0,183.139325
3889,1,0,168.935111
3890,1,1,316.781988
3891,0,,
3892,0,,
3893,0,,
3894,1,0,171.368193
3895,0,,
3896,0,,
3897,0,,
3898,0,,
3899,0,,
3900,0,,
3901,0,,
3902,1,1,252.051919
3903,0,,
3904,0,,
3905,1,1,228.372388
3906,2,1,126.211295
3907,1,1,163.54233
3908,0,,
3909,0,,
3910,1,0,116.540533
3911,1,0,164.546103
3912,2,1,145.015061
3913,0,,
3914,0,,
3915,0,,
3916,0,,
3917,1,1,160.328002
3918,1,1,162.820774
3919,1,1,166.895544
3920,0,,
3921,0,,
3922,2,0,197.65758
3923,0,,
3924,0,,
3925,1,0,171.127269
3926,1,0,158.342111
3927,0,,
3928,0,,
3929,0,,
3930,1,1,164.368858
3931,1,1,160.378337
3932,0,,
3933,0,,
3934,0,,
3935,0,,
3936,2,0,137.039773
3937,1,0,151.572247
3938,0,,
3939,0,,
3940,1,0,169.162322
3941,0,,
3942,0,,
3943,0,,
3944,0,,
3945,1,0,160.87692
3946,1,1,163.800325
3947,0,,
3948,0,,
3949,0,,
3950,1,1,162.995289
3951,1,1,182.231562
3952,0,,
3953,0,,
3954,0,,
3955,0,,
3956,2,1,168.671025
3957,1,0,352.218394
3958,1,1,161.102872
3959,0,,
3960,0,,
3961,0,,
3962,1,1,157.883938
3963,0,,
3964,2,0,152.493057
3965,1,0,127.098787
3966,1,0,207.479003
3967,1,1,200.001102
3968,1,0,166.189147
3969,0,,
3970,0,,
3971,0,,
3972,1,0,187.894037
3973,0,,
3974,0,,
3975,0,,
3976,0,,
3977,1,1,148.497628
3978,0,,
3979,1,1,311.445573
3980,1,1,165.835506
3981,0,,
3982,0,,
3983,1,0,145.78186
3984,0,,
3985,0,,
3986,0,,
3987,0,,
3988,0,,
3989,0,,
3990,0,,
3991,1,0,187.352234
3992,0,,
3993,1,1,160.370479
3994,1,1,148.27721
3995,0,,
3996,0,,
3997,0,,
3998,0,,
3999,1,0,211.544912
4000,1,1,157.453102
4001,0,,
4002,0,,
4003,1,1,155.864887
4004,0,,
4005,0,,
4006,1,1,159.723461
4007,0,,
4008,0,,
4009,1,1,266.872173
4010,0,,
4011,0,,
4012,0,,
4013,1,1,177.73704
4014,0,,
4015,0,,
4016,0,,
4017,1,1,128.852504
4018,0,,
4019,0,,
4020,0,,
4021,1,0,166.330027
4022,0,,
4023,0,,
4024,1,1,162.858184
4025,0,,
4026,0,,
4027,0,,
4028,1,0,184.956378
4029,0,,
4030,0,,
4031,0,,
4032,0,,
4033,1,0,163.884451
4034,0,,
4035,1,0,144.366311
4036,0,,
4037,1,1,177.435642
4038,2,0,169.018398
4039,0,,
4040,0,,
4041,0,,
4042,0,,
4043,2,0,162.845123
4044,2,1,188.677226
4045,1,0,171.634722
4046,1,0,151.581016
4047,0,,
4048,0,,
4049,0,,
4050,0,,
4051,0,,
4052,1,1,154.71135
4053,1,1,160.130849
4054,0,,
4055,0,,
4056,0,,
4057,0,,
4058,0,,
4059,1,0,245.389056
4060,0,,
4061,0,,
4062,0,,
4063,2,1,170.549674
4064,0,,
4065,1,0,135.905984
4066,0,,
4067,0,,
4068,0,,
4069,0,,
4070,1,0,160.950872
4071,1,1,158.695838
4072,1,1,180.93887
4073,1,1,333.008308
4074,0,,
4075,0,,
4076,1,1,171.389508
4077,0,,
4078,0,,
4079,0,,
4080,0,,
4081,1,1,172.381372
4082,0,,
4083,0,,
4084,1,1,167.152558
4085,0,,
4086,1,0,132.204878
4087,0,,
4088,1,1,157.085892
4089,1,1,169.116726
4090,0,,
4091,0,,
4092,0,,
4093,1,0,167.461207
4094,0,,
4095,0,,
4096,1,0,178.728502
4097,0,,
4098,0,,
4099,1,1,199.507462
4100,0,,
4101,0,,
4102,1,0,164.708801
4103,2,1,165.66839
4104,0,,
4105,0,,
4106,0,,
4107,0,,
4108,1,0,188.709358
4109,2,0,153.824948
4110,0,,
4111,1,0,131.679899
4112,1,0,138.485315
4113,1,1,155.13689
4114,0,,
4115,0,,
4116,0,,
4117,1,0,172.070061
4118,0,,
4119,1,0,237.412897
4120,1,1,156.256627
4121,0,,
4122,0,,
4123,2,1,172.3305
4124,0,,
4125,0,,
4126,1,0,176.234341
4127,0,,
4128,1,0,123.279798
4129,0,,
4130,0,,
4131,0,,
4132,0,,
4133,0,,
4134,0,,
4135,0,,
4136,1,1,229.616405
4137,0,,
4138,0,,
4139,1,0,162.427562
4140,0,,
4141,1,1,202.108931
4142,0,,
4143,0,,
4144,0,,
4145,1,1,151.628022
4146,0,,
4147,0,,
4148,1,1,177.071113
4149,0,,
4150,1,0,179.448199
4151,0,,
4152,0,,
4153,0,,
4154,0,,
4155,0,,
4156,1,1,178.167749
4157,0,,
4158,2,1,162.220143
4159,2,1,168.71819
4160,1,0,181.258902
4161,1,1,254.883031
4162,0,,
4163,0,,
4164,0,,
4165,0,,
4166,2,0,113.302045
4167,1,1,170.113873
4168,0,,
4169,1,1,184.397966
4170,1,1,213.650353
4171,1,1,166.36004
4172,0,,
4173,0,,
4174,1,1,171.750244
4175,0,,
4176,0,,
4177,1,0,167.959591
4178,0,,
4179,1,1,365.856621
4180,1,0,163.250415
4181,0,,
4182,0,,
4183,0,,
4184,0,,
4185,1,0,161.265892
4186,0,,
4187,0,,
4188,0,,
4189,1,0,144.804042
4190,1,1,157.410352
4191,0,,
4192,0,,
4193,2,0,174.488593
4194,1,0,178.600971
4195,0,,
4196,2,1,154.981342
4197,1,1,187.477406
4198,0,,
4199,0,,
4200,1,1,268.931047
4201,0,,
4202,0,,
4203,0,,
4204,0,,
4205,0,,
4206,1,1,134.888762
4207,0,,
4208,0,,
4209,2,0,166.693261
4210,0,,
4211,0,,
4212,1,0,171.266004
4213,1,1,169.967452
4214,1,1,154.575623
4215,0,,
4216,0,,
4217,1,1,219.614534
4218,0,,
4219,0,,
4220,1,0,151.492785
4221,1,1,138.424664
4222,0,,
4223,1,1,139.587142
4224,0,,
4225,1,0,169.662352
4226,1,0,154.181346
4227,2,1,163.804976
4228,0,,
4229,0,,
4230,0,,
4231,0,,
4232,0,,
4233,1,0,149.081479
4234,1,1,175.356387
4235,0,,
4236,0,,
4237,1,1,169.66975
4238,2,0,155.982671
4239,1,0,142.398051
4240,1,0,229.583081
4241,1,1,161.590487
4242,1,0,176.785227
4243,0,,
4244,1,0,163.748504
4245,0,,
4246,0,,
4247,1,1,240.364529
4248,0,,
4249,1,0,149.053558
4250,1,0,168.389643
4251,0,,
4252,1,0,176.721515
4253,1,1,338.77379
4254,1,0,169.597286
4255,1,0,150.886356
4256,0,,
4257,0,,
4258,0,,
4259,1,0,119.122055
4260,2,1,167.115276
4261,0,,
4262,0,,
4263,1,0,139.509154
4264,0,,
4265,0,,
4266,0,,
4267,0,,
4268,1,0,182.882216
4269,0,,
4270,1,1,166.190801
4271,1,1,162.766193
4272,1,1,177.950293
4273,0,,
4274,1,1,144.072566
4275,1,0,161.845355
4276,0,,
4277,0,,
4278,0,,
4279,2,0,167.64427
4280,1,0,169.023276
4281,1,1,177.821154
4282,0,,
4283,0,,
4284,0,,
4285,1,1,135.55435
4286,0,,
4287,1,1,173.679661
4288,1,0,220.55947
4289,0,,
4290,2,0,190.281719
4291,1,0,165.000265
4292,0,,
4293,0,,
4294,0,,
4295,0,,
4296,0,,
4297,0,,
4298,0,,
4299,1,1,125.368797
4300,0,,
4301,0,,
4302,0,,
4303,1,1,183.53558
4304,0,,
4305,0,,
4306,1,0,199.374231
4307,0,,
4308,0,,
4309,0,,
4310,0,,
4311,0,,
4312,1,1,132.404048
4313,0,,
4314,1,0,144.12227
4315,1,0,122.172286
4316,0,,
4317,0,,
4318,1,1,173.585615
4319,1,0,159.461202
4320,0,,
4321,1,0,205.076816
4322,2,1,176.173355
4323,0,,
4324,0,,
4325,0,,
4326,1,1,301.831274
4327,0,,
4328,0,,
4329,0,,
4330,0,,
4331,0,,
4332,0,,
4333,0,,
4334,0,,
4335,0,,
4336,0,,
4337,0,,
4338,0,,
4339,0,,
4340,1,0,237.217603
4341,0,,
4342,0,,
4343,1,0,143.407852
4344,1,0,147.863063
4345,2,0,153.757393
4346,0,,
4347,0,,
4348,0,,
4349,1,0,157.652984
4350,1,1,151.655023
4351,0,,
4352,0,,
4353,0,,
4354,0,,
4355,1,1,169.513244
4356,1,1,161.63207
4357,0,,
4358,0,,
4359,1,0,163.440508
4360,1,1,167.090483
4361,0,,
4362,1,0,159.104503
4363,0,,
4364,1,1,161.331852
4365,1,1,172.663451
4366,0,,
4367,1,1,180.448441
4368,1,0,159.836074
4369,1,1,183.023551
4370,0,,
4371,0,,
4372,0,,
4373,0,,
4374,0,,
4375,0,,
4376,1,1,176.063003
4377,1,1,153.216979
4378,0,,
4379,0,,
4380,1,0,167.897111
4381,0,,
4382,0,,
4383,0,,
4384,0,,
4385,1,0,172.799632
4386,1,1,163.754233
4387,1,0,169.38777
4388,0,,
4389,0,,
4390,1,1,183.935595
4391,1,0,150.575119
4392,0,,
4393,2,0,159.91266
4394,0,,
4395,0,,
4396,1,1,149.887952
4397,0,,
4398,0,,
4399,0,,
4400,0,,
4401,1,0,168.043893
4402,0,,
4403,1,0,168.01491
4404,1,1,185.656166
4405,0,,
4406,0,,
4407,0,,
4408,1,0,198.099939
4409,0,,
4410,0,,
4411,1,1,218.416045
4412,0,,
4413,0,,
4414,1,0,211.89746
4415,1,1,200.619572
4416,0,,
4417,0,,
4418,0,,
4419,1,1,167.02036
4420,1,1,109.490254
4421,1,0,153.303649
4422,0,,
4423,0,,
4424,1,1,182.622484
4425,1,1,157.378026
4426,0,,
4427,0,,
4428,0,,
4429,2,0,174.918096
4430,0,,
4431,1,1,151.765186
4432,1,1,142.115382
4433,1,0,173.88122
4434,1,1,172.498578
4435,0,,
4436,1,1,311.468315
4437,0,,
4438,1,0,163.748168
4439,1,0,165.990276
4440,0,,
4441,0,,
4442,1,1,158.893583
4443,0,,
4444,0,,
4445,0,,
4446,1,1,171.413091
4447,0,,
4448,0,,
4449,0,,
4450,1,0,159.487561
4451,0,,
4452,1,1,183.946925
4453,0,,
4454,1,0,178.389907
4455,0,,
4456,0,,
4457,1,0,187.959981
4458,0,,
4459,0,,
4460,2,0,172.734308
4461,0,,
4462,1,0,140.343092
4463,1,1,170.977537
4464,0,,
4465,1,1,177.725698
4466,0,,
4467,1,1,168.319659
4468,0,,
4469,0,,
4470,0,,
4471,0,,
4472,0,,
4473,0,,
4474,1,1,135.780573
4475,0,,
4476,0,,
4477,1,1,158.550288
4478,0,,
4479,0,,
4480,0,,
4481,0,,
4482,0,,
4483,1,0,135.212137
4484,0,,
4485,1,0,171.900419
4486,0,,
4487,1,1,156.473896
4488,1,0,172.730324
4489,1,0,171.14625
4490,0,,
4491,0,,
4492,0,,
4493,1,0,168.071153
4494,0,,
4495,0,,
4496,0,,
4497,0,,
4498,0,,
4499,1,1,167.965021
4500,0,,
4501,0,,
4502,0,,
4503,1,0,173.588853
4504,1,1,173.55152
4505,0,,
4506,0,,
4507,0,,
4508,0,,
4509,1,0,297.291017
4510,0,,
4511,1,0,170.253215
4512,0,,
4513,1,0,200.196097
4514,0,,
4515,0,,
4516,0,,
4517,0,,
4518,0,,
4519,0,,
4520,0,,
4521,1,0,134.684845
4522,1,0,166.379694
4523,0,,
4524,1,0,186.44042
4525,0,,
4526,0,,
4527,1,0,173.617742
4528,0,,
4529,0,,
4530,1,0,162.517001
4531,0,,
4532,0,,
4533,0,,
4534,0,,
4535,2,1,143.937983
4536,0,,
4537,0,,
4538,0,,
4539,0,,
4540,1,0,203.899338
4541,0,,
4542,1,1,163.451812
4543,1,1,145.127012
4544,0,,
4545,0,,
4546,1,1,219.333079
4547,0,,
4548,1,1,128.130385
4549,0,,
4550,0,,
4551,1,0,194.555384
4552,1,1,232.585279
4553,0,,
4554,1,0,186.603785
4555,1,0,263.69941
4556,1,1,135.547817
4557,1,0,160.833158
4558,0,,
4559,1,0,158.919167
4560,0,,
4561,1,0,146.259446
4562,0,,
4563,1,0,154.791389
4564,2,1,146.321542
4565,0,,
4566,1,1,133.236977
4567,0,,
4568,0,,
4569,0,,
4570,0,,
4571,0,,
4572,0,,
4573,0,,
4574,0,,
4575,0,,
4576,0,,
4577,1,0,215.672101
4578,0,,
4579,0,,
4580,0,,
4581,0,,
4582,1,0,138.94328
4583,0,,
4584,0,,
4585,0,,
4586,0,,
4587,2,1,170.632796
4588,0,,
4589,1,0,186.70938
4590,0,,
4591,1,1,165.777771
4592,1,0,163.254495
4593,1,0,184.926409
4594,1,0,191.457897
4595,0,,
4596,0,,
4597,2,1,175.399188
4598,0,,
4599,1,1,155.311107
4600,0,,
4601,0,,
4602,0,,
4603,0,,
4604,1,1,165.855419
4605,0,,
4606,1,1,186.131431
4607,0,,
4608,0,,
4609,0,,
4610,0,,
4611,1,0,137.506859
4612,1,1,157.217513
4613,0,,
4614,0,,
4615,1,1,325.044546
4616,0,,
4617,0,,
4618,1,1,151.583191
4619,2,1,166.462898
4620,0,,
4621,0,,
4622,1,0,127.294844
4623,0,,
4624,1,1,148.82207
4625,1,0,164.006187
4626,2,1,176.322742
4627,0,,
4628,0,,
4629,1,1,165.90705
4630,2,1,121.288853
4631,0,,
4632,1,1,184.142897
4633,0,,
4634,1,1,165.992762
4635,1,0,158.582687
4636,0,,
4637,0,,
4638,0,,
4639,0,,
4640,0,,
4641,0,,
4642,0,,
4643,0,,
4644,1,0,155.777189
4645,1,0,156.006539
4646,0,,
4647,1,0,139.15839
4648,1,0,173.574677
4649,0,,
4650,0,,
4651,0,,
4652,0,,
4653,1,1,213.585625
4654,1,0,211.071789
4655,0,,
4656,0,,
4657,0,,
4658,0,,
4659,0,,
4660,0,,
4661,0,,
4662,0,,
4663,0,,
4664,1,0,141.857323
4665,0,,
4666,0,,
4667,2,0,203.967978
4668,1,0,174.004798
4669,0,,
4670,0,,
4671,0,,
4672,1,0,228.024484
4673,0,,
4674,0,,
4675,0,,
4676,1,0,187.097489
4677,0,,
4678,0,,
4679,1,1,147.949342
4680,1,1,167.182804
4681,0,,
4682,0,,
4683,0,,
4684,1,1,142.341187
4685,0,,
4686,1,0,168.576907
4687,0,,
4688,2,1,171.536132
4689,0,,
4690,0,,
4691,1,1,161.433716
4692,0,,
4693,1,0,168.412483
4694,0,,
4695,1,0,134.460458
4696,0,,
4697,0,,
4698,0,,
4699,1,0,165.117794
4700,1,0,169.115996
4701,0,,
4702,1,1,140.373207
4703,0,,
4704,0,,
4705,1,1,171.674783
4706,0,,
4707,0,,
4708,1,0,137.957596
4709,0,,
4710,1,0,161.816633
4711,0,,
4712,0,,
4713,1,0,169.906578
4714,0,,
4715,1,1,178.823177
4716,1,0,216.788798
4717,0,,
4718,2,0,190.182497
4719,1,1,153.308605
4720,1,0,134.982004
4721,1,1,143.171638
4722,1,1,153.501183
4723,0,,
4724,1,0,163.524094
4725,1,0,342.194418
4726,0,,
4727,1,0,191.731952
4728,0,,
4729,0,,
4730,0,,
4731,0,,
4732,0,,
4733,0,,
4734,0,,
4735,1,0,159.898516
4736,0,,
4737,0,,
4738,0,,
4739,1,1,171.658599
4740,0,,
4741,0,,
4742,0,,
4743,1,0,109.254814
4744,0,,
4745,1,1,162.370516
4746,1,1,172.246451
4747,2,0,171.640749
4748,0,,
4749,0,,
4750,1,0,159.293211
4751,1,1,143.623023
4752,0,,
4753,0,,
4754,1,0,168.220068
4755,2,1,172.871626
4756,0,,
4757,0,,
4758,0,,
4759,0,,
4760,2,1,143.943602
4761,0,,
4762,0,,
4763,0,,
4764,0,,
4765,0,,
4766,1,0,155.982477
4767,0,,
4768,0,,
4769,0,,
4770,0,,
4771,1,0,219.124344
4772,0,,
4773,0,,
4774,0,,
4775,0,,
4776,0,,
4777,1,1,214.789047
4778,1,0,153.507165
4779,0,,
4780,0,,
4781,1,0,178.229414
4782,1,1,163.282435
4783,1,0,167.331278
4784,0,,
4785,1,1,163.461916
4786,1,0,190.605751
4787,1,1,168.33572
4788,0,,
4789,1,0,149.711554
4790,0,,
4791,0,,
4792,0,,
4793,1,1,149.212096
4794,1,1,147.160243
4795,0,,
4796,0,,
4797,1,1,156.092989
4798,1,1,178.944229
4799,1,1,156.513902
4800,1,0,147.171902
4801,0,,
4802,0,,
4803,1,1,163.307107
4804,0,,
4805,0,,
4806,1,0,160.083586
4807,1,1,166.814177
4808,0,,
4809,0,,
4810,2,0,120.082205
4811,1,1,160.421955
4812,0,,
4813,0,,
4814,0,,
4815,0,,
4816,1,1,162.180935
4817,0,,
4818,0,,
4819,0,,
4820,1,0,146.465197
4821,0,,
4822,0,,
4823,1,1,141.673514
4824,0,,
4825,1,1,176.364861
4826,0,,
4827,0,,
4828,0,,
4829,1,0,139.899007
4830,0,,
4831,2,1,177.101685
4832,1,0,157.528023
4833,0,,
4834,1,0,162.591548
4835,0,,
4836,0,,
4837,0,,
4838,0,,
4839,0,,
4840,0,,
4841,0,,
4842,1,1,156.111192
4843,1,1,175.046421
4844,1,0,137.32028
4845,2,1,178.245731
4846,1,1,161.731846
4847,0,,
4848,0,,
4849,1,0,162.662854
4850,1,1,152.103083
4851,0,,
4852,0,,
4853,0,,
4854,0,,
4855,1,0,157.697363
4856,0,,
4857,0,,
4858,0,,
4859,1,1,171.634186
4860,1,0,174.567382
4861,0,,
4862,0,,
4863,0,,
4864,1,1,159.313723
4865,1,0,169.664803
4866,0,,
4867,0,,
4868,0,,
4869,0,,
4870,0,,
4871,0,,
4872,0,,
4873,0,,
4874,0,,
4875,2,0,170.250593
4876,0,,
4877,1,1,176.395785
4878,0,,
4879,0,,
4880,0,,
4881,0,,
4882,1,0,126.334083
4883,0,,
4884,0,,
4885,1,1,140.743532
4886,1,0,205.570064
4887,0,,
4888,1,1,140.550082
4889,0,,
4890,0,,
4891,0,,
4892,0,,
4893,0,,
4894,0,,
4895,1,1,138.780444
4896,1,0,135.285529
4897,0,,
4898,1,1,131.255442
4899,1,0,151.691144
4900,0,,
4901,0,,
4902,0,,
4903,0,,
4904,0,,
4905,0,,
4906,0,,
4907,1,0,182.769688
4908,0,,
4909,1,1,137.396009
4910,1,1,152.926344
4911,1,0,151.396911
4912,1,1,164.5852
4913,0,,
4914,2,1,149.610105
4915,0,,
4916,0,,
4917,1,0,166.003666
4918,1,0,115.711181
4919,2,0,173.603912
4920,1,1,143.278823
4921,1,1,162.61769
4922,0,,
4923,0,,
4924,0,,
4925,1,1,153.405043
4926,1,0,428.635647
4927,0,,
4928,0,,
4929,0,,
4930,0,,
4931,0,,
4932,0,,
4933,0,,
4934,0,,
4935,0,,
4936,0,,
4937,1,0,145.995411
4938,0,,
4939,0,,
4940,0,,
4941,1,1,376.211529
4942,0,,
4943,1,0,173.716884
4944,1,0,229.475681
4945,0,,
4946,1,1,170.827804
4947,0,,
4948,0,,
4949,0,,
4950,1,0,157.67568
4951,0,,
4952,0,,
4953,0,,
4954,0,,
4955,0,,
4956,0,,
4957,1,0,158.425836
4958,1,0,171.244796
4959,0,,
4960,0,,
4961,2,0,149.152799
4962,1,1,146.739081
4963,1,1,171.732397
4964,1,0,155.142934
4965,0,,
4966,0,,
4967,0,,
4968,0,,
4969,1,1,152.709687
4970,1,0,169.889128
4971,1,1,169.276681
4972,0,,
4973,1,0,167.182571
4974,0,,
4975,1,1,175.973296
4976,0,,
4977,1,1,131.235518
4978,1,1,154.729777
4979,1,1,171.004292
4980,1,1,161.891708
4981,0,,
4982,0,,
4983,1,1,168.268204
4984,1,0,239.888183
4985,1,0,163.384482
4986,0,,
4987,0,,
4988,1,0,147.706479
4989,1,1,217.532011
4990,1,1,169.472129
4991,0,,
4992,0,,
4993,1,0,162.936307
4994,0,,
4995,0,,
4996,1,0,170.335342
4997,0,,
4998,1,1,369.733329
4999,0,,
5000,0,,
5001,0,,
5002,0,,
5003,1,1,146.411947
5004,1,0,133.596552
5005,0,,
5006,1,0,269.415095
5007,0,,
5008,0,,
5009,0,,
5010,0,,
5011,0,,
5012,0,,
5013,0,,
5014,0,,
5015,2,1,162.238825
5016,0,,
5017,0,,
5018,0,,
5019,0,,
5020,1,1,151.119596
5021,0,,
5022,0,,
5023,0,,
5024,0,,
5025,0,,
5026,1,1,172.534482
5027,2,1,166.286829
5028,0,,
5029,0,,
5030,0,,
5031,0,,
5032,1,1,318.739211
5033,1,0,234.888587
5034,1,1,172.704464
5035,1,1,174.931212
5036,1,1,164.224197
5037,0,,
5038,1,1,161.133122
5039,1,1,161.59689
5040,1,1,248.98072
5041,0,,
5042,0,,
5043,1,0,159.105585
5044,0,,
5045,0,,
5046,0,,
5047,0,,
5048,1,0,141.42009
5049,1,1,156.637043
5050,0,,
5051,0,,
5052,0,,
5053,0,,
5054,1,1,171.939331
5055,1,0,191.292333
5056,0,,
5057,0,,
5058,1,0,155.488841
5059,0,,
5060,0,,
5061,0,,
5062,0,,
5063,2,1,143.292276
5064,1,1,142.64404
5065,0,,
5066,0,,
5067,0,,
5068,0,,
5069,0,,
5070,0,,
5071,0,,
5072,0,,
5073,0,,
5074,0,,
5075,0,,
5076,0,,
5077,0,,
5078,0,,
5079,0,,
5080,0,,
5081,0,,
5082,0,,
5083,0,,
5084,1,1,136.558365
5085,2,1,170.205782
5086,0,,
5087,0,,
5088,0,,
5089,0,,
5090,1,0,149.199505
5091,1,0,140.757348
5092,0,,
5093,1,1,129.680318
5094,1,0,130.205064
5095,0,,
5096,1,1,151.431824
5097,0,,
5098,1,1,169.39639
5099,1,1,163.132635
5100,1,0,156.677181
5101,0,,
5102,0,,
5103,1,0,165.695473
5104,0,,
5105,0,,
5106,0,,
5107,1,1,167.445996
5108,0,,
5109,1,0,160.102534
5110,0,,
5111,1,1,154.479794
5112,0,,
5113,0,,
5114,1,1,167.357035
5115,1,1,140.60476
5116,0,,
5117,0,,
5118,0,,
5119,1,1,172.437117
5120,0,,
5121,0,,
5122,1,0,162.643665
5123,1,0,157.277961
5124,0,,
5125,1,1,163.306406
5126,0,,
5127,0,,
5128,1,0,173.151215
5129,0,,
5130,0,,
5131,0,,
5132,0,,
5133,0,,
5134,0,,
5135,0,,
5136,1,1,161.847199
5137,1,1,197.276359
5138,1,0,288.285575
5139,1,1,152.81572
5140,1,1,182.750627
5141,0,,
5142,1,0,176.63532
5143,1,1,152.251447
5144,1,1,148.253395
5145,0,,
5146,0,,
5147,0,,
5148,1,0,195.889863
5149,0,,
5150,0,,
5151,0,,
5152,1,1,144.46996
5153,0,,
5154,0,,
5155,1,1,153.866895
5156,1,1,150.084509
5157,0,,
5158,1,0,176.393499
5159,1,1,184.449213
5160,0,,
5161,0,,
5162,0,,
5163,1,1,169.951382
5164,0,,
5165,1,0,163.816907
5166,1,1,151.851798
5167,0,,
5168,0,,
5169,0,,
5170,0,,
5171,0,,
5172,0,,
5173,1,1,173.440596
5174,0,,
5175,0,,
5176,2,0,162.825723
5177,0,,
5178,0,,
5179,0,,
5180,0,,
5181,0,,
5182,0,,
5183,0,,
5184,0,,
5185,0,,
5186,0,,
5187,0,,
5188,1,1,164.561291
5189,0,,
5190,0,,
5191,0,,
5192,0,,
5193,1,0,164.344537
5194,1,0,261.992415
5195,0,,
5196,0,,
5197,1,1,174.383032
5198,0,,
5199,1,1,167.202462
5200,1,1,242.763958
5201,0,,
5202,0,,
5203,0,,
5204,1,0,295.205717
5205,0,,
5206,2,1,469.356722
5207,2,0,154.922438
5208,0,,
5209,0,,
5210,0,,
5211,0,,
5212,1,1,147.745545
5213,1,0,179.264041
5214,0,,
5215,0,,
5216,0,,
5217,2,1,171.986474
5218,0,,
5219,0,,
5220,0,,
5221,1,1,144.573774
5222,0,,
5223,1,0,150.54262
5224,1,0,154.704919
5225,2,0,163.363806
5226,0,,
5227,0,,
5228,0,,
5229,0,,
5230,2,1,157.834635
5231,1,0,177.838554
5232,2,0,165.734774
5233,0,,
5234,0,,
5235,1,1,166.711233
5236,1,1,145.093002
5237,0,,
5238,1,0,155.202036
5239,1,1,165.384062
5240,1,0,139.408971
5241,2,1,157.899067
5242,0,,
5243,0,,
5244,0,,
5245,0,,
5246,0,,
5247,1,1,143.034592
5248,0,,
5249,0,,
5250,0,,
5251,0,,
5252,0,,
5253,2,1,189.135518
5254,0,,
5255,0,,
5256,1,0,267.825076
5257,0,,
5258,0,,
5259,1,1,126.886513
5260,2,0,174.883572
5261,2,0,182.65163
5262,0,,
5263,0,,
5264,0,,
5265,0,,
5266,0,,
5267,0,,
5268,0,,
5269,1,0,174.6192
5270,0,,
5271,0,,
5272,0,,
5273,0,,
5274,0,,
5275,2,1,182.661008
5276,1,0,170.046263
5277,0,,
5278,1,0,154.328026
5279,1,0,182.625924
5280,0,,
5281,0,,
5282,0,,
5283,1,1,183.292526
5284,0,,
5285,1,0,198.712372
5286,0,,
5287,1,1,171.438527
5288,2,0,176.578773
5289,0,,
5290,0,,
5291,1,0,164.513017
5292,0,,
5293,1,0,111.576268
5294,1,1,151.441267
5295,0,,
5296,0,,
5297,0,,
5298,0,,
5299,1,0,160.734734
5300,0,,
5301,0,,
5302,1,0,163.992082
5303,1,1,175.601828
5304,0,,
5305,0,,
5306,1,0,168.80915
5307,0,,
5308,1,1,171.02179
5309,0,,
5310,0,,
5311,0,,
5312,0,,
5313,0,,
5314,0,,
5315,1,0,175.378491
5316,1,0,337.58163
5317,1,0,151.404841
5318,0,,
5319,1,0,148.734776
5320,0,,
5321,0,,
5322,0,,
5323,0,,
5324,0,,
5325,1,0,159.139413
5326,1,1,172.182613
5327,0,,
5328,1,1,145.843249
5329,1,1,226.803065
5330,0,,
5331,0,,
5332,1,0,178.23738
5333,0,,
5334,0,,
5335,1,1,170.222803
5336,0,,
5337,1,1,148.317142
5338,1,1,170.027043
5339,0,,
5340,2,0,159.48506
5341,1,1,174.024124
5342,1,0,289.534266
5343,1,0,163.604238
5344,1,1,146.147052
5345,1,0,151.956775
5346,0,,
5347,0,,
5348,0,,
5349,1,1,173.245284
5350,1,1,174.939272
5351,0,,
5352,1,0,168.817133
5353,1,1,154.177959
5354,1,0,194.547773
5355,0,,
5356,1,1,246.275317
5357,1,0,207.719705
5358,0,,
5359,1,1,537.882039
5360,0,,
5361,0,,
5362,1,0,163.703242
5363,0,,
5364,1,0,157.327547
5365,1,0,164.072772
5366,0,,
5367,0,,
5368,1,0,180.266843
5369,1,0,172.959125
5370,0,,
5371,1,1,164.609114
5372,0,,
5373,1,1,146.892
5374,0,,
5375,1,1,180.637315
5376,0,,
5377,0,,
5378,2,1,161.662394
5379,1,1,166.250623
5380,0,,
5381,0,,
5382,0,,
5383,1,0,330.742782
5384,0,,
5385,1,0,168.009416
5386,1,0,231.662387
5387,0,,
5388,1,0,177.760351
5389,1,0,127.300998
5390,0,,
5391,0,,
5392,0,,
5393,0,,
5394,0,,
5395,0,,
5396,2,0,166.218896
5397,1,1,106.611915
5398,0,,
5399,1,0,152.629995
5400,0,,
5401,1,0,175.99622
5402,1,1,155.959579
5403,0,,
5404,2,1,177.135586
5405,2,1,167.541351
5406,0,,
5407,0,,
5408,0,,
5409,0,,
5410,0,,
5411,0,,
5412,0,,
5413,0,,
5414,0,,
5415,0,,
5416,0,,
5417,1,0,179.496716
5418,0,,
5419,2,0,169.003224
5420,1,1,159.570507
5421,1,0,194.484537
5422,0,,
5423,1,1,125.235022
5424,0,,
5425,1,0,170.544097
5426,0,,
5427,0,,
5428,0,,
5429,0,,
5430,0,,
5431,0,,
5432,1,0,254.994968
5433,1,0,173.661462
5434,1,0,192.198919
5435,0,,
5436,0,,
5437,0,,
5438,0,,
5439,1,1,293.625435
5440,0,,
5441,0,,
5442,0,,
5443,1,1,141.710717
5444,0,,
5445,1,1,155.375934
5446,0,,
5447,0,,
5448,0,,
5449,0,,
5450,0,,
5451,0,,
5452,0,,
5453,0,,
5454,0,,
5455,0,,
5456,1,0,182.2298
5457,0,,
5458,0,,
5459,0,,
5460,0,,
5461,0,,
5462,0,,
5463,1,1,164.75149
5464,1,0,121.390868
5465,1,1,161.99631
5466,0,,
5467,0,,
5468,0,,
5469,0,,
5470,1,0,143.679174
5471,0,,
5472,1,0,221.541396
5473,1,0,162.437587
5474,1,0,143.539401
5475,0,,
5476,1,1,291.967223
5477,0,,
5478,0,,
5479,1,0,191.594294
5480,1,1,176.743173
5481,1,0,204.557267
5482,1,1,159.73042
5483,1,0,161.331624
5484,1,0,157.643385
5485,0,,
5486,0,,
5487,1,0,164.519374
5488,1,1,167.09882
5489,0,,
5490,1,0,290.153154
5491,0,,
5492,0,,
5493,0,,
5494,0,,
5495,0,,
5496,0,,
5497,1,1,168.22321
5498,0,,
5499,1,1,122.758551
5500,1,0,210.670018
5501,0,,
5502,0,,
5503,1,1,150.985851
5504,0,,
5505,0,,
5506,0,,
5507,1,0,158.518456
5508,2,1,161.421466
5509,1,1,168.655565
5510,0,,
5511,0,,
5512,1,0,205.135872
5513,0,,
5514,1,0,224.625498
5515,1,1,160.805078
5516,1,1,147.928847
5517,0,,
5518,0,,
5519,0,,
5520,2,1,164.337809
5521,0,,
5522,1,1,171.411676
5523,1,1,167.186993
5524,0,,
5525,1,0,119.750286
5526,1,1,133.203344
5527,0,,
5528,0,,
5529,0,,
5530,0,,
5531,0,,
5532,0,,
5533,0,,
5534,0,,
5535,1,1,154.912029
5536,0,,
5537,1,1,163.595002
5538,0,,
5539,0,,
5540,1,0,160.971264
5541,0,,
5542,0,,
5543,2,1,167.916628
5544,0,,
5545,2,0,160.868822
5546,0,,
5547,1,0,244.075262
5548,0,,
5549,0,,
5550,1,1,161.334624
5551,1,1,165.511786
5552,1,1,161.637403
5553,1,0,176.431576
5554,1,0,135.169507
5555,1,0,144.576679
5556,0,,
5557,0,,
5558,1,0,164.065422
5559,2,1,176.789427
5560,0,,
5561,1,1,152.731175
5562,0,,
5563,0,,
5564,1,1,179.678757
5565,0,,
5566,0,,
5567,0,,
5568,1,0,176.747349
5569,0,,
5570,0,,
5571,1,0,179.704269
5572,0,,
5573,1,0,155.910848
5574,1,0,171.839193
5575,1,1,169.210954
5576,1,1,172.062091
5577,0,,
5578,0,,
5579,1,1,163.023476
5580,1,1,170.657611
5581,1,1,153.94986
5582,1,1,151.178562
5583,1,1,177.281678
5584,1,0,164.520046
5585,0,,
5586,0,,
5587,2,1,163.836378
5588,0,,
5589,1,0,146.017633
5590,0,,
5591,1,0,160.159522
5592,0,,
5593,0,,
5594,1,0,187.000773
5595,1,1,171.123005
5596,1,1,145.389342
5597,0,,
5598,0,,
5599,1,0,145.427359
5600,0,,
5601,1,1,171.559513
5602,0,,
5603,1,1,157.156845
5604,1,0,157.893013
5605,1,0,174.08025
5606,0,,
5607,0,,
5608,0,,
5609,0,,
5610,0,,
5611,0,,
5612,1,1,187.960051
5613,1,1,133.064231
5614,1,0,226.317528
5615,1,0,133.008247
5616,0,,
5617,1,0,159.987264
5618,1,1,138.011661
5619,1,1,172.371497
5620,0,,
5621,2,1,151.306901
5622,1,0,168.938844
5623,1,0,142.716742
5624,0,,
5625,0,,
5626,1,0,211.302307
5627,1,0,169.488237
5628,1,1,151.614916
5629,0,,
5630,0,,
5631,0,,
5632,0,,
5633,0,,
5634,0,,
5635,0,,
5636,1,1,242.657957
5637,0,,
5638,0,,
5639,0,,
5640,2,0,169.050377
5641,0,,
5642,1,0,147.02156
5643,0,,
5644,0,,
5645,1,0,197.650544
5646,0,,
5647,0,,
5648,0,,
5649,1,1,151.370031
5650,1,1,189.460364
5651,1,1,358.239355
5652,0,,
5653,1,1,149.43193
5654,1,1,221.455514
5655,0,,
5656,1,1,161.840021
5657,1,1,162.446314
5658,1,0,155.475262
5659,0,,
5660,1,0,153.1024
5661,1,1,137.145691
5662,0,,
5663,0,,
5664,0,,
5665,0,,
5666,1,0,171.142337
5667,0,,
5668,0,,
5669,1,0,199.762278
5670,0,,
5671,0,,
5672,0,,
5673,0,,
5674,0,,
5675,0,,
5676,1,0,161.390392
5677,2,0,152.703356
5678,0,,
5679,1,1,170.394567
5680,1,0,140.537546
5681,1,1,174.512662
5682,1,0,156.813935
5683,0,,
5684,1,1,288.189181
5685,1,1,116.736288
5686,0,,
5687,2,0,162.587055
5688,0,,
5689,0,,
5690,1,1,188.123928
5691,1,0,156.130126
5692,0,,
5693,0,,
5694,0,,
5695,0,,
5696,1,0,258.780244
5697,1,1,171.799243
5698,0,,
5699,1,0,161.650873
5700,1,0,175.862855
5701,0,,
5702,0,,
5703,0,,
5704,1,0,159.105107
5705,1,0,167.679141
5706,1,0,169.375486
5707,1,1,143.083832
5708,0,,
5709,1,1,146.921585
5710,1,1,167.386071
5711,1,0,170.996247
5712,0,,
5713,1,0,197.400593
5714,0,,
5715,0,,
5716,0,,
5717,0,,
5718,1,0,184.139896
5719,0,,
5720,1,1,174.326498
5721,0,,
5722,1,1,143.557274
5723,1,0,160.812977
5724,0,,
5725,1,1,168.137421
5726,0,,
5727,1,1,138.689552
5728,0,,
5729,1,0,159.454401
5730,0,,
5731,0,,
5732,0,,
5733,0,,
5734,0,,
5735,0,,
5736,0,,
5737,0,,
5738,1,1,190.070971
5739,0,,
5740,1,0,164.002243
5741,0,,
5742,0,,
5743,1,1,174.214007
5744,1,0,151.365345
5745,0,,
5746,0,,
5747,1,1,143.990013
5748,0,,
5749,1,1,146.87205
5750,1,0,172.692209
5751,0,,
5752,1,1,164.940375
5753,0,,
5754,0,,
5755,0,,
5756,1,0,169.007129
5757,0,,
5758,0,,
5759,2,0,150.859329
5760,0,,
5761,1,1,152.650354
5762,0,,
5763,0,,
5764,0,,
5765,0,,
5766,1,1,150.19851
5767,0,,
5768,1,1,171.852695
5769,0,,
5770,0,,
5771,0,,
5772,0,,
5773,1,1,242.542187
5774,1,0,189.477755
5775,0,,
5776,0,,
5777,1,0,308.355631
5778,0,,
5779,0,,
5780,0,,
5781,0,,
5782,1,0,131.258311
5783,1,1,150.219068
5784,0,,
5785,1,1,165.61863
5786,0,,
5787,0,,
5788,2,1,159.567184
5789,2,0,161.412533
5790,0,,
5791,0,,
5792,1,0,158.204583
5793,0,,
5794,0,,
5795,0,,
5796,0,,
5797,0,,
5798,1,0,165.67674
5799,0,,
5800,0,,
5801,0,,
5802,1,0,181.263276
5803,0,,
5804,2,1,155.547313
5805,2,0,169.965596
5806,0,,
5807,0,,
5808,0,,
5809,0,,
5810,0,,
5811,0,,
5812,0,,
5813,1,0,170.16856
5814,1,1,170.819184
5815,0,,
5816,1,0,153.253356
5817,0,,
5818,0,,
5819,0,,
5820,1,1,152.336581
5821,1,0,163.579491
5822,0,,
5823,1,1,169.573303
5824,0,,
5825,1,1,170.388841
5826,0,,
5827,0,,
5828,1,0,149.869159
5829,0,,
5830,0,,
5831,1,0,163.071806
5832,1,1,171.055561
5833,1,1,203.355845
5834,1,0,176.108639
5835,1,1,169.250783
5836,0,,
5837,0,,
5838,1,0,163.562998
5839,1,1,171.58791
5840,1,0,411.485702
5841,0,,
5842,0,,
5843,1,1,177.474411
5844,0,,
5845,1,0,211.108668
5846,1,0,168.120867
5847,1,0,143.737151
5848,0,,
5849,1,1,163.876026
5850,0,,
5851,0,,
5852,0,,
5853,1,0,160.440666
5854,0,,
5855,0,,
5856,2,1,170.251883
5857,0,,
5858,0,,
5859,1,0,166.759536
5860,0,,
5861,0,,
5862,1,1,158.417702
5863,0,,
5864,1,0,170.912999
5865,0,,
5866,0,,
5867,1,0,281.789912
5868,1,0,340.501421
5869,0,,
5870,0,,
5871,0,,
5872,1,0,171.933038
5873,0,,
5874,0,,
5875,1,0,181.409748
5876,0,,
5877,0,,
5878,1,0,153.775827
5879,0,,
5880,0,,
5881,1,1,149.06145
5882,0,,
5883,1,1,274.973286
5884,0,,
5885,0,,
5886,0,,
5887,1,1,127.270935
5888,0,,
5889,0,,
5890,1,0,165.587886
5891,1,0,246.658648
5892,1,0,185.764662
5893,0,,
5894,0,,
5895,0,,
5896,1,0,194.952202
5897,1,0,158.914517
5898,1,0,185.090246
5899,0,,
5900,0,,
5901,0,,
5902,0,,
5903,2,0,157.264157
5904,0,,
5905,0,,
5906,1,1,170.56957
5907,1,0,169.345122
5908,0,,
5909,0,,
5910,1,0,407.079785
5911,0,,
5912,0,,
5913,0,,
5914,0,,
5915,0,,
5916,0,,
5917,2,0,157.766493
5918,0,,
5919,0,,
5920,0,,
5921,0,,
5922,1,0,152.747168
5923,0,,
5924,1,1,154.761658
5925,0,,
5926,1,0,165.54247
5927,1,1,153.294201
5928,0,,
5929,1,0,301.146994
5930,0,,
5931,0,,
5932,1,0,165.616549
5933,0,,
5934,0,,
5935,0,,
5936,1,0,337.235199
5937,1,1,273.606319
5938,2,1,160.450592
5939,1,1,171.928978
5940,0,,
5941,0,,
5942,0,,
5943,0,,
5944,1,0,174.49122
5945,0,,
5946,0,,
5947,0,,
5948,2,1,178.981698
5949,1,1,168.71767
5950,1,0,283.489473
5951,0,,
5952,1,1,178.136339
5953,0,,
5954,2,0,149.963614
5955,0,,
5956,0,,
5957,0,,
5958,0,,
5959,1,1,158.279455
5960,0,,
5961,1,1,273.851371
5962,0,,
5963,0,,
5964,0,,
5965,0,,
5966,1,1,160.858585
5967,0,,
5968,0,,
5969,1,0,167.141925
5970,0,,
5971,0,,
5972,0,,
5973,1,1,132.989395
5974,1,0,155.120327
5975,0,,
5976,0,,
5977,0,,
5978,1,1,139.778578
5979,0,,
5980,0,,
5981,0,,
5982,0,,
5983,1,0,163.379511
5984,0,,
5985,0,,
5986,0,,
5987,0,,
5988,0,,
5989,1,0,156.868018
5990,0,,
5991,1,0,169.582461
5992,0,,
5993,0,,
5994,1,1,157.978868
5995,1,1,285.930338
5996,1,1,168.209195
5997,0,,
5998,1,0,267.97219
5999,0,,
6000,1,1,266.219593
6001,1,1,198.155113
6002,0,,
6003,0,,
6004,0,,
6005,0,,
6006,2,1,235.132872
6007,0,,
6008,1,0,182.606756
6009,1,1,178.390436
6010,1,0,169.341654
6011,1,1,227.329822
6012,0,,
6013,0,,
6014,1,1,169.518788
6015,0,,
6016,0,,
6017,0,,
6018,0,,
6019,0,,
6020,0,,
6021,0,,
6022,1,0,183.630495
6023,2,1,167.17542
6024,1,1,152.270532
6025,0,,
6026,1,0,198.772958
6027,0,,
6028,0,,
6029,1,0,151.430255
6030,0,,
6031,0,,
6032,1,1,138.27821
6033,0,,
6034,0,,
6035,0,,
6036,0,,
6037,0,,
6038,1,1,172.554012
6039,0,,
6040,1,1,166.033579
6041,2,1,147.112786
6042,0,,
6043,0,,
6044,1,1,211.868838
6045,1,0,164.261676
6046,1,0,130.421073
6047,1,0,168.799707
6048,0,,
6049,0,,
6050,0,,
6051,0,,
6052,0,,
6053,1,0,157.54774
6054,0,,
6055,0,,
6056,1,0,163.509095
6057,1,1,200.954263
6058,0,,
6059,0,,
6060,1,1,165.061449
6061,1,0,214.055863
6062,1,1,107.310505
6063,0,,
6064,1,0,264.547333
6065,0,,
6066,1,0,164.199764
6067,0,,
6068,0,,
6069,0,,
6070,1,0,148.022568
6071,2,0,173.742936
6072,1,1,188.276606
6073,0,,
6074,1,1,148.955461
6075,0,,
6076,1,1,128.881454
6077,0,,
6078,0,,
6079,0,,
6080,1,0,164.509463
6081,0,,
6082,0,,
6083,0,,
6084,0,,
6085,1,0,174.001269
6086,0,,
6087,0,,
6088,0,,
6089,1,1,161.79006
6090,0,,
6091,0,,
6092,1,0,153.195939
6093,0,,
6094,1,0,237.904571
6095,1,1,134.826339
6096,0,,
6097,1,1,163.685117
6098,0,,
6099,0,,
6100,0,,
6101,1,0,176.585477
6102,0,,
6103,0,,
6104,0,,
6105,0,,
6106,1,0,151.100216
6107,0,,
6108,1,0,168.297445
6109,0,,
6110,0,,
6111,1,0,143.123512
6112,0,,
6113,0,,
6114,0,,
6115,1,1,164.413034
6116,0,,
6117,0,,
6118,0,,
6119,1,1,180.674245
6120,1,1,173.475811
6121,0,,
6122,0,,
6123,1,1,175.127432
6124,0,,
6125,0,,
6126,1,1,166.409912
6127,0,,
6128,1,1,176.906324
6129,1,0,174.632636
6130,1,0,255.647163
6131,2,1,161.688871
6132,0,,
6133,0,,
6134,0,,
6135,2,0,156.542637
6136,1,0,160.018545
6137,1,1,246.672059
6138,0,,
6139,0,,
6140,0,,
6141,1,0,146.023575
6142,2,0,173.926606
6143,1,0,159.418447
6144,1,1,163.737367
6145,1,1,159.481909
6146,0,,
6147,1,0,158.244752
6148,0,,
6149,1,1,171.740488
6150,0,,
6151,1,0,165.366078
6152,1,1,151.41129
6153,1,0,133.692934
6154,0,,
6155,0,,
6156,0,,
6157,0,,
6158,0,,
6159,2,0,170.292283
6160,2,0,153.008868
6161,1,1,162.669021
6162,0,,
6163,0,,
6164,0,,
6165,1,1,165.986712
6166,0,,
6167,1,0,161.14343
6168,0,,
6169,1,0,174.358839
6170,0,,
6171,0,,
6172,1,0,159.917458
6173,1,0,236.515888
6174,1,0,182.987327
6175,1,0,151.311908
6176,0,,
6177,0,,
6178,0,,
6179,1,1,124.747058
6180,0,,
6181,0,,
6182,0,,
6183,1,0,139.64365
6184,0,,
6185,1,0,162.013688
6186,1,1,190.851975
6187,0,,
6188,0,,
6189,0,,
6190,1,1,370.228434
6191,0,,
6192,0,,
6193,1,0,176.657474
6194,1,1,167.188006
6195,1,1,196.755689
6196,1,1,172.61546
6197,0,,
6198,1,1,160.033858
6199,0,,
6200,0,,
6201,0,,
6202,0,,
6203,1,0,188.751696
6204,1,0,158.375899
6205,1,0,166.983373
6206,1,0,158.980983
6207,1,0,183.469905
6208,0,,
6209,0,,
6210,0,,
6211,1,0,292.89375
6212,0,,
6213,0,,
6214,1,1,154.954261
6215,2,1,149.634038
6216,0,,
6217,0,,
6218,1,0,218.545343
6219,1,0,148.385308
6220,1,0,145.503859
6221,0,,
6222,1,1,180.980461
6223,0,,
6224,0,,
6225,1,0,178.587991
6226,1,0,170.56651
6227,0,,
6228,0,,
6229,1,1,139.87166
6230,0,,
6231,1,0,197.975762
6232,1,0,212.183626
6233,0,,
6234,0,,
6235,0,,
6236,1,1,131.268826
6237,0,,
6238,0,,
6239,0,,
6240,0,,
6241,0,,
6242,0,,
6243,0,,
6244,0,,
6245,1,1,172.335886
6246,0,,
6247,1,0,144.11839
6248,0,,
6249,0,,
6250,0,,
6251,1,1,170.489965
6252,0,,
6253,0,,
6254,0,,
6255,0,,
6256,0,,
6257,0,,
6258,0,,
6259,0,,
6260,0,,
6261,0,,
6262,1,1,166.950707
6263,0,,
6264,0,,
6265,0,,
6266,0,,
6267,2,0,161.153283
6268,0,,
6269,1,1,227.104944
6270,0,,
6271,0,,
6272,0,,
6273,1,1,159.096431
6274,0,,
6275,0,,
6276,1,0,159.4248
6277,1,0,181.204991
6278,2,0,126.374287
6279,0,,
6280,0,,
6281,0,,
6282,1,0,163.077259
6283,0,,
6284,0,,
6285,0,,
6286,1,0,140.745522
6287,0,,
6288,0,,
6289,0,,
6290,0,,
6291,0,,
6292,1,0,170.167409
6293,0,,
6294,0,,
6295,0,,
6296,2,0,167.757543
6297,0,,
6298,2,0,185.87577
6299,2,0,158.268344
6300,1,0,161.270701
6301,1,1,159.875181
6302,0,,
6303,0,,
6304,0,,
6305,1,1,173.877389
6306,2,1,178.049973
6307,1,1,174.064036
6308,0,,
6309,0,,
6310,0,,
6311,0,,
6312,1,0,194.332115
6313,0,,
6314,1,1,162.524763
6315,0,,
6316,0,,
6317,0,,
6318,1,0,226.947021
6319,0,,
6320,0,,
6321,0,,
6322,0,,
6323,0,,
6324,1,1,169.859552
6325,1,1,163.175325
6326,0,,
6327,0,,
6328,0,,
6329,0,,
6330,0,,
6331,0,,
6332,0,,
6333,1,0,161.008843
6334,1,0,225.851389
6335,0,,
6336,0,,
6337,0,,
6338,2,1,180.716727
6339,0,,
6340,0,,
6341,0,,
6342,2,0,149.262334
6343,2,1,171.967589
6344,0,,
6345,0,,
6346,0,,
6347,1,0,165.771418
6348,1,1,265.261775
6349,0,,
6350,0,,
6351,0,,
6352,1,1,172.811554
6353,0,,
6354,0,,
6355,1,1,127.461709
6356,0,,
6357,0,,
6358,2,0,159.343881
6359,0,,
6360,0,,
6361,1,0,159.070841
6362,0,,
6363,0,,
6364,0,,
6365,1,0,174.192706
6366,0,,
6367,1,1,166.213076
6368,0,,
6369,0,,
6370,0,,
6371,0,,
6372,0,,
6373,2,1,177.847462
6374,0,,
6375,0,,
6376,1,1,181.76965
6377,1,0,169.320273
6378,0,,
6379,0,,
6380,0,,
6381,1,0,157.027296
6382,1,1,173.313244
6383,0,,
6384,0,,
6385,0,,
6386,0,,
6387,0,,
6388,0,,
6389,0,,
6390,0,,
6391,0,,
6392,2,1,167.421638
6393,0,,
6394,1,1,177.397488
6395,1,0,158.627884
6396,1,1,133.002168
6397,0,,
6398,1,0,142.122545
6399,1,1,177.01618
6400,0,,
6401,0,,
6402,0,,
6403,0,,
6404,0,,
6405,0,,
6406,1,0,158.416503
6407,0,,
6408,0,,
6409,0,,
6410,1,1,144.24066
6411,2,1,169.827329
6412,1,0,148.505498
6413,0,,
6414,0,,
6415,0,,
6416,0,,
6417,0,,
6418,0,,
6419,0,,
6420,1,1,158.712015
6421,0,,
6422,1,1,156.920031
6423,1,1,142.331146
6424,0,,
6425,1,0,165.871327
6426,0,,
6427,0,,
6428,0,,
6429,0,,
6430,0,,
6431,1,1,159.05221
6432,0,,
6433,0,,
6434,0,,
6435,0,,
6436,0,,
6437,1,0,159.20799
6438,0,,
6439,1,0,129.308534
6440,0,,
6441,2,1,313.728141
6442,0,,
6443,1,0,171.611646
6444,0,,
6445,1,0,159.293975
6446,1,1,152.008676
6447,1,1,182.756044
6448,1,0,150.763752
6449,1,0,190.273539
6450,0,,
6451,1,0,192.5467
6452,0,,
6453,1,0,256.823123
6454,1,0,190.379599
6455,0,,
6456,0,,
6457,1,0,176.491424
6458,0,,
6459,0,,
6460,0,,
6461,0,,
6462,1,1,178.720427
6463,0,,
6464,1,0,132.930253
6465,0,,
6466,0,,
6467,1,0,172.999114
6468,0,,
6469,1,1,149.772807
6470,2,0,172.837616
6471,1,0,168.3791
6472,0,,
6473,0,,
6474,0,,
6475,1,0,157.874754
6476,2,1,343.200541
6477,0,,
6478,2,1,160.952199
6479,1,0,170.691407
6480,1,1,143.721389
6481,0,,
6482,0,,
6483,1,1,167.06486
6484,2,0,154.418782
6485,0,,
6486,0,,
6487,1,1,187.208772
6488,1,0,174.064056
6489,0,,
6490,0,,
6491,0,,
6492,0,,
6493,0,,
6494,0,,
6495,0,,
6496,1,0,143.87719
6497,1,0,160.496523
6498,0,,
6499,0,,
6500,1,0,163.071057
6501,0,,
6502,0,,
6503,1,1,160.533506
6504,0,,
6505,0,,
6506,0,,
6507,0,,
6508,0,,
6509,0,,
6510,0,,
6511,1,1,129.297008
6512,0,,
6513,1,1,156.95076
6514,1,1,198.128007
6515,1,0,162.512782
6516,0,,
6517,1,1,183.664606
6518,0,,
6519,0,,
6520,0,,
6521,1,0,164.954717
6522,1,1,151.306584
6523,0,,
6524,0,,
6525,0,,
6526,0,,
6527,0,,
6528,0,,
6529,2,0,168.501207
6530,0,,
6531,0,,
6532,1,0,202.488632
6533,0,,
6534,1,0,165.441191
6535,0,,
6536,1,1,217.66562
6537,0,,
6538,1,1,170.639429
6539,1,1,161.820711
6540,0,,
6541,1,1,149.368446
6542,0,,
6543,0,,
6544,0,,
6545,0,,
6546,0,,
6547,2,0,141.836403
6548,0,,
6549,1,0,239.76342
6550,1,1,132.649869
6551,0,,
6552,1,0,163.61646
6553,0,,
6554,1,1,167.326874
6555,0,,
6556,1,0,160.694442
6557,0,,
6558,0,,
6559,0,,
6560,0,,
6561,0,,
6562,1,1,153.346117
6563,0,,
6564,0,,
6565,0,,
6566,1,1,170.349697
6567,0,,
6568,1,0,352.632035
6569,2,1,207.542881
6570,0,,
6571,0,,
6572,0,,
6573,0,,
6574,0,,
6575,0,,
6576,0,,
6577,0,,
6578,2,0,134.546065
6579,1,0,153.385916
6580,1,0,149.368922
6581,1,0,160.412373
6582,0,,
6583,0,,
6584,0,,
6585,0,,
6586,2,0,141.727585
6587,0,,
6588,1,1,364.210156
6589,1,0,200.563021
6590,1,0,278.590482
6591,2,1,168.219611
6592,1,0,149.550327
6593,0,,
6594,1,1,178.124663
6595,0,,
6596,0,,
6597,0,,
6598,0,,
6599,0,,
6600,1,1,194.410332
6601,2,0,299.746096
6602,1,1,169.84155
6603,0,,
6604,0,,
6605,0,,
6606,1,1,167.565857
6607,0,,
6608,1,1,163.399329
6609,2,1,155.506732
6610,0,,
6611,0,,
6612,1,0,140.030987
6613,1,0,179.15623
6614,0,,
6615,0,,
6616,1,1,154.084168
6617,1,0,141.662035
6618,1,1,153.91675
6619,0,,
6620,1,0,182.444954
6621,0,,
6622,1,0,161.556428
6623,0,,
6624,1,0,153.9729
6625,0,,
6626,0,,
6627,0,,
6628,1,0,172.973506
6629,1,0,197.486151
6630,0,,
6631,1,1,157.073299
6632,2,0,169.947441
6633,1,1,156.66079
6634,0,,
6635,0,,
6636,0,,
6637,0,,
6638,1,1,158.412334
6639,0,,
6640,1,1,139.737536
6641,0,,
6642,0,,
6643,0,,
6644,0,,
6645,0,,
6646,1,0,438.88988
6647,1,1,188.85754
6648,0,,
6649,0,,
6650,0,,
6651,0,,
6652,0,,
6653,0,,
6654,0,,
6655,1,0,140.309899
6656,0,,
6657,0,,
6658,1,0,142.027367
6659,1,1,119.00999
6660,0,,
6661,0,,
6662,0,,
6663,0,,
6664,2,1,169.807915
6665,1,1,173.058201
6666,1,0,138.78342
6667,1,1,200.787164
6668,0,,
6669,1,1,186.631888
6670,0,,
6671,0,,
6672,0,,
6673,0,,
6674,0,,
6675,0,,
6676,1,1,163.989642
6677,0,,
6678,0,,
6679,0,,
6680,1,1,172.476721
6681,0,,
6682,1,1,193.485973
6683,0,,
6684,0,,
6685,1,1,145.537696
6686,1,0,166.472809
6687,1,0,182.427363
6688,1,1,158.182907
6689,1,0,160.210519
6690,1,1,159.216983
6691,1,1,164.235585
6692,0,,
6693,0,,
6694,0,,
6695,0,,
6696,0,,
6697,1,0,177.784583
6698,1,1,164.434062
6699,1,0,143.365584
6700,0,,
6701,1,1,168.95233
6702,0,,
6703,0,,
6704,1,0,144.444102
6705,0,,
6706,2,1,180.457564
6707,1,1,196.010128
6708,0,,
6709,1,0,120.163059
6710,1,0,146.036632
6711,1,0,148.991497
6712,1,1,129.22797
6713,0,,
6714,0,,
6715,0,,
6716,1,1,143.950813
6717,1,1,150.763533
6718,0,,
6719,1,0,167.310095
6720,0,,
6721,1,0,194.113691
6722,1,1,159.871369
6723,0,,
6724,0,,
6725,0,,
6726,1,0,139.633714
6727,0,,
6728,0,,
6729,0,,
6730,1,0,150.266938
6731,1,0,165.379566
6732,1,0,149.066223
6733,1,0,243.861613
6734,0,,
6735,0,,
6736,0,,
6737,1,0,171.59412
6738,0,,
6739,1,1,155.893908
6740,1,1,134.221408
6741,0,,
6742,1,1,137.478723
6743,1,1,149.454935
6744,0,,
6745,0,,
6746,0,,
6747,1,0,149.297096
6748,0,,
6749,0,,
6750,0,,
6751,1,0,158.817951
6752,0,,
6753,0,,
6754,0,,
6755,1,1,144.62781
6756,0,,
6757,1,0,307.979779
6758,1,1,191.617148
6759,0,,
6760,0,,
6761,1,0,150.269799
6762,0,,
6763,0,,
6764,0,,
6765,0,,
6766,1,1,158.731321
6767,0,,
6768,0,,
6769,0,,
6770,1,0,165.141103
6771,0,,
6772,1,1,157.838837
6773,0,,
6774,0,,
6775,2,1,194.180478
6776,0,,
6777,0,,
6778,0,,
6779,2,0,165.161628
6780,0,,
6781,0,,
6782,1,1,177.155319
6783,1,0,143.0996
6784,0,,
6785,0,,
6786,1,1,161.172757
6787,0,,
6788,0,,
6789,1,0,145.020035
6790,0,,
6791,1,0,166.2666
6792,0,,
6793,0,,
6794,0,,
6795,0,,
6796,1,1,177.230727
6797,1,1,163.09303
6798,1,1,156.604434
6799,0,,
6800,1,0,177.38074
6801,0,,
6802,1,1,194.913735
6803,1,0,150.455157
6804,0,,
6805,0,,
6806,0,,
6807,0,,
6808,0,,
6809,0,,
6810,1,1,147.19434
6811,1,1,182.59238
6812,2,0,174.339628
6813,0,,
6814,1,0,179.163157
6815,1,1,160.951753
6816,1,1,154.181256
6817,0,,
6818,0,,
6819,0,,
6820,1,0,174.254052
6821,0,,
6822,0,,
6823,1,1,178.397757
6824,0,,
6825,0,,
6826,1,0,156.42922
6827,1,0,180.180103
6828,0,,
6829,2,0,163.900685
6830,1,1,133.776136
6831,1,1,165.395632
6832,0,,
6833,1,0,149.563694
6834,1,1,164.159295
6835,1,0,169.538514
6836,0,,
6837,0,,
6838,1,0,175.708836
6839,0,,
6840,1,0,197.369175
6841,2,0,146.543654
6842,0,,
6843,0,,
6844,0,,
6845,1,1,172.855978
6846,2,1,166.468703
6847,0,,
6848,1,0,203.987108
6849,0,,
6850,0,,
6851,0,,
6852,0,,
6853,1,0,166.214254
6854,0,,
6855,0,,
6856,0,,
6857,0,,
6858,1,1,168.941562
6859,0,,
6860,0,,
6861,0,,
6862,0,,
6863,1,1,152.544561
6864,0,,
6865,0,,
6866,0,,
6867,1,1,135.077314
6868,0,,
6869,1,1,133.956213
6870,0,,
6871,0,,
6872,0,,
6873,1,0,148.483987
6874,0,,
6875,0,,
6876,1,1,153.033332
6877,1,1,169.822693
6878,0,,
6879,1,1,159.573283
6880,0,,
6881,1,1,159.050079
6882,0,,
6883,0,,
6884,1,1,160.879986
6885,0,,
6886,2,0,156.090815
6887,0,,
6888,1,1,186.578717
6889,2,0,161.133201
6890,1,1,124.66148
6891,1,0,163.296873
6892,0,,
6893,0,,
6894,0,,
6895,1,0,166.827838
6896,1,1,179.997152
6897,0,,
6898,2,1,186.248986
6899,1,0,164.556046
6900,1,1,136.495663
6901,1,1,238.904883
6902,0,,
6903,0,,
6904,0,,
6905,0,,
6906,0,,
6907,1,0,174.012057
6908,1,1,141.662703
6909,0,,
6910,2,1,177.183887
6911,0,,
6912,1,0,179.66486
6913,0,,
6914,0,,
6915,0,,
6916,0,,
6917,0,,
6918,0,,
6919,0,,
6920,1,0,184.555357
6921,1,1,167.145556
6922,0,,
6923,1,1,458.974357
6924,0,,
6925,1,0,172.667974
6926,1,0,164.625824
6927,1,1,162.99704
6928,0,,
6929,1,1,221.067878
6930,1,1,158.529381
6931,0,,
6932,0,,
6933,0,,
6934,1,1,207.973635
6935,0,,
6936,0,,
6937,0,,
6938,1,1,158.996375
6939,1,1,180.376131
6940,0,,
6941,1,1,185.928023
6942,0,,
6943,0,,
6944,0,,
6945,1,0,149.455431
6946,2,1,150.808349
6947,1,1,155.526256
6948,0,,
6949,0,,
6950,0,,
6951,0,,
6952,0,,
6953,0,,
6954,0,,
6955,0,,
6956,1,0,173.511599
6957,0,,
6958,1,0,190.650142
6959,0,,
6960,0,,
6961,1,1,172.855778
6962,1,0,162.912954
6963,0,,
6964,0,,
6965,1,0,174.645888
6966,0,,
6967,0,,
6968,1,1,163.903517
6969,0,,
6970,0,,
6971,0,,
6972,0,,
6973,1,0,210.146129
6974,1,1,171.23434
6975,1,0,199.665142
6976,0,,
6977,0,,
6978,0,,
6979,0,,
6980,0,,
6981,2,0,155.58153
6982,0,,
6983,0,,
6984,1,0,160.451211
6985,1,0,164.149622
6986,1,0,172.063163
6987,0,,
6988,0,,
6989,0,,
6990,0,,
6991,0,,
6992,0,,
6993,0,,
6994,0,,
6995,0,,
6996,0,,
6997,1,0,151.883246
6998,2,1,161.944022
6999,0,,
7000,0,,
7001,0,,
7002,2,1,254.123822
7003,0,,
7004,1,1,182.235959
7005,0,,
7006,0,,
7007,0,,
7008,0,,
7009,2,1,153.136968
7010,0,,
7011,0,,
7012,0,,
7013,1,0,173.869747
7014,0,,
7015,1,1,127.625669
7016,0,,
7017,1,1,231.035328
7018,0,,
7019,0,,
7020,1,0,186.059561
7021,1,0,138.78918
7022,0,,
7023,1,1,149.176899
7024,1,1,201.359296
7025,1,0,331.932613
7026,0,,
7027,0,,
7028,1,1,173.021055
7029,1,1,167.586212
7030,0,,
7031,2,1,143.515624
7032,0,,
7033,0,,
7034,0,,
7035,0,,
7036,0,,
7037,0,,
7038,1,0,145.395097
7039,1,1,171.193516
7040,0,,
7041,0,,
7042,0,,
7043,0,,
7044,1,1,154.238406
7045,0,,
7046,2,0,174.813531
7047,0,,
7048,1,0,143.33371
7049,0,,
7050,1,0,173.596935
7051,1,1,170.677487
7052,1,1,150.548039
7053,0,,
7054,0,,
7055,0,,
7056,1,1,169.998464
7057,0,,
7058,0,,
7059,0,,
7060,0,,
7061,0,,
7062,1,1,173.809217
7063,1,1,168.064653
7064,0,,
7065,1,1,224.778467
7066,1,0,164.911224
7067,0,,
7068,0,,
7069,0,,
7070,0,,
7071,1,1,148.548269
7072,0,,
7073,0,,
7074,0,,
7075,1,1,258.755186
7076,1,0,175.307162
7077,0,,
7078,0,,
7079,0,,
7080,1,1,146.7217
7081,0,,
7082,1,0,179.00042
7083,1,1,147.285923
7084,1,0,178.305353
7085,0,,
7086,0,,
7087,1,0,139.795123
7088,0,,
7089,1,1,161.143451
7090,1,1,179.368559
7091,1,1,172.757831
7092,1,0,174.915916
7093,0,,
7094,0,,
7095,0,,
7096,2,1,257.759446
7097,1,0,334.476245
7098,0,,
7099,0,,
7100,0,,
7101,1,0,202.685744
7102,2,0,204.58157
7103,0,,
7104,0,,
7105,0,,
7106,2,1,158.609773
7107,1,1,175.128215
7108,0,,
7109,0,,
7110,1,0,173.607466
7111,0,,
7112,1,1,281.362794
7113,0,,
7114,0,,
7115,1,1,154.945442
7116,2,1,166.600226
7117,0,,
7118,0,,
7119,0,,
7120,1,0,163.296816
7121,0,,
7122,0,,
7123,0,,
7124,0,,
7125,0,,
7126,1,1,169.050163
7127,0,,
7128,0,,
7129,0,,
7130,0,,
7131,0,,
7132,0,,
7133,0,,
7134,1,0,155.982394
7135,2,0,176.049172
7136,0,,
7137,0,,
7138,1,1,150.529362
7139,1,1,160.68691
7140,0,,
7141,0,,
7142,0,,
7143,1,0,255.992418
7144,1,0,102.048339
7145,1,1,131.453324
7146,1,0,171.399952
7147,0,,
7148,0,,
7149,1,0,166.838776
7150,1,1,156.227331
7151,0,,
7152,1,0,179.043426
7153,0,,
7154,1,0,160.933081
7155,0,,
7156,1,1,273.069243
7157,1,0,167.283304
7158,1,0,168.043879
7159,0,,
7160,0,,
7161,0,,
7162,1,1,149.687813
7163,0,,
7164,0,,
7165,1,0,179.095659
7166,0,,
7167,1,1,209.913183
7168,1,0,174.550642
7169,0,,
7170,0,,
7171,1,1,172.951438
7172,0,,
7173,0,,
7174,1,0,162.27474
7175,1,1,191.184463
7176,1,0,163.297755
7177,0,,
7178,0,,
7179,1,0,162.02424
7180,0,,
7181,1,0,171.446524
7182,0,,
7183,0,,
7184,0,,
7185,0,,
7186,1,0,177.290063
7187,1,1,280.797884
7188,1,1,166.382541
7189,0,,
7190,1,1,143.429624
7191,0,,
7192,0,,
7193,1,1,129.839544
7194,0,,
7195,0,,
7196,1,0,137.834216
7197,1,0,240.705448
7198,0,,
7199,0,,
7200,0,,
7201,1,1,152.188692
7202,0,,
7203,0,,
7204,1,0,159.236709
7205,0,,
7206,0,,
7207,1,1,160.678107
7208,0,,
7209,1,0,154.010185
7210,0,,
7211,0,,
7212,1,1,136.530519
7213,1,1,171.864812
7214,1,0,168.394694
7215,1,0,163.286182
7216,1,0,163.040661
7217,0,,
7218,1,0,144.469444
7219,2,1,142.004958
7220,0,,
7221,1,1,176.323801
7222,0,,
7223,0,,
7224,0,,
7225,0,,
7226,0,,
7227,0,,
7228,0,,
7229,0,,
7230,0,,
7231,0,,
7232,0,,
7233,0,,
7234,0,,
7235,0,,
7236,0,,
7237,1,1,169.752797
7238,0,,
7239,1,1,187.421324
7240,1,0,117.143026
7241,1,1,376.270501
7242,0,,
7243,0,,
7244,0,,
7245,0,,
7246,1,0,186.487459
7247,1,1,170.952601
7248,2,0,134.740372
7249,0,,
7250,0,,
7251,1,0,162.839332
7252,0,,
7253,0,,
7254,1,1,149.206408
7255,0,,
7256,0,,
7257,0,,
7258,0,,
7259,0,,
7260,0,,
7261,1,1,153.579534
7262,0,,
7263,1,1,157.605526
7264,0,,
7265,0,,
7266,0,,
7267,0,,
7268,0,,
7269,2,1,184.271553
7270,1,0,165.766823
7271,1,0,153.992157
7272,1,1,172.98393
7273,0,,
7274,1,0,176.481941
7275,0,,
7276,1,1,181.339764
7277,1,0,143.296245
7278,1,0,181.93312
7279,0,,
7280,1,1,146.954626
7281,1,0,171.040388
7282,1,0,263.453376
7283,0,,
7284,0,,
7285,0,,
7286,1,0,169.263739
7287,0,,
7288,1,1,223.072203
7289,1,0,225.33204
7290,0,,
7291,0,,
7292,1,1,227.204839
7293,0,,
7294,0,,
7295,0,,
7296,1,0,155.633408
7297,0,,
7298,0,,
7299,1,1,187.467626
7300,1,0,186.132358
7301,0,,
7302,1,0,306.711383
7303,0,,
7304,0,,
7305,0,,
7306,1,1,165.298879
7307,0,,
7308,0,,
7309,0,,
7310,1,1,153.981902
7311,0,,
7312,1,0,159.880355
7313,0,,
7314,0,,
7315,0,,
7316,0,,
7317,0,,
7318,0,,
7319,0,,
7320,2,1,128.320849
7321,0,,
7322,0,,
7323,1,0,462.238068
7324,1,0,174.950001
7325,1,0,155.584831
7326,1,1,183.581799
7327,0,,
7328,0,,
7329,1,0,255.368498
7330,1,0,157.356717
7331,0,,
7332,1,1,142.109401
7333,1,1,127.510074
7334,0,,
7335,0,,
7336,0,,
7337,1,1,137.297843
7338,1,1,164.512186
7339,0,,
7340,1,1,175.682305
7341,1,1,163.963363
7342,0,,
7343,0,,
7344,2,1,143.179826
7345,2,0,182.728407
7346,0,,
7347,0,,
7348,1,1,155.667491
7349,1,0,177.516878
7350,1,1,362.472619
7351,1,0,173.585382
7352,0,,
7353,1,0,154.80001
7354,0,,
7355,0,,
7356,1,0,149.380446
7357,0,,
7358,0,,
7359,1,1,167.228886
7360,1,0,176.571411
7361,0,,
7362,0,,
7363,0,,
7364,1,0,155.080537
7365,1,0,135.684042
7366,0,,
7367,1,1,165.397272
7368,0,,
7369,0,,
7370,0,,
7371,0,,
7372,2,0,174.80616
7373,2,0,161.795101
7374,1,0,172.677067
7375,0,,
7376,0,,
7377,0,,
7378,0,,
7379,0,,
7380,0,,
7381,0,,
7382,0,,
7383,0,,
7384,0,,
7385,0,,
7386,1,0,161.620547
7387,0,,
7388,0,,
7389,0,,
7390,1,1,186.391732
7391,0,,
7392,0,,
7393,0,,
7394,0,,
7395,0,,
7396,0,,
7397,1,0,178.638587
7398,0,,
7399,0,,
7400,1,1,167.849085
7401,0,,
7402,0,,
7403,0,,
7404,0,,
7405,1,1,158.805066
7406,0,,
7407,1,1,177.542258
7408,0,,
7409,1,0,163.962093
7410,0,,
7411,0,,
7412,0,,
7413,0,,
7414,0,,
7415,0,,
7416,0,,
7417,0,,
7418,1,0,159.669188
7419,2,0,163.618838
7420,1,1,138.542178
7421,0,,
7422,0,,
7423,0,,
7424,0,,
7425,0,,
7426,0,,
7427,0,,
7428,0,,
7429,1,0,166.548162
7430,1,0,170.908799
7431,1,1,236.740039
7432,1,1,128.414337
7433,1,1,139.518279
7434,0,,
7435,1,0,165.84016
7436,0,,
7437,0,,
7438,0,,
7439,1,1,164.942882
7440,1,1,177.764214
7441,0,,
7442,1,0,171.408888
7443,0,,
7444,0,,
7445,0,,
7446,1,0,169.746262
7447,0,,
7448,0,,
7449,0,,
7450,0,,
7451,0,,
7452,1,0,170.500294
7453,0,,
7454,0,,
7455,0,,
7456,1,0,165.212884
7457,1,1,199.027125
7458,0,,
7459,0,,
7460,0,,
7461,1,0,171.889286
7462,1,0,159.019257
7463,0,,
7464,1,0,161.740129
7465,0,,
7466,0,,
7467,1,0,162.005413
7468,1,0,172.441476
7469,0,,
7470,0,,
7471,0,,
7472,1,0,193.148666
7473,0,,
7474,0,,
7475,1,1,171.016513
7476,0,,
7477,1,1,160.897786
7478,0,,
7479,0,,
7480,1,0,169.140314
7481,1,0,169.638094
7482,0,,
7483,0,,
7484,1,0,157.327241
7485,0,,
7486,1,0,168.899572
7487,1,1,167.520559
7488,1,1,161.825165
7489,1,0,134.302993
7490,0,,
7491,0,,
7492,1,1,232.867665
7493,1,1,158.644635
7494,0,,
7495,1,1,186.552796
7496,1,0,116.917246
7497,0,,
7498,0,,
7499,0,,
7500,1,0,176.583335
7501,1,1,204.521821
7502,0,,
7503,0,,
7504,1,0,124.634767
7505,1,1,144.866821
7506,0,,
7507,1,1,143.829495
7508,2,1,170.713339
7509,0,,
7510,0,,
7511,0,,
7512,1,1,178.804638
7513,0,,
7514,1,0,168.139558
7515,0,,
7516,0,,
7517,0,,
7518,0,,
7519,1,0,170.35542
7520,1,0,163.669259
7521,0,,
7522,1,0,171.551507
7523,0,,
7524,0,,
7525,1,0,146.426692
7526,1,0,185.247648
7527,0,,
7528,0,,
7529,0,,
7530,1,1,129.132253
7531,1,1,158.478181
7532,1,1,167.165791
7533,1,1,165.832668
7534,0,,
7535,1,0,160.686884
7536,0,,
7537,0,,
7538,1,1,172.890023
7539,1,1,180.961752
7540,0,,
7541,1,1,170.372269
7542,0,,
7543,1,0,172.796353
7544,1,0,170.291661
7545,0,,
7546,1,0,141.248766
7547,1,1,153.032264
7548,1,1,158.08209
7549,0,,
7550,1,0,158.788487
7551,1,0,157.657035
7552,0,,
7553,0,,
7554,1,1,159.442173
7555,1,1,177.532467
7556,2,1,328.445586
7557,1,0,171.490698
7558,0,,
7559,1,1,169.267217
7560,2,1,152.609111
7561,1,1,174.664392
7562,1,1,252.444578
7563,2,0,158.556258
7564,1,1,150.914083
7565,0,,
7566,1,1,157.449817
7567,0,,
7568,1,0,160.401008
7569,1,1,166.286764
7570,0,,
7571,1,0,142.573011
7572,0,,
7573,0,,
7574,1,0,167.221701
7575,0,,
7576,1,1,168.424948
7577,1,1,229.450242
7578,0,,
7579,1,1,180.607689
7580,0,,
7581,0,,
7582,0,,
7583,1,0,179.860255
7584,2,0,186.239755
7585,1,0,294.653578
7586,1,1,197.456659
7587,1,0,163.970208
7588,0,,
7589,2,0,144.180449
7590,1,0,146.632158
7591,2,0,159.74696
7592,1,1,145.949841
7593,0,,
7594,1,1,138.623717
7595,1,0,144.665103
7596,0,,
7597,2,1,160.084319
7598,0,,
7599,1,0,205.382027
7600,0,,
7601,0,,
7602,1,1,141.828337
7603,2,0,166.192247
7604,1,0,166.765773
7605,0,,
7606,0,,
7607,0,,
7608,1,0,150.212433
7609,0,,
7610,1,0,169.921535
7611,0,,
7612,1,0,169.58788
7613,0,,
7614,0,,
7615,1,0,155.535788
7616,2,1,190.693364
7617,0,,
7618,1,0,167.237753
7619,0,,
7620,0,,
7621,0,,
7622,0,,
7623,1,0,190.851639
7624,1,0,266.047798
7625,0,,
7626,0,,
7627,0,,
7628,0,,
7629,0,,
7630,1,0,157.834939
7631,0,,
7632,1,0,142.311253
7633,0,,
7634,0,,
7635,0,,
7636,0,,
7637,0,,
7638,0,,
7639,0,,
7640,0,,
7641,1,1,142.640111
7642,2,1,162.954656
7643,0,,
7644,0,,
7645,1,0,145.620965
7646,0,,
7647,0,,
7648,0,,
7649,0,,
7650,0,,
7651,1,0,168.700616
7652,0,,
7653,0,,
7654,1,1,160.087908
7655,0,,
7656,1,1,149.448424
7657,0,,
7658,0,,
7659,1,1,155.526236
7660,0,,
7661,2,1,164.72562
7662,1,1,177.363851
7663,1,0,186.622622
7664,1,0,175.161238
7665,1,0,166.931347
7666,0,,
7667,0,,
7668,0,,
7669,1,1,243.945553
7670,1,0,175.802244
7671,2,0,174.753842
7672,0,,
7673,0,,
7674,0,,
7675,1,0,175.646772
7676,0,,
7677,0,,
7678,0,,
7679,0,,
7680,0,,
7681,1,0,180.294645
7682,0,,
7683,1,0,164.809148
7684,0,,
7685,1,1,170.77587
7686,0,,
7687,0,,
7688,0,,
7689,0,,
7690,0,,
7691,1,1,152.074902
7692,1,0,177.482423
7693,1,0,142.521338
7694,1,1,185.59114
7695,0,,
7696,1,0,145.892595
7697,0,,
7698,0,,
7699,1,0,169.981631
7700,1,0,216.582144
7701,1,0,177.460197
7702,1,1,217.206469
7703,0,,
7704,0,,
7705,0,,
7706,0,,
7707,2,0,181.188457
7708,0,,
7709,1,0,131.284635
7710,1,0,169.321721
7711,0,,
7712,1,0,342.950654
7713,1,1,151.541748
7714,0,,
7715,0,,
7716,0,,
7717,0,,
7718,0,,
7719,0,,
7720,0,,
7721,0,,
7722,0,,
7723,0,,
7724,0,,
7725,0,,
7726,0,,
7727,0,,
7728,1,0,261.172721
7729,1,1,156.367908
7730,0,,
7731,1,0,136.254299
7732,0,,
7733,0,,
7734,0,,
7735,0,,
7736,1,1,187.233928
7737,2,1,207.607071
7738,1,0,218.101576
7739,0,,
7740,0,,
7741,1,1,156.837251
7742,0,,
7743,0,,
7744,0,,
7745,1,0,175.791308
7746,1,0,155.58018
7747,0,,
7748,1,0,159.84497
7749,0,,
7750,0,,
7751,0,,
7752,1,0,157.866195
7753,1,0,124.898227
7754,0,,
7755,0,,
7756,0,,
7757,1,1,149.725897
7758,1,1,163.510382
7759,1,1,120.10417
7760,1,1,171.094728
7761,0,,
7762,2,0,154.355326
7763,0,,
7764,0,,
7765,0,,
7766,0,,
7767,0,,
7768,1,0,153.448616
7769,1,1,147.023975
7770,1,1,167.661938
7771,0,,
7772,0,,
7773,1,1,151.829212
7774,1,1,163.827232
7775,1,0,132.349342
7776,1,1,155.638403
7777,1,1,177.087488
7778,0,,
7779,0,,
7780,1,0,141.070924
7781,0,,
7782,1,0,148.898605
7783,1,1,167.441778
7784,0,,
7785,2,1,171.374046
7786,0,,
7787,1,1,152.966721
7788,0,,
7789,1,1,130.725331
7790,0,,
7791,1,0,214.297491
7792,0,,
7793,1,0,166.260957
7794,1,1,167.079284
7795,0,,
7796,0,,
7797,1,0,240.723664
7798,1,0,162.868263
7799,0,,
7800,0,,
7801,0,,
7802,1,1,160.471621
7803,2,0,145.410062
7804,1,0,162.414955
7805,1,1,310.15652
7806,1,0,145.634078
7807,0,,
7808,0,,
7809,1,0,161.772353
7810,1,0,179.582836
7811,0,,
7812,2,0,174.792722
7813,1,0,168.720421
7814,0,,
7815,0,,
7816,0,,
7817,0,,
7818,1,1,186.145899
7819,1,1,217.971678
7820,1,1,178.444669
7821,1,0,215.386237
7822,1,0,165.078298
7823,1,0,164.944589
7824,0,,
7825,0,,
7826,0,,
7827,1,1,169.984373
7828,0,,
7829,1,1,173.414905
7830,1,1,164.562596
7831,0,,
7832,0,,
7833,2,0,165.324343
7834,0,,
7835,2,1,173.647172
7836,0,,
7837,0,,
7838,2,0,179.729036
7839,0,,
7840,0,,
7841,1,0,170.882526
7842,0,,
7843,1,1,159.262075
7844,0,,
7845,1,1,161.857927
7846,1,1,223.561037
7847,1,0,162.376997
7848,1,1,145.105107
7849,1,0,133.873974
7850,1,0,164.167115
7851,1,1,144.398265
7852,1,0,167.552016
7853,0,,
7854,1,1,173.714088
7855,1,0,170.91656
7856,0,,
7857,0,,
7858,0,,
7859,0,,
7860,0,,
7861,0,,
7862,0,,
7863,1,1,301.162005
7864,0,,
7865,0,,
7866,1,0,171.686356
7867,1,1,163.298917
7868,0,,
7869,0,,
7870,1,0,179.611214
7871,1,1,162.403856
7872,0,,
7873,1,0,168.295543
7874,0,,
7875,0,,
7876,0,,
7877,1,0,144.303276
7878,1,0,174.527268
7879,0,,
7880,1,1,150.162971
7881,1,1,162.180122
7882,0,,
7883,0,,
7884,0,,
7885,1,0,175.355558
7886,1,1,177.677281
7887,0,,
7888,0,,
7889,0,,
7890,0,,
7891,0,,
7892,0,,
7893,2,1,160.014404
7894,1,0,171.196978
7895,0,,
7896,1,1,176.369127
7897,0,,
7898,2,1,167.920636
7899,0,,
7900,0,,
7901,1,1,162.835911
7902,0,,
7903,0,,
7904,0,,
7905,1,0,165.91825
7906,1,0,158.393856
7907,1,0,141.843122
7908,1,0,161.245379
7909,0,,
7910,1,0,153.572591
7911,0,,
7912,0,,
7913,2,0,144.119511
7914,0,,
7915,1,1,152.206898
7916,1,1,226.148475
7917,0,,
7918,1,1,160.485194
7919,0,,
7920,0,,
7921,0,,
7922,0,,
7923,0,,
7924,0,,
7925,0,,
7926,2,0,163.611844
7927,0,,
7928,1,1,151.854157
7929,0,,
7930,0,,
7931,1,1,150.528343
7932,0,,
7933,0,,
7934,1,0,178.519847
7935,1,0,323.690396
7936,0,,
7937,1,0,173.937167
7938,0,,
7939,0,,
7940,0,,
7941,0,,
7942,0,,
7943,0,,
7944,0,,
7945,0,,
7946,0,,
7947,0,,
7948,2,1,144.826267
7949,1,1,296.158219
7950,0,,
7951,1,0,304.267873
7952,0,,
7953,1,1,157.113115
7954,1,1,167.689562
7955,0,,
7956,0,,
7957,0,,
7958,0,,
7959,0,,
7960,1,0,178.796361
7961,1,0,174.15527
7962,0,,
7963,1,0,155.795131
7964,0,,
7965,0,,
7966,2,1,172.75151
7967,0,,
7968,2,0,177.577958
7969,0,,
7970,2,1,174.405959
7971,0,,
7972,0,,
7973,0,,
7974,1,0,154.323947
7975,0,,
7976,0,,
7977,0,,
7978,0,,
7979,0,,
7980,1,0,179.641589
7981,0,,
7982,0,,
7983,0,,
7984,1,1,344.404536
7985,0,,
7986,0,,
7987,0,,
7988,0,,
7989,0,,
7990,0,,
7991,0,,
7992,0,,
7993,0,,
7994,1,0,161.458558
7995,1,0,153.678144
7996,0,,
7997,0,,
7998,1,1,178.384304
7999,0,,
8000,0,,
8001,0,,
8002,0,,
8003,0,,
8004,1,1,158.112764
8005,0,,
8006,0,,
8007,0,,
8008,1,1,173.418743
8009,0,,
8010,0,,
8011,1,0,173.17355
8012,0,,
8013,1,0,132.720183
8014,0,,
8015,0,,
8016,1,0,327.639161
8017,0,,
8018,1,0,172.829316
8019,1,0,183.111783
8020,0,,
8021,0,,
8022,0,,
8023,0,,
8024,0,,
8025,1,1,157.698085
8026,0,,
8027,1,1,158.584231
8028,0,,
8029,0,,
8030,1,1,163.773581
8031,0,,
8032,1,0,172.896967
8033,0,,
8034,1,0,166.355264
8035,0,,
8036,0,,
8037,0,,
8038,0,,
8039,1,1,123.946688
8040,1,0,224.177987
8041,1,0,159.361133
8042,1,1,159.129674
8043,0,,
8044,1,0,112.997903
8045,0,,
8046,1,1,276.912172
8047,0,,
8048,0,,
8049,1,1,162.116906
8050,1,1,187.506566
8051,0,,
8052,0,,
8053,0,,
8054,0,,
8055,0,,
8056,0,,
8057,0,,
8058,0,,
8059,0,,
8060,0,,
8061,0,,
8062,1,1,170.583751
8063,0,,
8064,0,,
8065,0,,
8066,1,0,169.123241
8067,0,,
8068,1,1,174.447838
8069,1,0,150.654443
8070,1,1,151.572789
8071,0,,
8072,0,,
8073,0,,
8074,1,0,153.635996
8075,1,1,149.777129
8076,0,,
8077,1,0,157.869044
8078,1,1,165.130189
8079,2,0,154.675222
8080,0,,
8081,1,1,162.181988
8082,0,,
8083,1,0,322.454419
8084,1,0,188.752593
8085,1,1,145.36748
8086,1,1,175.090636
8087,1,1,172.727927
8088,0,,
8089,1,1,204.126614
8090,1,0,205.554271
8091,1,1,176.396608
8092,0,,
8093,1,0,205.271452
8094,0,,
8095,0,,
8096,0,,
8097,0,,
8098,0,,
8099,0,,
8100,0,,
8101,0,,
8102,0,,
8103,2,0,182.109228
8104,1,1,171.633883
8105,0,,
8106,1,0,267.152083
8107,0,,
8108,1,1,155.799039
8109,1,0,167.141662
8110,1,0,158.348257
8111,0,,
8112,0,,
8113,0,,
8114,0,,
8115,0,,
8116,1,0,154.115136
8117,0,,
8118,1,1,150.596699
8119,1,0,165.415428
8120,0,,
8121,1,1,164.827142
8122,2,0,160.433971
8123,0,,
8124,0,,
8125,0,,
8126,0,,
8127,0,,
8128,0,,
8129,0,,
8130,2,1,220.363566
8131,1,1,169.736718
8132,1,1,141.806964
8133,0,,
8134,1,1,156.675505
8135,0,,
8136,1,0,158.795176
8137,1,0,143.319086
8138,0,,
8139,1,0,149.586117
8140,1,1,182.801029
8141,0,,
8142,1,1,136.07923
8143,1,1,145.897828
8144,1,0,192.203343
8145,1,1,122.573055
8146,0,,
8147,0,,
8148,1,1,159.051181
8149,1,0,187.252494
8150,1,1,180.14621
8151,1,1,155.898614
8152,0,,
8153,1,0,208.367094
8154,0,,
8155,1,0,146.945771
8156,0,,
8157,2,1,163.403976
8158,1,1,164.891622
8159,1,0,150.763205
8160,0,,
8161,1,1,169.579593
8162,0,,
8163,0,,
8164,0,,
8165,0,,
8166,0,,
8167,1,0,163.290859
8168,0,,
8169,0,,
8170,1,0,166.205265
8171,0,,
8172,0,,
8173,0,,
8174,0,,
8175,0,,
8176,1,1,159.856523
8177,0,,
8178,0,,
8179,0,,
8180,0,,
8181,0,,
8182,1,1,191.624277
8183,0,,
8184,0,,
8185,0,,
8186,1,1,197.288199
8187,0,,
8188,1,1,130.248603
8189,0,,
8190,0,,
8191,1,0,176.331498
8192,1,0,160.495129
8193,0,,
8194,1,0,177.20079
8195,0,,
8196,0,,
8197,0,,
8198,0,,
8199,0,,
8200,0,,
8201,0,,
8202,0,,
8203,0,,
8204,0,,
8205,0,,
8206,1,1,172.283235
8207,0,,
8208,1,1,179.16775
8209,0,,
8210,1,1,165.263561
8211,0,,
8212,0,,
8213,0,,
8214,1,0,159.936615
8215,0,,
8216,1,1,152.356708
8217,0,,
8218,1,0,166.145891
8219,0,,
8220,0,,
8221,2,1,187.472137
8222,1,1,118.683521
8223,1,0,166.743055
8224,0,,
8225,1,1,176.976289
8226,1,1,154.282063
8227,0,,
8228,1,1,199.392784
8229,1,1,167.114438
8230,1,1,159.96424
8231,0,,
8232,2,1,172.180017
8233,0,,
8234,1,0,178.600661
8235,0,,
8236,2,1,152.773633
8237,1,0,166.773997
8238,0,,
8239,1,1,157.085134
8240,1,0,160.750559
8241,0,,
8242,0,,
8243,1,0,131.686489
8244,1,1,166.166679
8245,0,,
8246,0,,
8247,0,,
8248,1,0,262.625827
8249,0,,
8250,0,,
8251,0,,
8252,0,,
8253,1,0,173.633683
8254,1,1,171.737218
8255,0,,
8256,1,1,189.68552
8257,1,1,179.239145
8258,0,,
8259,0,,
8260,1,0,209.572777
8261,0,,
8262,1,1,236.023917
8263,0,,
8264,1,0,170.875886
8265,1,1,179.672956
8266,1,0,172.535954
8267,0,,
8268,0,,
8269,1,0,179.286921
8270,0,,
8271,0,,
8272,0,,
8273,0,,
8274,1,0,144.492753
8275,1,1,165.428483
8276,0,,
8277,0,,
8278,0,,
8279,0,,
8280,0,,
8281,0,,
8282,1,1,305.941197
8283,1,0,128.303541
8284,0,,
8285,1,0,162.400382
8286,1,1,212.456144
8287,1,0,169.472549
8288,0,,
8289,0,,
8290,1,0,174.992598
8291,0,,
8292,0,,
8293,0,,
8294,0,,
8295,0,,
8296,0,,
8297,0,,
8298,0,,
8299,2,0,137.322172
8300,1,1,161.813596
8301,0,,
8302,0,,
8303,0,,
8304,0,,
8305,1,1,120.015597
8306,1,1,325.429182
8307,0,,
8308,0,,
8309,0,,
8310,1,1,174.476633
8311,0,,
8312,0,,
8313,2,1,142.005386
8314,0,,
8315,0,,
8316,0,,
8317,1,0,143.194741
8318,1,0,152.537075
8319,0,,
8320,1,0,178.322176
8321,1,1,192.140203
8322,1,1,173.743014
8323,1,0,132.447927
8324,2,0,199.015162
8325,0,,
8326,1,1,170.879412
8327,1,0,136.324125
8328,0,,
8329,1,0,157.980613
8330,0,,
8331,0,,
8332,0,,
8333,0,,
8334,1,1,161.762341
8335,0,,
8336,0,,
8337,0,,
8338,0,,
8339,0,,
8340,0,,
8341,1,0,175.545998
8342,0,,
8343,2,1,151.95753
8344,0,,
8345,1,0,200.826674
8346,0,,
8347,1,0,157.884524
8348,1,1,180.199259
8349,1,1,307.131274
8350,0,,
8351,0,,
8352,0,,
8353,1,0,127.774335
8354,0,,
8355,0,,
8356,1,1,174.066179
8357,0,,
8358,1,1,161.674284
8359,0,,
8360,0,,
8361,1,0,139.375097
8362,0,,
8363,2,1,171.13252
8364,0,,
8365,0,,
8366,1,1,167.765622
8367,0,,
8368,0,,
8369,1,0,168.64157
8370,1,1,144.629653
8371,0,,
8372,0,,
8373,1,0,168.044071
8374,0,,
8375,1,0,173.938474
8376,0,,
8377,0,,
8378,2,0,252.033503
8379,0,,
8380,1,0,207.542429
8381,0,,
8382,0,,
8383,0,,
8384,0,,
8385,0,,
8386,0,,
8387,0,,
8388,1,1,175.393112
8389,0,,
8390,2,0,164.782723
8391,0,,
8392,1,1,162.213127
8393,0,,
8394,0,,
8395,0,,
8396,0,,
8397,0,,
8398,0,,
8399,0,,
8400,0,,
8401,1,1,163.4324
8402,0,,
8403,2,0,132.270505
8404,0,,
8405,0,,
8406,1,1,173.400238
8407,1,1,187.205243
8408,1,0,241.753672
8409,1,1,152.714415
8410,1,0,174.53673
8411,0,,
8412,1,0,149.533911
8413,0,,
8414,1,0,365.451596
8415,0,,
8416,1,1,175.006245
8417,0,,
8418,0,,
8419,0,,
8420,1,0,151.382365
8421,0,,
8422,1,0,194.705253
8423,1,1,147.2106
8424,1,0,164.349089
8425,0,,
8426,1,0,167.185327
8427,0,,
8428,1,1,167.273532
8429,0,,
8430,0,,
8431,0,,
8432,0,,
8433,1,1,175.624719
8434,0,,
8435,0,,
8436,0,,
8437,0,,
8438,0,,
8439,0,,
8440,0,,
8441,1,0,193.25438
8442,1,0,179.691263
8443,1,1,165.496531
8444,0,,
8445,1,1,177.512921
8446,0,,
8447,0,,
8448,1,1,123.215481
8449,0,,
8450,1,0,155.403079
8451,0,,
8452,0,,
8453,0,,
8454,0,,
8455,1,1,159.354331
8456,1,0,168.427155
8457,0,,
8458,0,,
8459,1,1,129.187534
8460,0,,
8461,2,0,171.69892
8462,0,,
8463,1,1,139.242455
8464,0,,
8465,1,0,178.632971
8466,1,0,154.657993
8467,1,0,174.618293
8468,0,,
8469,0,,
8470,0,,
8471,1,0,169.003065
8472,1,0,451.037819
8473,0,,
8474,0,,
8475,1,0,209.068882
8476,1,0,167.326305
8477,1,1,157.228829
8478,0,,
8479,0,,
8480,0,,
8481,0,,
8482,0,,
8483,1,0,160.341612
8484,1,1,167.27896
8485,0,,
8486,1,1,172.86376
8487,1,0,179.401893
8488,2,0,160.154822
8489,0,,
8490,0,,
8491,0,,
8492,0,,
8493,1,0,144.05802
8494,0,,
8495,0,,
8496,2,0,172.195569
8497,0,,
8498,0,,
8499,1,1,139.47944
8500,0,,
8501,0,,
8502,0,,
8503,0,,
8504,1,0,148.840351
8505,0,,
8506,0,,
8507,0,,
8508,0,,
8509,0,,
8510,0,,
8511,1,0,252.087636
8512,0,,
8513,0,,
8514,0,,
8515,0,,
8516,1,0,165.084757
8517,1,1,153.530701
8518,0,,
8519,0,,
8520,0,,
8521,0,,
8522,0,,
8523,0,,
8524,1,1,144.256783
8525,0,,
8526,2,1,171.931976
8527,1,0,155.455414
8528,1,0,155.377623
8529,0,,
8530,0,,
8531,0,,
8532,2,0,153.191586
8533,0,,
8534,0,,
8535,0,,
8536,0,,
8537,0,,
8538,0,,
8539,0,,
8540,0,,
8541,1,1,312.821678
8542,0,,
8543,0,,
8544,0,,
8545,1,1,137.837056
8546,0,,
8547,0,,
8548,0,,
8549,0,,
8550,0,,
8551,0,,
8552,0,,
8553,0,,
8554,1,0,185.198505
8555,1,1,169.242607
8556,0,,
8557,0,,
8558,0,,
8559,1,0,171.887143
8560,1,0,164.476716
8561,1,0,147.242675
8562,0,,
8563,1,0,173.499918
8564,0,,
8565,0,,
8566,1,1,116.693323
8567,1,0,152.724505
8568,1,1,165.141823
8569,0,,
8570,0,,
8571,0,,
8572,1,1,186.416263
8573,1,0,166.847346
8574,0,,
8575,0,,
8576,0,,
8577,2,1,149.520838
8578,0,,
8579,0,,
8580,0,,
8581,0,,
8582,1,0,166.646167
8583,0,,
8584,0,,
8585,0,,
8586,1,0,171.847087
8587,0,,
8588,1,0,120.742472
8589,1,0,158.943448
8590,0,,
8591,0,,
8592,2,1,168.654935
8593,0,,
8594,1,0,289.797999
8595,0,,
8596,0,,
8597,1,0,161.974143
8598,0,,
8599,0,,
8600,1,0,146.682297
8601,0,,
8602,1,0,170.769426
8603,0,,
8604,0,,
8605,1,1,161.009797
8606,0,,
8607,1,1,171.000078
8608,0,,
8609,1,1,159.079778
8610,1,1,111.825092
8611,0,,
8612,0,,
8613,0,,
8614,0,,
8615,1,1,168.316425
8616,0,,
8617,0,,
8618,1,1,183.076015
8619,0,,
8620,0,,
8621,0,,
8622,2,1,145.143339
8623,0,,
8624,1,1,183.369877
8625,0,,
8626,0,,
8627,1,1,152.777602
8628,0,,
8629,1,0,170.226112
8630,1,1,175.274193
8631,0,,
8632,0,,
8633,1,0,171.215271
8634,0,,
8635,0,,
8636,1,1,172.221692
8637,1,1,176.028287
8638,1,0,145.067589
8639,0,,
8640,1,0,172.726665
8641,1,1,158.478749
8642,1,0,158.538704
8643,0,,
8644,0,,
8645,1,0,169.885217
8646,0,,
8647,1,0,165.526522
8648,0,,
8649,0,,
8650,0,,
8651,1,1,154.785726
8652,1,0,173.568757
8653,0,,
8654,0,,
8655,0,,
8656,0,,
8657,1,0,165.833346
8658,1,0,153.15592
8659,1,1,163.954173
8660,2,0,169.456962
8661,0,,
8662,0,,
8663,0,,
8664,0,,
8665,0,,
8666,0,,
8667,0,,
8668,2,0,164.388671
8669,1,1,269.66063
8670,0,,
8671,0,,
8672,1,1,153.836715
8673,0,,
8674,1,1,157.718827
8675,0,,
8676,0,,
8677,0,,
8678,0,,
8679,0,,
8680,0,,
8681,0,,
8682,0,,
8683,0,,
8684,1,1,161.584834
8685,0,,
8686,0,,
8687,1,1,165.6715
8688,1,0,224.662523
8689,0,,
8690,1,0,160.324222
8691,0,,
8692,0,,
8693,0,,
8694,1,1,144.601231
8695,1,1,167.690949
8696,0,,
8697,1,0,173.263556
8698,1,1,151.579461
8699,0,,
8700,1,1,167.386838
8701,0,,
8702,0,,
8703,0,,
8704,1,0,189.542252
8705,1,1,161.113278
8706,0,,
8707,0,,
8708,1,0,163.762704
8709,0,,
8710,0,,
8711,0,,
8712,0,,
8713,1,1,170.162882
8714,0,,
8715,0,,
8716,0,,
8717,1,0,134.254052
8718,1,0,155.681748
8719,2,1,170.728674
8720,1,1,171.313935
8721,1,0,163.523732
8722,1,0,169.307691
8723,0,,
8724,0,,
8725,1,0,148.596814
8726,0,,
8727,0,,
8728,1,0,170.622423
8729,1,1,146.213398
8730,0,,
8731,0,,
8732,0,,
8733,1,0,169.245214
8734,0,,
8735,0,,
8736,0,,
8737,1,0,157.213609
8738,1,1,140.977084
8739,2,1,209.974171
8740,0,,
8741,0,,
8742,0,,
8743,1,0,209.737732
8744,1,1,200.503156
8745,0,,
8746,1,1,160.835189
8747,0,,
8748,0,,
8749,0,,
8750,0,,
8751,1,0,166.202638
8752,1,1,141.561646
8753,0,,
8754,0,,
8755,0,,
8756,1,1,126.088701
8757,1,1,151.089343
8758,0,,
8759,0,,
8760,1,1,134.786512
8761,0,,
8762,0,,
8763,1,0,120.042034
8764,0,,
8765,0,,
8766,0,,
8767,0,,
8768,0,,
8769,1,1,176.684022
8770,1,1,169.33734
8771,0,,
8772,0,,
8773,0,,
8774,1,0,327.991461
8775,0,,
8776,0,,
8777,0,,
8778,2,1,142.081935
8779,0,,
8780,1,0,144.081459
8781,0,,
8782,0,,
8783,0,,
8784,0,,
8785,0,,
8786,1,1,106.710542
8787,1,0,174.64604
8788,0,,
8789,0,,
8790,0,,
8791,0,,
8792,0,,
8793,0,,
8794,0,,
8795,0,,
8796,0,,
8797,1,0,159.502297
8798,0,,
8799,1,0,170.846942
8800,1,1,132.884963
8801,1,1,169.75184
8802,0,,
8803,1,1,153.82934
8804,0,,
8805,0,,
8806,0,,
8807,0,,
8808,1,0,168.33711
8809,0,,
8810,1,0,262.601362
8811,1,1,171.998382
8812,0,,
8813,0,,
8814,1,1,162.064048
8815,0,,
8816,1,1,183.710203
8817,1,1,154.383764
8818,1,1,170.300986
8819,1,0,366.048633
8820,1,0,173.678799
8821,1,0,188.348666
8822,0,,
8823,1,1,167.17043
8824,1,1,181.606064
8825,0,,
8826,1,0,201.167351
8827,1,1,164.009261
8828,1,0,157.98523
8829,0,,
8830,0,,
8831,0,,
8832,1,1,172.787257
8833,1,0,173.802888
8834,0,,
8835,1,0,165.586754
8836,0,,
8837,0,,
8838,1,0,170.222914
8839,0,,
8840,0,,
8841,1,0,163.083631
8842,1,1,171.467416
8843,0,,
8844,1,0,177.253428
8845,1,0,161.677579
8846,1,1,156.23409
8847,0,,
8848,0,,
8849,1,1,175.413705
8850,0,,
8851,0,,
8852,1,0,156.318033
8853,1,1,187.905827
8854,0,,
8855,0,,
8856,1,1,152.662612
8857,1,0,152.789617
8858,1,0,155.857756
8859,2,0,157.004231
8860,1,0,163.442487
8861,0,,
8862,0,,
8863,1,0,174.59834
8864,1,0,158.576765
8865,1,0,238.07291
8866,1,0,226.552255
8867,0,,
8868,0,,
8869,1,1,175.239862
8870,1,1,172.72956
8871,1,0,177.044741
8872,0,,
8873,0,,
8874,1,1,120.859007
8875,0,,
8876,0,,
8877,1,0,162.77359
8878,0,,
8879,0,,
8880,1,1,157.67973
8881,0,,
8882,0,,
8883,0,,
8884,0,,
8885,0,,
8886,1,1,141.11643
8887,1,1,165.931687
8888,1,1,157.454456
8889,1,1,149.523415
8890,0,,
8891,1,0,187.250882
8892,0,,
8893,0,,
8894,1,0,150.399035
8895,0,,
8896,0,,
8897,1,1,161.630585
8898,2,0,163.152844
8899,0,,
8900,0,,
8901,0,,
8902,1,0,151.773386
8903,1,1,174.544012
8904,1,1,155.595427
8905,0,,
8906,0,,
8907,0,,
8908,0,,
8909,0,,
8910,1,0,178.953049
8911,1,1,203.074259
8912,0,,
8913,0,,
8914,0,,
8915,2,0,157.720992
8916,0,,
8917,0,,
8918,2,1,167.152606
8919,0,,
8920,0,,
8921,2,0,171.414724
8922,0,,
8923,0,,
8924,0,,
8925,0,,
8926,1,0,162.926042
8927,0,,
8928,0,,
8929,1,0,160.616937
8930,0,,
8931,1,0,162.564355
8932,0,,
8933,0,,
8934,1,0,166.088423
8935,0,,
8936,1,0,167.359956
8937,1,1,145.542528
8938,0,,
8939,0,,
8940,1,0,197.569765
8941,0,,
8942,0,,
8943,1,1,169.89165
8944,2,1,165.927057
8945,0,,
8946,1,0,156.193921
8947,0,,
8948,1,1,303.587767
8949,0,,
8950,0,,
8951,0,,
8952,1,1,174.585969
8953,0,,
8954,1,0,178.934396
8955,1,0,161.11345
8956,0,,
8957,0,,
8958,1,1,137.339745
8959,0,,
8960,0,,
8961,1,0,162.483235
8962,0,,
8963,1,0,153.683366
8964,0,,
8965,0,,
8966,0,,
8967,1,1,145.351276
8968,2,1,165.387815
8969,1,0,170.597002
8970,0,,
8971,1,0,169.193798
8972,0,,
8973,0,,
8974,2,1,168.020171
8975,0,,
8976,0,,
8977,1,1,152.92514
8978,0,,
8979,1,1,234.686508
8980,0,,
8981,1,1,169.894645
8982,0,,
8983,1,1,164.834349
8984,0,,
8985,1,1,150.847134
8986,0,,
8987,0,,
8988,0,,
8989,0,,
8990,0,,
8991,1,0,168.339074
8992,1,0,180.71085
8993,2,1,164.1604
8994,1,0,131.361411
8995,0,,
8996,1,0,134.976926
8997,1,1,172.009447
8998,1,0,167.818334
8999,0,,
9000,1,1,177.206252
9001,0,,
9002,0,,
9003,2,1,167.969005
9004,0,,
9005,0,,
9006,1,0,191.56428
9007,1,1,175.924418
9008,0,,
9009,1,0,174.026279
9010,1,1,179.581301
9011,1,1,155.715989
9012,0,,
9013,0,,
9014,1,1,180.824179
9015,0,,
9016,0,,
9017,0,,
9018,0,,
9019,0,,
9020,0,,
9021,0,,
9022,1,1,126.749015
9023,1,0,205.142295
9024,0,,
9025,0,,
9026,0,,
9027,0,,
9028,1,1,120.67835
9029,1,1,177.677071
9030,0,,
9031,0,,
9032,0,,
9033,1,0,511.849886
9034,0,,
9035,0,,
9036,0,,
9037,1,0,113.715818
9038,0,,
9039,1,0,157.920899
9040,1,0,174.491698
9041,1,0,195.22232
9042,1,1,144.678298
9043,1,0,172.499314
9044,0,,
9045,0,,
9046,1,0,192.095137
9047,0,,
9048,1,0,169.035501
9049,0,,
9050,0,,
9051,0,,
9052,1,1,172.925719
9053,1,0,166.433755
9054,0,,
9055,1,1,117.051114
9056,2,0,154.853069
9057,1,1,136.498608
9058,0,,
9059,0,,
9060,0,,
9061,1,0,171.805034
9062,0,,
9063,0,,
9064,1,0,193.63912
9065,1,1,154.40094
9066,1,0,167.542606
9067,0,,
9068,0,,
9069,2,1,163.681509
9070,1,1,179.489286
9071,1,1,177.275452
9072,1,0,172.234058
9073,1,0,266.27203
9074,2,1,175.002565
9075,0,,
9076,1,0,154.785178
9077,0,,
9078,0,,
9079,0,,
9080,0,,
9081,1,1,186.777038
9082,0,,
9083,1,0,153.852335
9084,0,,
9085,1,0,146.164905
9086,1,0,162.87922
9087,1,1,172.541875
9088,1,0,222.726703
9089,1,0,167.794334
9090,0,,
9091,0,,
9092,0,,
9093,1,1,167.649207
9094,1,1,164.4329
9095,1,0,140.630952
9096,1,1,149.620149
9097,0,,
9098,1,1,240.636073
9099,0,,
9100,0,,
9101,1,1,180.424098
9102,0,,
9103,0,,
9104,1,1,161.008443
9105,1,1,159.725548
9106,0,,
9107,0,,
9108,0,,
9109,1,1,174.551109
9110,1,1,179.512438
9111,0,,
9112,0,,
9113,1,0,182.15243
9114,0,,
9115,0,,
9116,2,0,150.323445
9117,0,,
9118,1,1,171.693021
9119,0,,
9120,1,1,175.611328
9121,0,,
9122,0,,
9123,1,1,140.443072
9124,0,,
9125,0,,
9126,0,,
9127,0,,
9128,1,1,179.886212
9129,0,,
9130,1,1,170.518144
9131,0,,
9132,0,,
9133,1,1,160.304991
9134,1,1,139.103297
9135,1,1,133.096838
9136,1,0,168.168125
9137,1,0,159.673069
9138,0,,
9139,1,0,232.953806
9140,2,1,154.286913
9141,1,0,252.200777
9142,0,,
9143,0,,
9144,1,0,164.269966
9145,1,1,166.970163
9146,0,,
9147,1,0,137.630786
9148,1,1,161.081141
9149,1,1,179.76882
9150,0,,
9151,2,1,159.066162
9152,0,,
9153,1,1,171.071182
9154,0,,
9155,1,1,177.195088
9156,0,,
9157,0,,
9158,1,0,152.371601
9159,0,,
9160,0,,
9161,1,1,158.679698
9162,1,1,169.282405
9163,0,,
9164,1,0,170.514464
9165,1,0,133.903002
9166,1,0,174.662044
9167,0,,
9168,1,1,241.609514
9169,1,0,166.425119
9170,1,0,233.949892
9171,0,,
9172,0,,
9173,1,1,106.579508
9174,1,1,181.900345
9175,1,0,129.550475
9176,0,,
9177,0,,
9178,1,1,151.146036
9179,0,,
9180,1,1,159.767313
9181,0,,
9182,1,0,131.724569
9183,0,,
9184,1,0,161.276396
9185,0,,
9186,0,,
9187,1,0,152.298758
9188,0,,
9189,1,0,157.908412
9190,0,,
9191,0,,
9192,1,0,149.818768
9193,2,0,121.854983
9194,0,,
9195,0,,
9196,0,,
9197,0,,
9198,0,,
9199,0,,
9200,0,,
9201,0,,
9202,0,,
9203,0,,
9204,1,0,182.252474
9205,0,,
9206,1,1,130.669974
9207,0,,
9208,0,,
9209,0,,
9210,0,,
9211,0,,
9212,0,,
9213,0,,
9214,0,,
9215,1,0,122.668757
9216,2,1,176.832855
9217,0,,
9218,1,1,118.648108
9219,0,,
9220,0,,
9221,1,0,165.626854
9222,0,,
9223,0,,
9224,1,0,178.333819
9225,0,,
9226,0,,
9227,0,,
9228,0,,
9229,1,1,171.330438
9230,0,,
9231,1,1,125.236051
9232,0,,
9233,0,,
9234,0,,
9235,0,,
9236,1,1,224.020463
9237,0,,
9238,1,1,186.765583
9239,0,,
9240,1,0,170.212736
9241,0,,
9242,0,,
9243,0,,
9244,1,1,170.420997
9245,0,,
9246,1,0,159.845158
9247,1,1,171.056288
9248,0,,
9249,2,1,213.412573
9250,0,,
9251,2,0,170.088053
9252,0,,
9253,1,1,241.443302
9254,0,,
9255,0,,
9256,0,,
9257,0,,
9258,0,,
9259,1,0,171.609639
9260,0,,
9261,0,,
9262,0,,
9263,0,,
9264,0,,
9265,1,0,135.234515
9266,0,,
9267,0,,
9268,0,,
9269,0,,
9270,2,1,182.162945
9271,0,,
9272,2,1,165.715401
9273,0,,
9274,0,,
9275,1,0,168.481192
9276,0,,
9277,0,,
9278,0,,
9279,0,,
9280,0,,
9281,0,,
9282,1,1,165.427431
9283,1,1,193.956552
9284,0,,
9285,0,,
9286,0,,
9287,1,0,199.168957
9288,2,0,155.37158
9289,0,,
9290,1,1,178.170558
9291,0,,
9292,0,,
9293,1,0,165.811671
9294,0,,
9295,0,,
9296,0,,
9297,0,,
9298,1,1,175.753739
9299,0,,
9300,0,,
9301,0,,
9302,0,,
9303,0,,
9304,0,,
9305,2,0,159.7913
9306,1,0,168.76782
9307,1,1,167.687859
9308,0,,
9309,0,,
9310,1,1,172.911885
9311,0,,
9312,0,,
9313,0,,
9314,1,1,118.316263
9315,0,,
9316,1,0,159.71653
9317,0,,
9318,0,,
9319,1,0,157.352184
9320,0,,
9321,1,0,159.377501
9322,0,,
9323,1,1,172.106492
9324,1,0,183.003011
9325,1,0,157.367372
9326,0,,
9327,0,,
9328,0,,
9329,2,0,175.938028
9330,1,0,184.114911
9331,1,0,165.722781
9332,1,0,160.92634
9333,1,0,156.099506
9334,0,,
9335,0,,
9336,1,1,162.335458
9337,0,,
9338,0,,
9339,0,,
9340,1,1,157.814784
9341,1,1,154.411184
9342,1,1,169.684838
9343,0,,
9344,0,,
9345,0,,
9346,1,1,161.257337
9347,1,0,151.410321
9348,0,,
9349,0,,
9350,1,0,140.72576
9351,1,1,158.757083
9352,1,1,202.733224
9353,0,,
9354,0,,
9355,1,1,178.629974
9356,0,,
9357,0,,
9358,0,,
9359,0,,
9360,1,0,152.09608
9361,0,,
9362,0,,
9363,1,1,173.973954
9364,1,1,179.060922
9365,2,1,146.380311
9366,1,1,243.792613
9367,0,,
9368,0,,
9369,0,,
9370,0,,
9371,1,1,164.880662
9372,2,1,174.948476
9373,0,,
9374,0,,
9375,0,,
9376,1,1,164.226762
9377,0,,
9378,0,,
9379,1,1,223.100011
9380,1,0,137.444901
9381,0,,
9382,1,1,162.302408
9383,0,,
9384,0,,
9385,0,,
9386,1,1,126.150871
9387,0,,
9388,0,,
9389,0,,
9390,2,1,173.416568
9391,1,1,157.046626
9392,0,,
9393,0,,
9394,0,,
9395,1,1,143.922348
9396,0,,
9397,0,,
9398,0,,
9399,1,0,156.504422
9400,1,0,185.25431
9401,2,0,156.190312
9402,0,,
9403,0,,
9404,0,,
9405,1,0,162.994394
9406,2,0,178.580194
9407,0,,
9408,0,,
9409,0,,
9410,0,,
9411,0,,
9412,0,,
9413,1,1,179.571292
9414,0,,
9415,0,,
9416,0,,
9417,0,,
9418,0,,
9419,0,,
9420,0,,
9421,0,,
9422,0,,
9423,0,,
9424,0,,
9425,0,,
9426,1,1,150.198512
9427,0,,
9428,0,,
9429,0,,
9430,1,1,157.053699
9431,0,,
9432,0,,
9433,0,,
9434,0,,
9435,0,,
9436,0,,
9437,0,,
9438,0,,
9439,0,,
9440,1,0,158.842623
9441,1,1,174.221087
9442,0,,
9443,0,,
9444,0,,
9445,0,,
9446,0,,
9447,0,,
9448,0,,
9449,1,1,177.314468
9450,0,,
9451,1,1,162.48536
9452,0,,
9453,0,,
9454,1,1,162.106226
9455,0,,
9456,0,,
9457,0,,
9458,0,,
9459,1,1,144.138289
9460,0,,
9461,1,0,166.289381
9462,0,,
9463,1,1,152.780617
9464,0,,
9465,1,1,154.296627
9466,0,,
9467,0,,
9468,2,0,173.473524
9469,0,,
9470,1,1,157.282094
9471,0,,
9472,1,0,163.941787
9473,0,,
9474,0,,
9475,0,,
9476,0,,
9477,0,,
9478,0,,
9479,1,0,159.070842
9480,0,,
9481,0,,
9482,1,0,176.182554
9483,0,,
9484,0,,
9485,1,1,240.315634
9486,1,1,161.063873
9487,1,0,163.889428
9488,0,,
9489,1,1,168.14566
9490,0,,
9491,0,,
9492,1,0,154.773744
9493,1,1,248.309061
9494,0,,
9495,0,,
9496,1,1,128.272783
9497,1,0,180.377767
9498,0,,
9499,0,,
9500,1,1,164.543185
9501,1,0,141.278833
9502,0,,
9503,0,,
9504,0,,
9505,0,,
9506,0,,
9507,0,,
9508,0,,
9509,0,,
9510,1,1,166.796947
9511,1,1,166.6748
9512,0,,
9513,1,1,159.701316
9514,2,1,170.246819
9515,0,,
9516,0,,
9517,0,,
9518,1,1,154.126524
9519,0,,
9520,0,,
9521,0,,
9522,0,,
9523,0,,
9524,0,,
9525,1,1,134.156557
9526,0,,
9527,0,,
9528,1,0,161.749008
9529,1,1,135.261911
9530,0,,
9531,0,,
9532,0,,
9533,1,0,164.13111
9534,0,,
9535,1,1,163.917767
9536,1,1,172.088147
9537,0,,
9538,1,0,194.584894
9539,2,0,246.42632
9540,0,,
9541,1,1,208.530385
9542,1,0,167.973473
9543,1,0,333.64176
9544,1,1,172.67334
9545,0,,
9546,0,,
9547,1,0,130.366104
9548,0,,
9549,0,,
9550,1,0,143.45814
9551,0,,
9552,1,1,171.857233
9553,2,0,166.495127
9554,0,,
9555,0,,
9556,0,,
9557,0,,
9558,1,1,159.774558
9559,0,,
9560,0,,
9561,1,0,168.670882
9562,1,0,167.670727
9563,0,,
9564,1,0,161.277654
9565,1,1,175.573716
9566,0,,
9567,1,1,180.297074
9568,0,,
9569,0,,
9570,0,,
9571,0,,
9572,0,,
9573,0,,
9574,0,,
9575,0,,
9576,0,,
9577,0,,
9578,1,1,173.828781
9579,0,,
9580,0,,
9581,0,,
9582,0,,
9583,0,,
9584,0,,
9585,1,0,147.018015
9586,1,1,176.417356
9587,0,,
9588,0,,
9589,0,,
9590,0,,
9591,1,1,169.184659
9592,2,1,149.23156
9593,1,0,168.436866
9594,0,,
9595,0,,
9596,0,,
9597,2,1,181.220115
9598,0,,
9599,1,0,174.085335
9600,0,,
9601,0,,
9602,0,,
9603,1,0,243.638623
9604,0,,
9605,0,,
9606,0,,
9607,1,0,164.683103
9608,0,,
9609,0,,
9610,0,,
9611,0,,
9612,0,,
9613,0,,
9614,1,1,148.909264
9615,1,1,177.959311
9616,1,1,160.493269
9617,1,0,149.124942
9618,0,,
9619,0,,
9620,0,,
9621,0,,
9622,2,0,173.092645
9623,0,,
9624,0,,
9625,1,1,139.046734
9626,0,,
9627,1,0,175.304488
9628,0,,
9629,1,1,188.279643
9630,2,1,242.15238
9631,2,1,158.462593
9632,0,,
9633,0,,
9634,1,1,160.475388
9635,0,,
9636,0,,
9637,0,,
9638,0,,
9639,1,1,179.002869
9640,0,,
9641,0,,
9642,0,,
9643,1,0,169.911668
9644,1,1,222.001875
9645,1,0,124.564037
9646,0,,
9647,0,,
9648,1,0,175.45161
9649,1,1,178.278921
9650,0,,
9651,0,,
9652,0,,
9653,1,1,215.032171
9654,0,,
9655,0,,
9656,1,0,143.38321
9657,0,,
9658,1,1,182.306375
9659,0,,
9660,1,1,155.153492
9661,0,,
9662,0,,
9663,0,,
9664,0,,
9665,0,,
9666,0,,
9667,0,,
9668,0,,
9669,1,0,353.49646
9670,0,,
9671,0,,
9672,2,0,154.21027
9673,1,1,121.699729
9674,0,,
9675,1,1,164.396558
9676,1,1,158.539692
9677,0,,
9678,0,,
9679,0,,
9680,0,,
9681,1,1,168.74336
9682,1,0,169.324431
9683,1,0,138.659471
9684,0,,
9685,0,,
9686,0,,
9687,0,,
9688,0,,
9689,0,,
9690,0,,
9691,2,0,182.821344
9692,0,,
9693,0,,
9694,1,1,169.132889
9695,1,0,264.205067
9696,0,,
9697,0,,
9698,1,0,173.418191
9699,0,,
9700,1,0,165.260255
9701,0,,
9702,1,0,181.003175
9703,1,0,209.573672
9704,0,,
9705,1,0,241.767659
9706,0,,
9707,1,1,178.013762
9708,0,,
9709,2,1,163.266752
9710,0,,
9711,0,,
9712,1,0,172.231523
9713,1,1,186.875249
9714,1,1,168.959816
9715,0,,
9716,0,,
9717,1,1,160.396475
9718,0,,
9719,0,,
9720,2,1,163.597183
9721,0,,
9722,0,,
9723,0,,
9724,1,0,212.738888
9725,0,,
9726,0,,
9727,0,,
9728,2,0,166.871711
9729,1,1,289.01565
9730,0,,
9731,1,0,180.813573
9732,0,,
9733,1,0,161.158709
9734,0,,
9735,0,,
9736,1,0,154.397651
9737,0,,
9738,0,,
9739,0,,
9740,2,1,150.007487
9741,1,1,179.470318
9742,0,,
9743,2,1,171.260176
9744,2,0,165.521777
9745,0,,
9746,0,,
9747,1,0,328.551204
9748,0,,
9749,0,,
9750,1,0,162.080575
9751,0,,
9752,0,,
9753,0,,
9754,1,0,148.029207
9755,0,,
9756,0,,
9757,1,1,207.453344
9758,2,0,175.900413
9759,0,,
9760,0,,
9761,0,,
9762,0,,
9763,0,,
9764,0,,
9765,0,,
9766,0,,
9767,0,,
9768,0,,
9769,0,,
9770,0,,
9771,2,1,155.511591
9772,0,,
9773,0,,
9774,0,,
9775,1,1,166.706505
9776,1,1,168.947842
9777,2,0,168.710136
9778,0,,
9779,0,,
9780,1,0,171.866756
9781,1,0,175.023894
9782,0,,
9783,0,,
9784,0,,
9785,1,1,172.008967
9786,0,,
9787,1,0,167.572895
9788,0,,
9789,0,,
9790,0,,
9791,1,1,165.679719
9792,0,,
9793,0,,
9794,2,1,172.758145
9795,0,,
9796,0,,
9797,0,,
9798,1,0,182.463013
9799,0,,
9800,0,,
9801,1,0,167.181091
9802,1,1,161.481984
9803,0,,
9804,1,1,149.025851
9805,0,,
9806,1,0,262.367935
9807,0,,
9808,1,1,198.8493
9809,0,,
9810,0,,
9811,0,,
9812,1,0,229.366227
9813,0,,
9814,1,1,167.498079
9815,0,,
9816,0,,
9817,2,0,173.123544
9818,0,,
9819,0,,
9820,0,,
9821,1,0,152.209534
9822,0,,
9823,1,0,188.305996
9824,0,,
9825,1,1,130.952535
9826,2,0,164.433133
9827,0,,
9828,0,,
9829,0,,
9830,1,0,167.965892
9831,2,1,172.228967
9832,1,0,160.776691
9833,0,,
9834,2,1,157.905087
9835,0,,
9836,0,,
9837,0,,
9838,1,1,161.521986
9839,0,,
9840,0,,
9841,1,1,154.389322
9842,0,,
9843,0,,
9844,0,,
9845,1,1,155.215775
9846,0,,
9847,0,,
9848,1,0,193.412971
9849,1,0,167.915872
9850,0,,
9851,1,0,319.235327
9852,0,,
9853,0,,
9854,1,1,164.936984
9855,2,1,173.114341
9856,0,,
9857,0,,
9858,1,0,160.564837
9859,0,,
9860,0,,
9861,1,1,178.114386
9862,0,,
9863,0,,
9864,0,,
9865,0,,
9866,1,1,137.351458
9867,0,,
9868,0,,
9869,1,0,177.437967
9870,0,,
9871,1,1,161.695619
9872,1,1,148.59298
9873,0,,
9874,1,0,173.994569
9875,0,,
9876,0,,
9877,1,0,169.46193
9878,0,,
9879,0,,
9880,1,0,166.580006
9881,1,1,160.545056
9882,0,,
9883,1,1,167.957816
9884,1,1,177.042631
9885,1,1,135.073848
9886,1,1,170.487529
9887,1,0,168.449993
9888,2,1,130.703584
9889,1,0,318.180303
9890,0,,
9891,1,0,163.794659
9892,0,,
9893,0,,
9894,0,,
9895,0,,
9896,0,,
9897,1,0,153.351156
9898,1,1,161.172098
9899,0,,
9900,2,1,162.237114
9901,1,1,149.236675
9902,2,0,148.661739
9903,0,,
9904,1,1,174.40156
9905,0,,
9906,0,,
9907,0,,
9908,0,,
9909,1,0,166.370602
9910,0,,
9911,0,,
9912,0,,
9913,0,,
9914,0,,
9915,0,,
9916,1,0,130.494271
9917,0,,
9918,0,,
9919,0,,
9920,0,,
9921,0,,
9922,2,1,180.483097
9923,0,,
9924,1,0,151.200857
9925,1,1,805.075026
9926,1,1,152.272543
9927,0,,
9928,0,,
9929,1,1,146.553976
9930,0,,
9931,0,,
9932,1,1,189.1297
9933,0,,
9934,1,0,219.544536
9935,0,,
9936,0,,
9937,1,0,151.477383
9938,1,0,175.425165
9939,0,,
9940,0,,
9941,1,1,160.448322
9942,1,1,290.557159
9943,0,,
9944,1,0,150.346585
9945,0,,
9946,0,,
9947,1,1,163.511528
9948,2,0,161.932548
9949,1,1,147.686552
9950,0,,
9951,0,,
9952,1,1,140.758127
9953,0,,
9954,0,,
9955,0,,
9956,1,1,166.336362
9957,1,1,173.500732
9958,0,,
9959,0,,
9960,0,,
9961,1,0,199.011506
9962,1,1,170.852959
9963,1,1,163.617036
9964,0,,
9965,0,,
9966,1,1,217.784314
9967,0,,
9968,0,,
9969,0,,
9970,1,0,176.797484
9971,1,1,189.308605
9972,0,,
9973,1,1,163.940688
9974,1,1,159.60399
9975,2,0,167.784667
9976,1,0,162.161794
9977,0,,
9978,1,0,171.927244
9979,1,1,162.905254
9980,1,0,166.537552
9981,0,,
9982,1,0,167.176513
9983,0,,
9984,0,,
9985,1,0,152.918849
9986,0,,
9987,0,,
9988,0,,
9989,1,1,157.167786
9990,1,1,203.585735
9991,0,,
9992,1,1,162.252793
9993,0,,
9994,0,,
9995,1,1,166.37854
9996,0,,
9997,0,,
9998,1,1,174.966225
9999,0,,
